donem,tuketim_m3,tutar,son_odeme_tarihi,odendi_mi
2025-03-01,5.06,197.35,2025-03-28,True
2025-04-01,16.88,1462.35,2025-04-28,False
2025-05-01,19.79,1234.9,2025-05-28,True
2025-06-01,34.49,2152.18,2025-06-28,True
2025-07-01,33.85,2772.31,2025-07-28,False
2025-08-01,33.22,2072.93,2025-08-28,True
2025-09-01,12.83,640.48,2025-09-28,True
2025-10-01,7.89,486.75,2025-10-28,False
2025-11-01,5.04,237.84,2025-11-28,False
2025-12-01,10.17,601.6,2025-12-28,False
2026-01-01,8.78,438.3,2026-01-28,True
2026-02-01,8.57,484.85,2026-02-28,False
2026-03-01,15.2,948.48,2026-03-28,True
2026-04-01,14.76,736.82,2026-04-28,True
2026-05-01,8.08,403.36,2026-05-28,True
2026-06-01,38.26,2387.42,2026-06-28,True
2026-07-01,33.55,2093.52,2026-07-28,True
2026-08-01,20.42,1274.21,2026-08-28,True
2026-09-01,18.59,1160.02,2026-09-28,True
2026-10-01,21.18,1321.63,2026-10-28,True
2026-11-01,15.99,997.78,2026-11-28,True
2026-12-01,29.19,1821.46,2026-12-28,True
2027-01-01,13.15,656.45,2027-01-28,True
2027-02-01,8.45,421.82,2027-02-28,True
2025-03-01,19.57,1221.17,2025-03-21,True
2025-04-01,19.97,1246.13,2025-04-21,True
2025-05-01,17.33,1081.39,2025-05-21,True
2025-06-01,196.69,12273.46,2025-06-21,True
2025-07-01,21.77,1358.45,2025-07-21,True
2025-08-01,12.67,632.48,2025-08-21,True
2025-09-01,11.52,728.43,2025-09-21,False
2025-10-01,16.12,1248.98,2025-10-21,False
2025-11-01,6.69,333.96,2025-11-21,True
2025-12-01,5.41,210.98,2025-12-21,True
2026-01-01,87.99,5490.58,2026-01-21,True
2026-02-01,4.63,180.58,2026-02-21,True
2026-03-01,22.8,1587.52,2026-03-21,False
2026-04-01,23.59,1472.02,2026-04-21,True
2026-05-01,14.14,705.86,2026-05-21,True
2026-06-01,33.13,2067.31,2026-06-21,True
2026-07-01,30.12,1906.12,2026-07-21,False
2026-08-01,17.61,1098.86,2026-08-21,True
2026-09-01,17.28,1078.27,2026-09-21,True
2026-10-01,18.91,1179.98,2026-10-21,True
2026-11-01,12.05,601.54,2026-11-21,False
2026-12-01,12.83,640.48,2026-12-21,True
2027-01-01,9.9,494.21,2027-01-21,True
2027-02-01,6.45,321.98,2027-02-21,True
2022-06-01,12.35,616.51,2022-07-09,True
2022-07-01,8.84,441.29,2022-08-08,True
2022-08-01,11.7,584.06,2022-09-08,True
2022-09-01,17.22,1074.53,2022-10-09,True
2022-10-01,5.39,210.22,2022-11-08,True
2022-11-01,14.17,707.36,2022-12-09,True
2022-12-01,18.19,1135.06,2023-01-08,True
2023-01-01,7.31,364.92,2023-02-08,True
2023-02-01,14.91,744.31,2023-03-11,True
2023-03-01,22.92,1430.21,2023-04-08,True
2023-04-01,18.61,1161.26,2023-05-09,True
2023-05-01,11.79,588.55,2023-06-08,True
2023-06-01,11.5,1112.28,2023-07-09,False
2023-07-01,23.68,2825.97,2023-08-08,False
2023-08-01,17.15,1070.16,2023-09-08,True
2023-09-01,9.17,457.76,2023-10-09,True
2023-10-01,20.38,2334.65,2023-11-08,False
2023-11-01,21.06,2378.59,2023-12-09,False
2023-12-01,13.11,654.46,2024-01-08,True
2024-01-01,16.42,1024.61,2024-02-08,True
2024-02-01,20.09,1253.62,2024-03-10,True
2024-03-01,23.57,1470.77,2024-04-08,True
2024-04-01,12.8,638.98,2024-05-09,True
2024-05-01,12.09,1000.85,2024-06-08,False
2024-10-01,22.73,1418.35,2024-11-14,True
2024-11-01,7.61,379.9,2024-12-15,True
2024-12-01,7.34,366.41,2025-01-14,True
2025-01-01,11.57,577.57,2025-02-14,True
2025-02-01,12.09,603.53,2025-03-17,True
2025-03-01,13.12,654.95,2025-04-14,True
2025-04-01,19.94,1244.26,2025-05-15,True
2025-05-01,12.79,861.4,2025-06-14,False
2025-06-01,29.73,1855.15,2025-07-15,True
2025-07-01,27.05,1687.92,2025-08-14,True
2025-08-01,31.82,2526.64,2025-09-14,False
2025-09-01,18.67,1165.01,2025-10-15,True
2025-10-01,17.79,1110.1,2025-11-14,True
2025-11-01,19.09,1191.22,2025-12-15,True
2025-12-01,17.64,1288.78,2026-01-14,False
2026-01-01,14.26,815.08,2026-02-14,False
2026-02-01,7.97,445.27,2026-03-17,False
2026-03-01,20.84,1425.04,2026-04-14,False
2026-04-01,22.7,1515.63,2026-05-15,False
2026-05-01,18.06,1177.65,2026-06-14,False
2026-06-01,30.4,1896.96,2026-07-15,True
2026-07-01,21.15,1319.76,2026-08-14,False
2026-08-01,24.61,1535.66,2026-09-14,False
2026-09-01,20.18,1259.23,2026-10-15,False
2022-04-01,12.98,647.96,2022-04-30,True
2022-05-01,11.55,576.58,2022-05-30,True
2022-06-01,25.05,1563.12,2022-06-30,True
2022-07-01,29.96,1869.5,2022-07-30,True
2022-08-01,16.36,1020.86,2022-08-30,True
2022-09-01,23.06,3126.1,2022-09-30,False
2022-10-01,22.88,3066.01,2022-10-30,False
2022-11-01,7.18,358.43,2022-11-30,True
2022-12-01,4.41,171.98,2022-12-30,True
2023-01-01,12.26,612.02,2023-01-30,True
2023-02-01,9.07,925.91,2023-03-02,False
2023-03-01,6.41,319.99,2023-03-30,True
2023-04-01,21.08,2625.3,2023-04-30,False
2023-05-01,9.63,480.73,2023-05-30,True
2023-06-01,29.01,1810.22,2023-06-30,True
2023-07-01,33.73,4041.12,2023-07-30,False
2023-08-01,21.17,1321.01,2023-08-30,True
2023-09-01,17.85,2081.02,2023-09-30,False
2023-10-01,5.53,397.53,2023-10-30,False
2023-11-01,9.64,481.22,2023-11-30,True
2023-12-01,18.15,1132.56,2023-12-30,True
2024-01-01,9.99,881.04,2024-01-30,False
2024-02-01,5.16,350.33,2024-03-01,False
2024-03-01,6.65,569.88,2024-03-30,False
2023-11-01,12.46,622.01,2023-12-03,True
2023-12-01,15.37,1716.77,2024-01-02,False
2024-01-01,18.27,1140.05,2024-02-02,True
2024-02-01,4.11,160.3,2024-03-04,True
2024-03-01,21.32,2280.48,2024-04-02,False
2024-04-01,11.39,959.95,2024-05-03,False
2024-05-01,24.9,1553.76,2024-06-02,True
2024-06-01,160.32,16381.5,2024-07-03,False
2024-07-01,10.27,512.68,2024-08-02,True
2024-08-01,18.86,1176.86,2024-09-02,True
2024-09-01,9.76,487.22,2024-10-03,True
2024-10-01,10.03,500.7,2024-11-02,True
2024-11-01,7.67,578.15,2024-12-03,False
2024-12-01,7.27,362.92,2025-01-02,True
2025-01-01,11.62,580.07,2025-02-02,True
2025-02-01,20.08,1252.99,2025-03-05,True
2025-03-01,6.79,477.92,2025-04-02,False
2025-04-01,9.28,463.26,2025-05-03,True
2025-05-01,12.76,865.76,2025-06-02,False
2025-06-01,14.14,941.15,2025-07-03,False
2025-07-01,20.58,1680.15,2025-08-02,False
2025-08-01,25.39,1584.34,2025-09-02,True
2025-09-01,23.14,1814.55,2025-10-03,False
2025-10-01,12.03,600.54,2025-11-02,True
2026-05-01,10.57,527.65,2026-05-22,True
2026-06-01,16.8,1048.32,2026-06-22,True
2026-07-01,29.64,1849.54,2026-07-22,True
2026-08-01,23.72,1480.13,2026-08-22,True
2026-09-01,23.33,1455.79,2026-09-22,True
2026-10-01,20.54,1281.7,2026-10-22,True
2026-11-01,24.61,1535.66,2026-11-22,False
2026-12-01,17.34,1082.02,2026-12-22,True
2027-01-01,6.55,326.98,2027-01-22,False
2027-02-01,18.49,1153.78,2027-02-22,True
2027-03-01,8.04,401.35,2027-03-22,True
2027-04-01,18.11,1130.06,2027-04-22,True
2027-05-01,14.48,722.84,2027-05-22,True
2027-06-01,7.15,356.93,2027-06-22,True
2027-07-01,37.08,2313.79,2027-07-22,True
2027-08-01,10.52,525.16,2027-08-22,False
2027-09-01,17.64,1100.74,2027-09-22,True
2027-10-01,21.42,1336.61,2027-10-22,True
2027-11-01,19.92,1243.01,2027-11-22,True
2027-12-01,8.07,402.85,2027-12-22,True
2028-01-01,16.2,1010.88,2028-01-22,True
2028-02-01,16.02,999.65,2028-02-22,True
2028-03-01,7.74,386.38,2028-03-22,False
2028-04-01,11.11,554.62,2028-04-22,True
2026-06-01,17.72,1105.73,2026-06-23,True
2026-07-01,30.39,1896.34,2026-07-23,True
2026-08-01,33.42,2085.41,2026-08-23,True
2026-09-01,21.38,1334.11,2026-09-23,True
2026-10-01,21.63,1349.71,2026-10-23,True
2026-11-01,13.58,677.92,2026-11-23,True
2026-12-01,7.75,386.88,2026-12-23,False
2027-01-01,14.71,734.33,2027-01-23,False
2027-02-01,10.18,508.19,2027-02-23,True
2027-03-01,18.91,1179.98,2027-03-23,True
2027-04-01,18.15,1132.56,2027-04-23,True
2027-05-01,7.85,391.87,2027-05-23,True
2027-06-01,23.9,1491.36,2027-06-23,True
2027-07-01,13.13,655.45,2027-07-23,True
2027-08-01,20.85,1301.04,2027-08-23,True
2027-09-01,23.91,1491.98,2027-09-23,True
2027-10-01,23.53,1468.27,2027-10-23,True
2027-11-01,14.75,736.32,2027-11-23,True
2027-12-01,9.63,480.73,2027-12-23,True
2028-01-01,16.78,1047.07,2028-01-23,True
2028-02-01,6.99,348.94,2028-02-23,True
2028-03-01,16.26,1014.62,2028-03-23,True
2028-04-01,7.28,363.42,2028-04-23,True
2028-05-01,24.41,1523.18,2028-05-23,True
2026-03-01,9.28,463.26,2026-03-27,True
2026-04-01,23.23,1449.55,2026-04-27,True
2026-05-01,7.2,380.99,2026-05-27,False
2026-06-01,20.53,1281.07,2026-06-27,True
2026-07-01,26.55,1671.91,2026-07-27,False
2026-08-01,33.95,2118.48,2026-08-27,True
2026-09-01,24.3,1516.32,2026-09-27,True
2026-10-01,12.86,641.98,2026-10-27,False
2026-11-01,22.54,1406.5,2026-11-27,False
2026-12-01,8.61,429.82,2026-12-27,False
2027-01-01,5.47,213.34,2027-01-27,True
2027-02-01,7.12,355.43,2027-02-27,True
2027-03-01,5.29,206.3,2027-03-27,False
2027-04-01,12.26,612.02,2027-04-27,True
2027-05-01,12.73,635.48,2027-05-27,True
2027-06-01,23.03,1437.07,2027-06-27,True
2027-07-01,24.17,1508.21,2027-07-27,False
2027-08-01,17.63,1100.11,2027-08-27,True
2027-09-01,15.78,984.67,2027-09-27,True
2027-10-01,16.12,1005.89,2027-10-27,True
2027-11-01,20.68,1290.43,2027-11-27,False
2027-12-01,16.12,1005.89,2027-12-27,True
2028-01-01,18.39,1147.54,2028-01-27,True
2028-02-01,13.0,648.96,2028-02-27,True
2021-12-01,13.28,662.94,2022-01-19,True
2022-01-01,15.25,951.6,2022-02-19,True
2022-02-01,11.84,591.05,2022-03-20,True
2022-03-01,10.32,1189.61,2022-04-19,False
2022-04-01,21.24,1325.38,2022-05-20,True
2022-05-01,18.0,2536.56,2022-06-19,False
2022-06-01,9.42,470.24,2022-07-20,True
2022-07-01,19.4,1210.56,2022-08-19,True
2022-08-01,34.37,2144.69,2022-09-19,True
2022-09-01,21.23,1324.75,2022-10-20,True
2022-10-01,18.19,2418.62,2022-11-19,False
2022-11-01,19.84,1238.02,2022-12-20,True
2022-12-01,8.2,851.43,2023-01-19,False
2023-01-01,49.58,6355.16,2023-02-19,False
2023-02-01,18.94,1181.86,2023-03-20,True
2023-03-01,16.79,1047.7,2023-04-19,True
2023-04-01,20.97,2589.8,2023-05-20,False
2023-05-01,50.21,6122.6,2023-06-19,False
2023-06-01,22.2,1385.28,2023-07-20,True
2023-07-01,15.75,982.8,2023-08-19,True
2023-08-01,14.84,740.81,2023-09-19,True
2023-09-01,10.17,507.68,2023-10-20,True
2023-10-01,14.47,1319.47,2023-11-19,False
2023-11-01,21.58,1346.59,2023-12-20,True
2023-09-01,14.47,1339.94,2023-10-16,False
2023-10-01,20.42,1274.21,2023-11-15,True
2023-11-01,21.25,1326.0,2023-12-16,True
2023-12-01,13.2,658.94,2024-01-15,True
2024-01-01,8.38,418.33,2024-02-15,True
2024-02-01,9.6,827.87,2024-03-17,False
2024-03-01,11.08,553.12,2024-04-15,True
2024-04-01,9.19,769.57,2024-05-16,False
2024-05-01,9.34,466.25,2024-06-15,True
2024-06-01,13.58,1102.75,2024-07-16,False
2024-07-01,33.65,2099.76,2024-08-15,True
2024-08-01,27.49,1715.38,2024-09-15,True
2024-09-01,137.57,8584.37,2024-10-16,True
2024-10-01,26.03,2477.01,2024-11-15,False
2024-11-01,12.27,612.52,2024-12-16,True
2024-12-01,12.45,621.5,2025-01-15,True
2025-01-01,16.27,1015.25,2025-02-15,True
2025-02-01,14.52,724.84,2025-03-18,True
2025-03-01,14.69,733.32,2025-04-15,True
2025-04-01,12.89,643.46,2025-05-16,True
2025-05-01,13.69,921.45,2025-06-15,False
2025-06-01,14.74,973.12,2025-07-16,False
2025-07-01,16.75,1045.2,2025-08-15,True
2025-08-01,30.16,1881.98,2025-09-15,True
2025-06-01,33.91,2115.98,2025-07-05,True
2025-07-01,19.22,1199.33,2025-08-04,True
2025-08-01,17.47,1090.13,2025-09-04,True
2025-09-01,18.02,1124.45,2025-10-05,True
2025-10-01,22.52,1405.25,2025-11-04,True
2025-11-01,17.37,1083.89,2025-12-05,True
2025-12-01,17.8,1110.72,2026-01-04,True
2026-01-01,4.07,158.74,2026-02-04,True
2026-02-01,18.89,1178.74,2026-03-07,True
2026-03-01,11.57,577.57,2026-04-04,True
2026-04-01,21.22,1427.85,2026-05-05,False
2026-05-01,8.12,405.35,2026-06-04,True
2026-06-01,28.94,1805.86,2026-07-05,True
2026-07-01,14.36,716.86,2026-08-04,True
2026-08-01,29.75,1856.4,2026-09-04,True
2026-09-01,12.65,631.49,2026-10-05,False
2026-10-01,17.32,1080.77,2026-11-04,True
2026-11-01,24.41,1523.18,2026-12-05,True
2026-12-01,13.0,648.96,2027-01-04,False
2027-01-01,5.4,210.6,2027-02-04,True
2027-02-01,21.08,1315.39,2027-03-07,True
2027-03-01,23.88,1490.11,2027-04-04,True
2027-04-01,14.22,709.86,2027-05-05,True
2027-05-01,11.84,591.05,2027-06-04,True
2022-11-01,17.27,1077.65,2022-12-13,True
2022-12-01,18.31,1142.54,2023-01-12,True
2023-01-01,12.18,608.03,2023-02-12,True
2023-02-01,16.01,999.02,2023-03-15,True
2023-03-01,10.65,1069.06,2023-04-12,False
2023-04-01,9.3,464.26,2023-05-13,True
2023-05-01,24.23,2963.42,2023-06-12,False
2023-06-01,29.75,1856.4,2023-07-13,True
2023-07-01,10.51,524.66,2023-08-12,True
2023-08-01,33.49,2089.78,2023-09-12,True
2023-09-01,20.08,2327.43,2023-10-13,False
2023-10-01,15.16,945.98,2023-11-12,True
2023-11-01,13.2,1190.48,2023-12-13,False
2023-12-01,12.54,625.99,2024-01-12,True
2024-01-01,11.61,579.58,2024-02-12,True
2024-02-01,12.92,1115.78,2024-03-14,False
2024-03-01,21.61,2300.25,2024-04-12,False
2024-04-01,18.33,1143.79,2024-05-13,True
2024-05-01,14.4,718.85,2024-06-12,True
2024-06-01,15.88,990.91,2024-07-13,True
2024-07-01,7.59,378.89,2024-08-12,True
2024-08-01,10.71,534.65,2024-09-12,True
2024-09-01,19.2,1198.08,2024-10-13,True
2024-10-01,11.71,584.57,2024-11-12,True
2024-09-01,21.61,1348.46,2024-09-26,True
2024-10-01,23.0,1435.2,2024-10-26,True
2024-11-01,20.2,1260.48,2024-11-26,True
2024-12-01,6.74,336.46,2024-12-26,True
2025-01-01,13.19,964.61,2025-01-26,False
2025-02-01,14.24,1023.05,2025-02-26,False
2025-03-01,15.49,966.58,2025-03-26,True
2025-04-01,6.18,308.51,2025-04-26,True
2025-05-01,14.36,716.86,2025-05-26,True
2025-06-01,20.72,1731.45,2025-06-26,False
2025-07-01,31.87,2613.47,2025-07-26,False
2025-08-01,14.23,710.36,2025-08-26,True
2025-09-01,18.17,1133.81,2025-09-26,True
2025-10-01,14.31,884.02,2025-10-26,False
2025-11-01,13.11,654.46,2025-11-26,True
2025-12-01,5.61,218.78,2025-12-26,True
2026-01-01,8.04,465.9,2026-01-26,False
2026-02-01,7.59,378.89,2026-02-26,True
2026-03-01,12.02,667.04,2026-03-26,False
2026-04-01,19.44,1213.06,2026-04-26,True
2026-05-01,10.93,545.63,2026-05-26,True
2026-06-01,26.17,1633.01,2026-06-26,True
2026-07-01,12.99,648.46,2026-07-26,True
2026-08-01,31.97,1994.93,2026-08-26,True
2022-09-01,15.49,2101.51,2022-09-28,False
2022-10-01,11.02,550.12,2022-10-28,True
2022-11-01,20.09,1253.62,2022-11-28,True
2022-12-01,9.62,1007.68,2022-12-28,False
2023-01-01,13.01,649.46,2023-01-28,True
2023-02-01,19.9,2541.47,2023-02-28,False
2023-03-01,18.27,1140.05,2023-03-28,True
2023-04-01,10.22,510.18,2023-04-28,True
2023-05-01,12.89,643.46,2023-05-28,True
2023-06-01,8.72,435.3,2023-06-28,True
2023-07-01,20.95,2512.16,2023-07-28,False
2023-08-01,16.63,1037.71,2023-08-28,True
2023-09-01,12.95,646.46,2023-09-28,True
2023-10-01,5.46,212.94,2023-10-28,True
2023-11-01,9.57,477.73,2023-11-28,True
2023-12-01,13.08,652.96,2023-12-28,True
2024-01-01,13.21,1166.13,2024-01-28,False
2024-02-01,12.55,626.5,2024-02-28,True
2024-03-01,21.63,2319.25,2024-03-28,False
2024-04-01,15.01,936.62,2024-04-28,True
2024-05-01,15.02,937.25,2024-05-28,True
2024-06-01,30.79,3154.13,2024-06-28,False
2024-07-01,18.25,1138.8,2024-07-28,True
2024-08-01,9.97,791.76,2024-08-28,False
2024-03-01,19.88,2107.83,2024-04-20,False
2024-04-01,10.78,538.14,2024-05-20,True
2024-05-01,7.26,362.42,2024-06-20,True
2024-06-01,32.16,2006.78,2024-07-20,True
2024-07-01,9.69,483.72,2024-08-20,True
2024-08-01,25.26,1576.22,2024-09-20,True
2024-09-01,18.15,1132.56,2024-10-20,True
2024-10-01,57.39,5446.32,2024-11-20,False
2024-11-01,19.73,1231.15,2024-12-20,True
2024-12-01,11.89,872.5,2025-01-20,False
2025-01-01,17.45,1572.52,2025-02-20,False
2025-02-01,14.86,741.82,2025-03-20,True
2025-03-01,16.52,1030.85,2025-04-20,True
2025-04-01,6.44,321.48,2025-05-20,True
2025-05-01,6.92,345.44,2025-06-20,True
2025-06-01,13.27,662.44,2025-07-20,True
2025-07-01,35.15,2193.36,2025-08-20,True
2025-08-01,30.48,1901.95,2025-09-20,True
2025-09-01,19.51,1217.42,2025-10-20,True
2025-10-01,7.57,377.89,2025-11-20,True
2025-11-01,15.83,987.79,2025-12-20,True
2025-12-01,15.07,940.37,2026-01-20,True
2026-01-01,14.39,718.34,2026-02-20,True
2026-02-01,10.95,546.62,2026-03-20,True
2021-10-01,10.13,505.69,2021-10-30,True
2021-11-01,16.99,2571.82,2021-11-30,False
2021-12-01,38.89,2426.74,2021-12-30,True
2022-01-01,7.52,375.4,2022-01-30,True
2022-02-01,15.99,997.78,2022-03-02,True
2022-03-01,9.27,462.76,2022-03-30,True
2022-04-01,25.62,3676.99,2022-04-30,False
2022-05-01,15.77,984.05,2022-05-30,True
2022-06-01,9.9,494.21,2022-06-30,True
2022-07-01,16.14,2240.05,2022-07-30,False
2022-08-01,14.07,702.37,2022-08-30,True
2022-09-01,16.1,1004.64,2022-09-30,True
2022-10-01,11.75,586.56,2022-10-30,True
2022-11-01,24.25,1513.2,2022-11-30,True
2022-12-01,5.72,223.08,2022-12-30,True
2023-01-01,16.43,1025.23,2023-01-30,True
2023-02-01,17.97,1121.33,2023-03-02,True
2023-03-01,14.91,744.31,2023-03-30,True
2023-04-01,21.68,1352.83,2023-04-30,True
2023-05-01,24.64,1537.54,2023-05-30,True
2023-06-01,8.86,442.3,2023-06-30,True
2023-07-01,22.79,2730.43,2023-07-30,False
2023-08-01,12.11,604.54,2023-08-30,True
2023-09-01,25.96,1619.9,2023-09-30,True
2024-05-01,14.57,1200.7,2024-06-17,False
2024-06-01,16.91,1714.67,2024-07-18,False
2024-07-01,22.01,1373.42,2024-08-17,True
2024-08-01,20.66,2029.38,2024-09-17,False
2024-09-01,14.32,714.85,2024-10-18,True
2024-10-01,16.99,1060.18,2024-11-17,True
2024-11-01,15.27,952.85,2024-12-18,True
2024-12-01,11.38,568.09,2025-01-17,True
2025-01-01,5.68,320.47,2025-02-17,False
2025-02-01,6.77,337.96,2025-03-20,True
2025-03-01,19.89,1241.14,2025-04-17,True
2025-04-01,22.94,1431.46,2025-05-18,True
2025-05-01,15.03,937.87,2025-06-17,True
2025-06-01,25.19,1571.86,2025-07-18,True
2025-07-01,10.22,510.18,2025-08-17,True
2025-08-01,23.42,1461.41,2025-09-17,True
2025-09-01,10.77,537.64,2025-10-18,True
2025-10-01,11.33,565.6,2025-11-17,True
2025-11-01,19.44,1447.58,2025-12-18,False
2025-12-01,16.2,1010.88,2026-01-17,True
2026-01-01,20.85,1301.04,2026-02-17,True
2026-02-01,11.04,615.41,2026-03-20,False
2026-03-01,9.69,483.72,2026-04-17,True
2026-04-01,18.75,1170.0,2026-05-18,True
2023-08-01,9.49,889.45,2023-09-19,False
2023-09-01,23.35,1457.04,2023-10-20,True
2023-10-01,11.75,586.56,2023-11-19,True
2023-11-01,25.24,1574.98,2023-12-20,True
2023-12-01,18.39,1147.54,2024-01-19,True
2024-01-01,5.0,195.0,2024-02-19,True
2024-02-01,13.66,1176.29,2024-03-20,False
2024-03-01,23.35,1457.04,2024-04-19,True
2024-04-01,18.95,1979.67,2024-05-20,False
2024-05-01,12.05,601.54,2024-06-19,True
2024-06-01,33.98,3442.03,2024-07-20,False
2024-07-01,14.38,717.85,2024-08-19,True
2024-08-01,39.28,2451.07,2024-09-19,True
2024-09-01,9.52,475.24,2024-10-20,True
2024-10-01,8.21,409.85,2024-11-19,True
2024-11-01,20.06,1872.39,2024-12-20,False
2024-12-01,10.87,542.63,2025-01-19,True
2025-01-01,9.24,461.26,2025-02-19,True
2025-02-01,6.34,316.49,2025-03-20,True
2025-03-01,18.31,1594.8,2025-04-19,False
2025-04-01,20.36,1270.46,2025-05-20,True
2025-05-01,14.78,737.82,2025-06-19,True
2025-06-01,26.63,1661.71,2025-07-20,True
2025-07-01,9.28,463.26,2025-08-19,True
2022-01-01,62.85,3921.84,2022-02-10,True
2022-02-01,21.82,1361.57,2022-03-13,True
2022-03-01,21.37,3089.25,2022-04-10,False
2022-04-01,19.23,2748.89,2022-05-11,False
2022-05-01,7.28,363.42,2022-06-10,True
2022-06-01,25.69,3590.85,2022-07-11,False
2022-07-01,75.06,4683.74,2022-08-10,True
2022-08-01,27.6,3770.27,2022-09-10,False
2022-09-01,15.06,939.74,2022-10-11,True
2022-10-01,13.02,1389.83,2022-11-10,False
2022-11-01,9.63,480.73,2022-12-11,True
2022-12-01,20.92,2725.04,2023-01-10,False
2023-01-01,13.65,681.41,2023-02-10,True
2023-02-01,7.61,379.9,2023-03-13,True
2023-03-01,18.26,2293.08,2023-04-10,False
2023-04-01,23.07,2859.95,2023-05-11,False
2023-05-01,18.42,1149.41,2023-06-10,True
2023-06-01,20.38,1271.71,2023-07-11,True
2023-07-01,23.47,1464.53,2023-08-10,True
2023-08-01,7.69,383.88,2023-09-10,True
2023-09-01,24.4,2830.69,2023-10-11,False
2023-10-01,17.29,1078.9,2023-11-10,True
2023-11-01,13.57,677.41,2023-12-11,True
2023-12-01,6.93,345.95,2024-01-10,True
2025-05-01,10.45,701.63,2025-06-19,False
2025-06-01,35.23,2899.99,2025-07-20,False
2025-07-01,21.32,1330.37,2025-08-19,True
2025-08-01,20.33,1268.59,2025-09-19,True
2025-09-01,23.62,1473.89,2025-10-20,True
2025-10-01,10.94,546.12,2025-11-19,True
2025-11-01,24.87,1551.89,2025-12-20,True
2025-12-01,5.2,202.8,2026-01-19,True
2026-01-01,14.09,802.43,2026-02-19,False
2026-02-01,5.74,223.87,2026-03-20,True
2026-03-01,7.08,353.44,2026-04-19,True
2026-04-01,25.53,1593.07,2026-05-20,True
2026-05-01,15.31,955.34,2026-06-19,True
2026-06-01,18.27,1140.05,2026-07-20,True
2026-07-01,11.07,552.61,2026-08-19,True
2026-08-01,8.39,418.82,2026-09-19,True
2026-09-01,24.06,1501.34,2026-10-20,True
2026-10-01,133.1,8305.44,2026-11-19,True
2026-11-01,5.37,209.42,2026-12-20,True
2026-12-01,17.38,1084.51,2027-01-19,True
2027-01-01,7.77,387.88,2027-02-19,True
2027-02-01,64.09,3999.22,2027-03-20,True
2027-03-01,11.03,550.62,2027-04-19,False
2027-04-01,8.95,446.78,2027-05-20,True
2026-03-01,7.55,417.1,2026-04-01,False
2026-04-01,17.06,1064.54,2026-05-02,True
2026-05-01,7.89,393.86,2026-06-01,True
2026-06-01,16.01,999.02,2026-07-02,True
2026-07-01,24.15,1506.96,2026-08-01,True
2026-08-01,28.14,1755.94,2026-09-01,True
2026-09-01,20.34,1269.22,2026-10-02,False
2026-10-01,22.77,1420.85,2026-11-01,True
2026-11-01,6.43,320.99,2026-12-02,True
2026-12-01,16.99,1060.18,2027-01-01,True
2027-01-01,6.82,340.45,2027-02-01,True
2027-02-01,14.72,734.82,2027-03-04,True
2027-03-01,7.15,356.93,2027-04-01,True
2027-04-01,21.93,1368.43,2027-05-02,True
2027-05-01,21.71,1354.7,2027-06-01,True
2027-06-01,27.56,1719.74,2027-07-02,True
2027-07-01,22.67,1414.61,2027-08-01,True
2027-08-01,33.12,2066.69,2027-09-01,True
2027-09-01,10.58,528.16,2027-10-02,True
2027-10-01,15.29,954.1,2027-11-01,True
2027-11-01,9.53,475.74,2027-12-02,True
2027-12-01,4.55,177.46,2028-01-01,False
2028-01-01,7.66,382.39,2028-02-01,True
2028-02-01,7.2,359.42,2028-03-03,True
2024-10-01,19.67,1227.41,2024-11-15,True
2024-11-01,13.38,667.93,2024-12-16,True
2024-12-01,15.99,1470.89,2025-01-15,False
2025-01-01,18.66,1164.38,2025-02-15,True
2025-02-01,4.15,161.86,2025-03-18,True
2025-03-01,15.35,957.84,2025-04-15,True
2025-04-01,15.28,953.47,2025-05-16,True
2025-05-01,6.29,313.99,2025-06-15,True
2025-06-01,128.83,10631.56,2025-07-16,False
2025-07-01,18.32,1143.17,2025-08-15,True
2025-08-01,8.5,539.59,2025-09-15,False
2025-09-01,11.86,592.06,2025-10-16,True
2025-10-01,8.66,527.78,2025-11-15,False
2025-11-01,7.83,390.88,2025-12-16,True
2025-12-01,18.65,1163.76,2026-01-15,True
2026-01-01,5.9,230.11,2026-02-15,True
2026-02-01,16.42,1024.61,2026-03-18,True
2026-03-01,8.55,467.37,2026-04-15,False
2026-04-01,8.72,435.3,2026-05-16,True
2026-05-01,22.78,1421.47,2026-06-15,True
2026-06-01,17.05,1083.43,2026-07-16,False
2026-07-01,15.67,977.81,2026-08-15,True
2026-08-01,11.11,554.62,2026-09-15,True
2026-09-01,24.38,1521.31,2026-10-16,True
2023-06-01,29.76,1857.02,2023-07-03,True
2023-07-01,9.14,456.26,2023-08-02,True
2023-08-01,18.28,2157.77,2023-09-02,False
2023-09-01,113.85,7104.24,2023-10-03,True
2023-10-01,17.45,1088.88,2023-11-02,True
2023-11-01,11.05,551.62,2023-12-03,True
2023-12-01,13.9,693.89,2024-01-02,True
2024-01-01,6.5,572.44,2024-02-02,False
2024-02-01,5.7,386.43,2024-03-04,False
2024-03-01,11.37,972.94,2024-04-02,False
2024-04-01,16.08,1003.39,2024-05-03,True
2024-05-01,23.56,2445.33,2024-06-02,False
2024-06-01,8.77,437.8,2024-07-03,True
2024-07-01,16.8,1048.32,2024-08-02,True
2024-08-01,29.93,1867.63,2024-09-02,True
2024-09-01,19.12,1862.21,2024-10-03,False
2024-10-01,11.41,569.59,2024-11-02,True
2024-11-01,20.38,1271.71,2024-12-03,True
2024-12-01,16.51,1529.88,2025-01-02,False
2025-01-01,17.67,1102.61,2025-02-02,True
2025-02-01,9.29,463.75,2025-03-05,True
2025-03-01,15.74,982.18,2025-04-02,True
2025-04-01,22.66,1957.18,2025-05-03,False
2025-05-01,9.43,639.83,2025-06-02,False
2022-12-01,9.17,457.76,2022-12-28,True
2023-01-01,5.78,225.43,2023-01-28,True
2023-02-01,8.19,836.76,2023-02-28,False
2023-03-01,15.32,955.97,2023-03-28,True
2023-04-01,7.38,368.41,2023-04-28,True
2023-05-01,11.25,561.6,2023-05-28,True
2023-06-01,13.42,669.92,2023-06-28,True
2023-07-01,19.33,1206.19,2023-07-28,True
2023-08-01,26.99,1684.18,2023-08-28,True
2023-09-01,16.37,1021.49,2023-09-28,True
2023-10-01,8.89,818.77,2023-10-28,False
2023-11-01,20.69,2348.65,2023-11-28,False
2023-12-01,12.95,646.46,2023-12-28,True
2024-01-01,10.59,934.83,2024-01-28,False
2024-02-01,14.2,1235.19,2024-02-28,False
2024-03-01,21.38,1334.11,2024-03-28,True
2024-04-01,6.12,305.51,2024-04-28,True
2024-05-01,17.67,1102.61,2024-05-28,True
2024-06-01,30.18,3091.64,2024-06-28,False
2024-07-01,16.08,1622.15,2024-07-28,False
2024-08-01,14.25,711.36,2024-08-28,True
2024-09-01,21.97,1370.93,2024-09-28,True
2024-10-01,25.1,1566.24,2024-10-28,True
2024-11-01,25.73,1605.55,2024-11-28,True
2023-09-01,23.66,1476.38,2023-09-29,True
2023-10-01,118.0,7363.2,2023-10-29,True
2023-11-01,23.75,2694.77,2023-11-29,False
2023-12-01,4.42,172.38,2023-12-29,True
2024-01-01,14.74,735.82,2024-01-29,True
2024-02-01,10.17,507.68,2024-02-29,True
2024-03-01,8.04,401.35,2024-03-29,True
2024-04-01,12.36,617.02,2024-04-29,True
2024-05-01,107.58,6712.99,2024-05-29,True
2024-06-01,12.34,616.01,2024-06-29,True
2024-07-01,32.85,3312.2,2024-07-29,False
2024-08-01,32.9,2052.96,2024-08-29,True
2024-09-01,20.6,1285.44,2024-09-29,True
2024-10-01,14.28,1097.21,2024-10-29,False
2024-11-01,12.49,623.5,2024-11-29,True
2024-12-01,4.12,160.68,2024-12-29,True
2025-01-01,14.51,724.34,2025-01-29,True
2025-02-01,11.68,837.68,2025-03-01,False
2025-03-01,14.74,1039.96,2025-03-29,False
2025-04-01,23.31,1454.54,2025-04-29,True
2025-05-01,16.75,1424.09,2025-05-29,False
2025-06-01,15.41,961.58,2025-06-29,True
2025-07-01,23.63,1474.51,2025-07-29,True
2025-08-01,27.42,1711.01,2025-08-29,True
2023-05-01,17.29,1078.9,2023-05-22,True
2023-06-01,20.46,1276.7,2023-06-22,True
2023-07-01,34.04,4092.43,2023-07-22,False
2023-08-01,19.21,1198.7,2023-08-22,True
2023-09-01,8.8,823.69,2023-09-22,False
2023-10-01,11.83,590.56,2023-10-22,True
2023-11-01,18.23,2075.08,2023-11-22,False
2023-12-01,13.75,686.4,2023-12-22,True
2024-01-01,4.42,305.69,2024-01-22,False
2024-02-01,5.6,218.4,2024-02-22,True
2024-03-01,17.17,1071.41,2024-03-22,True
2024-04-01,20.63,2185.21,2024-04-22,False
2024-05-01,20.75,1294.8,2024-05-22,True
2024-06-01,13.06,1073.56,2024-06-22,False
2024-07-01,12.56,627.0,2024-07-22,True
2024-08-01,39.25,2449.2,2024-08-22,True
2024-09-01,23.06,1438.94,2024-09-22,True
2024-10-01,13.36,666.94,2024-10-22,True
2024-11-01,19.03,1803.96,2024-11-22,False
2024-12-01,15.52,968.45,2024-12-22,True
2025-01-01,15.2,948.48,2025-01-22,True
2025-02-01,11.55,831.72,2025-02-22,False
2025-03-01,23.1,1441.44,2025-03-22,True
2025-04-01,12.67,632.48,2025-04-22,True
2021-09-01,11.53,575.58,2021-09-23,True
2021-10-01,11.65,581.57,2021-10-23,True
2021-11-01,7.15,867.93,2021-11-23,False
2021-12-01,17.99,2701.68,2021-12-23,False
2022-01-01,7.88,393.37,2022-01-23,True
2022-02-01,8.26,412.34,2022-02-23,True
2022-03-01,18.25,1138.8,2022-03-23,True
2022-04-01,20.98,1309.15,2022-04-23,True
2022-05-01,75.0,10674.3,2022-05-23,False
2022-06-01,9.05,1018.76,2022-06-23,False
2022-07-01,26.3,1641.12,2022-07-23,True
2022-08-01,13.15,656.45,2022-08-23,True
2022-09-01,6.38,318.49,2022-09-23,True
2022-10-01,9.71,484.73,2022-10-23,True
2022-11-01,23.26,3087.9,2022-11-23,False
2022-12-01,10.68,1120.95,2022-12-23,False
2023-01-01,15.52,2011.15,2023-01-23,False
2023-02-01,6.59,328.97,2023-02-23,True
2023-03-01,6.63,330.97,2023-03-23,True
2023-04-01,21.48,1340.35,2023-04-23,True
2023-05-01,20.17,1258.61,2023-05-23,True
2023-06-01,13.91,694.39,2023-06-23,True
2023-07-01,34.33,2142.19,2023-07-23,True
2023-08-01,11.3,1071.79,2023-08-23,False
2023-09-01,13.45,1258.35,2023-09-23,False
2023-10-01,16.04,1000.9,2023-10-23,True
2023-11-01,7.24,658.99,2023-11-23,False
2023-12-01,4.07,158.74,2023-12-23,True
2024-01-01,14.46,721.85,2024-01-23,True
2024-02-01,12.64,630.98,2024-02-23,True
2024-03-01,12.46,1071.41,2024-03-23,False
2024-04-01,12.19,608.52,2024-04-23,True
2024-05-01,20.86,1301.66,2024-05-23,True
2024-06-01,30.19,1883.86,2024-06-23,True
2024-07-01,13.47,672.42,2024-07-23,True
2024-08-01,27.52,1717.25,2024-08-23,True
2024-09-01,24.83,1549.39,2024-09-23,True
2024-10-01,6.71,334.97,2024-10-23,True
2024-11-01,13.27,662.44,2024-11-23,True
2024-12-01,18.6,1160.64,2024-12-23,True
2025-01-01,7.35,538.44,2025-01-23,False
2025-02-01,13.84,690.89,2025-02-23,True
2025-03-01,7.52,532.44,2025-03-23,False
2025-04-01,23.06,1438.94,2025-04-23,True
2025-05-01,5.45,212.54,2025-05-23,True
2025-06-01,13.84,926.94,2025-06-23,False
2025-07-01,25.91,1616.78,2025-07-23,True
2025-08-01,135.66,8465.18,2025-08-23,True
2022-06-01,27.61,1722.86,2022-07-13,True
2022-07-01,26.34,3637.88,2022-08-12,False
2022-08-01,32.73,2042.35,2022-09-12,True
2022-09-01,9.28,1001.41,2022-10-13,False
2022-10-01,14.08,702.88,2022-11-12,True
2022-11-01,17.13,1068.91,2022-12-13,True
2022-12-01,4.37,170.42,2023-01-12,True
2023-01-01,15.41,1980.85,2023-02-12,False
2023-02-01,15.47,965.33,2023-03-15,True
2023-03-01,7.57,377.89,2023-04-12,True
2023-04-01,6.14,306.5,2023-05-13,True
2023-05-01,23.04,2817.89,2023-06-12,False
2023-06-01,11.16,1077.54,2023-07-13,False
2023-07-01,18.17,1133.81,2023-08-12,True
2023-08-01,7.99,751.19,2023-09-12,False
2023-09-01,11.14,556.1,2023-10-13,True
2023-10-01,12.09,603.53,2023-11-12,True
2023-11-01,16.14,1007.14,2023-12-13,True
2023-12-01,13.68,682.91,2024-01-12,True
2024-01-01,93.49,5833.78,2024-02-12,True
2024-02-01,15.67,977.81,2024-03-14,True
2024-03-01,20.17,1258.61,2024-04-12,True
2024-04-01,7.32,365.41,2024-05-13,True
2024-05-01,13.81,1140.96,2024-06-12,False
2023-04-01,17.9,1116.96,2023-05-20,True
2023-05-01,7.26,362.42,2023-06-19,True
2023-06-01,19.63,2362.03,2023-07-20,False
2023-07-01,39.4,2458.56,2023-08-19,True
2023-08-01,35.52,2216.45,2023-09-19,True
2023-09-01,14.91,744.31,2023-10-20,True
2023-10-01,5.86,228.55,2023-11-19,True
2023-11-01,23.77,1483.25,2023-12-20,True
2023-12-01,7.25,361.92,2024-01-19,True
2024-01-01,9.11,454.78,2024-02-19,True
2024-02-01,15.22,1638.28,2024-03-20,False
2024-03-01,6.79,338.95,2024-04-19,True
2024-04-01,7.79,388.87,2024-05-20,True
2024-05-01,6.32,315.49,2024-06-19,True
2024-06-01,23.66,1476.38,2024-07-20,True
2024-07-01,31.44,3135.71,2024-08-19,False
2024-08-01,13.1,653.95,2024-09-19,True
2024-09-01,9.75,486.72,2024-10-20,True
2024-10-01,16.0,998.4,2024-11-19,True
2024-11-01,9.71,484.73,2024-12-20,True
2024-12-01,9.87,492.71,2025-01-19,True
2025-01-01,9.18,458.27,2025-02-19,True
2025-02-01,4.59,179.02,2025-03-20,True
2025-03-01,7.37,367.91,2025-04-19,True
2021-08-01,13.05,651.46,2021-09-06,True
2021-09-01,22.83,3519.92,2021-10-07,False
2021-10-01,17.11,1067.66,2021-11-06,True
2021-11-01,13.61,679.42,2021-12-07,True
2021-12-01,7.41,369.91,2022-01-06,True
2022-01-01,4.16,162.24,2022-02-06,True
2022-02-01,7.83,915.96,2022-03-09,False
2022-03-01,25.71,1604.3,2022-04-06,True
2022-04-01,23.26,1451.42,2022-05-07,True
2022-05-01,26.32,1642.37,2022-06-06,True
2022-06-01,19.17,2683.5,2022-07-07,False
2022-07-01,25.17,1570.61,2022-08-06,True
2022-08-01,10.17,507.68,2022-09-06,True
2022-09-01,12.91,1396.35,2022-10-07,False
2022-10-01,53.87,7199.19,2022-11-06,False
2022-11-01,8.39,418.82,2022-12-07,True
2022-12-01,14.93,1558.32,2023-01-06,False
2023-01-01,6.53,325.98,2023-02-06,True
2023-02-01,18.51,1155.02,2023-03-09,True
2023-03-01,5.25,412.72,2023-04-06,False
2023-04-01,19.37,1208.69,2023-05-07,True
2023-05-01,21.16,1320.38,2023-06-06,True
2023-06-01,22.48,1402.75,2023-07-07,True
2023-07-01,24.39,1521.94,2023-08-06,True
2022-03-01,23.31,1454.54,2022-04-16,True
2022-04-01,12.91,644.47,2022-05-17,True
2022-05-01,12.91,644.47,2022-06-16,True
2022-06-01,24.84,3464.29,2022-07-17,False
2022-07-01,17.1,1067.04,2022-08-16,True
2022-08-01,30.13,1880.11,2022-09-16,True
2022-09-01,20.26,1264.22,2022-10-17,True
2022-10-01,12.38,618.01,2022-11-16,True
2022-11-01,12.9,643.97,2022-12-17,True
2022-12-01,11.24,561.1,2023-01-16,True
2023-01-01,11.61,579.58,2023-02-16,True
2023-02-01,18.17,1133.81,2023-03-19,True
2023-03-01,19.46,2437.71,2023-04-16,False
2023-04-01,22.17,1383.41,2023-05-17,True
2023-05-01,6.8,339.46,2023-06-16,True
2023-06-01,31.97,1994.93,2023-07-17,True
2023-07-01,9.73,485.72,2023-08-16,True
2023-08-01,61.22,7181.84,2023-09-16,False
2023-09-01,20.32,2351.03,2023-10-17,False
2023-10-01,50.71,5788.03,2023-11-16,False
2023-11-01,5.82,226.99,2023-12-17,True
2023-12-01,11.81,589.56,2024-01-16,True
2024-01-01,15.53,969.07,2024-02-16,True
2024-02-01,14.76,736.82,2024-03-18,True
2021-12-01,14.38,1721.64,2022-01-02,False
2022-01-01,15.49,966.58,2022-02-02,True
2022-02-01,9.35,466.75,2022-03-05,True
2022-03-01,11.69,583.56,2022-04-02,True
2022-04-01,8.46,422.33,2022-05-03,True
2022-05-01,8.99,448.78,2022-06-02,True
2022-06-01,28.17,3949.21,2022-07-03,False
2022-07-01,36.63,2285.71,2022-08-02,True
2022-08-01,16.87,1052.69,2022-09-02,True
2022-09-01,20.08,1252.99,2022-10-03,True
2022-10-01,15.31,955.34,2022-11-02,True
2022-11-01,7.09,750.04,2022-12-03,False
2022-12-01,18.12,2367.85,2023-01-02,False
2023-01-01,7.26,362.42,2023-02-02,True
2023-02-01,12.56,1280.65,2023-03-05,False
2023-03-01,25.11,1566.86,2023-04-02,True
2023-04-01,26.13,1630.51,2023-05-03,True
2023-05-01,21.3,1329.12,2023-06-02,True
2023-06-01,10.46,522.17,2023-07-03,True
2023-07-01,120.24,7502.98,2023-08-02,True
2023-08-01,13.24,660.94,2023-09-02,True
2023-09-01,16.81,1048.94,2023-10-03,True
2023-10-01,21.97,1370.93,2023-11-02,True
2023-11-01,7.19,358.92,2023-12-03,True
2022-11-01,24.74,1543.78,2022-12-19,True
2022-12-01,13.69,683.4,2023-01-18,True
2023-01-01,14.29,1465.93,2023-02-18,False
2023-02-01,42.5,2652.0,2023-03-20,True
2023-03-01,11.35,566.59,2023-04-18,True
2023-04-01,10.09,503.69,2023-05-19,True
2023-05-01,13.53,1320.45,2023-06-18,False
2023-06-01,30.7,1915.68,2023-07-19,True
2023-07-01,20.6,2447.69,2023-08-18,False
2023-08-01,10.95,546.62,2023-09-18,True
2023-09-01,15.51,967.82,2023-10-19,True
2023-10-01,83.19,5191.06,2023-11-18,True
2023-11-01,10.22,510.18,2023-12-19,True
2023-12-01,14.44,720.84,2024-01-18,True
2024-01-01,16.41,1023.98,2024-02-18,True
2024-02-01,16.32,1018.37,2024-03-20,True
2024-03-01,15.79,985.3,2024-04-18,True
2024-04-01,20.26,1264.22,2024-05-19,True
2024-05-01,18.62,1917.12,2024-06-18,False
2024-06-01,25.39,1584.34,2024-07-19,True
2024-07-01,182.92,11414.21,2024-08-18,True
2024-08-01,23.65,2321.86,2024-09-18,False
2024-09-01,12.51,966.41,2024-10-19,False
2024-10-01,10.7,534.14,2024-11-18,True
2022-12-01,39.87,2487.89,2023-01-02,True
2023-01-01,12.13,605.53,2023-02-02,True
2023-02-01,14.55,726.34,2023-03-05,True
2023-03-01,12.78,1288.19,2023-04-02,False
2023-04-01,5.94,461.8,2023-05-03,False
2023-05-01,6.4,319.49,2023-06-02,True
2023-06-01,30.03,1873.87,2023-07-03,True
2023-07-01,15.97,996.53,2023-08-02,True
2023-08-01,29.01,1810.22,2023-09-02,True
2023-09-01,12.62,629.99,2023-10-03,True
2023-10-01,7.64,381.38,2023-11-02,True
2023-11-01,20.82,1299.17,2023-12-03,True
2023-12-01,6.14,306.5,2024-01-02,True
2024-01-01,18.58,2045.36,2024-02-02,False
2024-02-01,16.74,1044.58,2024-03-04,True
2024-03-01,20.32,1267.97,2024-04-02,True
2024-04-01,14.51,724.34,2024-05-03,True
2024-05-01,7.26,362.42,2024-06-02,True
2024-06-01,25.25,1575.6,2024-07-03,True
2024-07-01,36.06,2250.14,2024-08-02,True
2024-08-01,11.75,586.56,2024-09-02,True
2024-09-01,7.15,356.93,2024-10-03,True
2024-10-01,18.69,1791.18,2024-11-02,False
2024-11-01,24.96,1557.5,2024-12-03,True
2023-06-01,7.77,387.88,2023-07-19,True
2023-07-01,11.69,583.56,2023-08-18,True
2023-08-01,24.3,1516.32,2023-09-18,True
2023-09-01,19.2,2219.44,2023-10-19,False
2023-10-01,7.78,388.38,2023-11-18,True
2023-11-01,32.5,2028.0,2023-12-19,True
2023-12-01,15.05,939.12,2024-01-18,True
2024-01-01,10.49,523.66,2024-02-18,True
2024-02-01,13.82,689.89,2024-03-20,True
2024-03-01,22.77,1420.85,2024-04-18,True
2024-04-01,21.14,1319.14,2024-05-19,True
2024-05-01,19.09,1191.22,2024-06-18,True
2024-06-01,37.02,2310.05,2024-07-19,True
2024-07-01,21.88,1365.31,2024-08-18,True
2024-08-01,24.61,1535.66,2024-09-18,True
2024-09-01,24.96,1557.5,2024-10-19,True
2024-10-01,14.0,698.88,2024-11-18,True
2024-11-01,14.72,734.82,2024-12-19,True
2024-12-01,9.26,462.26,2025-01-18,True
2025-01-01,5.31,207.1,2025-02-18,True
2025-02-01,11.98,598.04,2025-03-20,True
2025-03-01,21.47,1871.16,2025-04-18,False
2025-04-01,25.05,1563.12,2025-05-19,True
2025-05-01,24.51,2058.34,2025-06-18,False
2026-02-01,4.39,191.48,2026-03-18,False
2026-03-01,13.29,726.46,2026-04-15,False
2026-04-01,7.45,397.62,2026-05-16,False
2026-05-01,26.05,1697.31,2026-06-15,False
2026-06-01,11.8,599.86,2026-07-16,False
2026-07-01,13.99,698.38,2026-08-15,False
2026-08-01,13.79,688.39,2026-09-15,True
2026-09-01,21.61,1348.46,2026-10-16,True
2026-10-01,21.54,1344.1,2026-11-15,True
2026-11-01,12.73,635.48,2026-12-16,True
2026-12-01,19.86,1239.26,2027-01-15,True
2027-01-01,10.21,509.69,2027-02-15,True
2027-02-01,44.54,2779.3,2027-03-18,False
2027-03-01,78.32,4887.17,2027-04-15,True
2027-04-01,17.08,1065.79,2027-05-16,True
2027-05-01,18.58,1159.39,2027-06-15,True
2027-06-01,22.29,1390.9,2027-07-16,False
2027-07-01,15.76,983.42,2027-08-15,False
2027-08-01,24.45,1525.68,2027-09-15,True
2027-09-01,5.7,222.3,2027-10-16,True
2027-10-01,21.88,1365.31,2027-11-15,True
2027-11-01,22.42,1399.01,2027-12-16,True
2027-12-01,7.1,354.43,2028-01-15,True
2028-01-01,16.63,1037.71,2028-02-15,True
2025-04-01,13.61,679.42,2025-05-07,True
2025-05-01,15.3,1294.44,2025-06-06,False
2025-06-01,21.14,1319.14,2025-07-07,True
2025-07-01,8.43,549.18,2025-08-06,False
2025-08-01,18.87,1506.21,2025-09-06,False
2025-09-01,10.25,511.68,2025-10-07,True
2025-10-01,7.6,379.39,2025-11-06,True
2025-11-01,17.76,1108.22,2025-12-07,True
2025-12-01,9.91,494.71,2026-01-06,True
2026-01-01,9.42,470.24,2026-02-06,True
2026-02-01,7.39,368.9,2026-03-09,True
2026-03-01,20.27,1264.85,2026-04-06,True
2026-04-01,8.65,431.81,2026-05-07,True
2026-05-01,18.4,1207.48,2026-06-06,False
2026-06-01,17.53,1093.87,2026-07-07,True
2026-07-01,7.6,379.71,2026-08-06,False
2026-08-01,15.22,949.73,2026-09-06,False
2026-09-01,18.46,1151.9,2026-10-07,True
2026-10-01,22.29,1390.9,2026-11-06,False
2026-11-01,12.04,601.03,2026-12-07,True
2026-12-01,15.85,989.04,2027-01-06,True
2027-01-01,16.35,1020.24,2027-02-06,False
2027-02-01,8.92,445.28,2027-03-09,False
2027-03-01,19.13,1193.71,2027-04-06,True
2021-12-01,12.71,1517.49,2022-01-10,False
2022-01-01,12.27,612.52,2022-02-10,True
2022-02-01,5.65,220.34,2022-03-13,True
2022-03-01,11.54,576.07,2022-04-10,True
2022-04-01,13.12,654.95,2022-05-11,True
2022-05-01,19.02,1186.85,2022-06-10,True
2022-06-01,25.54,1593.7,2022-07-11,True
2022-07-01,22.45,1400.88,2022-08-10,True
2022-08-01,32.8,2046.72,2022-09-10,True
2022-09-01,22.83,1424.59,2022-10-11,True
2022-10-01,25.09,1565.62,2022-11-10,True
2022-11-01,9.19,458.76,2022-12-11,True
2022-12-01,17.0,1060.8,2023-01-10,True
2023-01-01,11.52,575.08,2023-02-10,True
2023-02-01,15.37,1952.55,2023-03-13,False
2023-03-01,10.46,1050.87,2023-04-10,False
2023-04-01,9.58,478.24,2023-05-11,True
2023-05-01,5.94,231.67,2023-06-10,True
2023-06-01,23.49,1465.78,2023-07-11,True
2023-07-01,31.45,3749.97,2023-08-10,False
2023-08-01,8.58,428.32,2023-09-10,True
2023-09-01,16.76,1944.35,2023-10-11,False
2023-10-01,20.76,1295.42,2023-11-10,True
2023-11-01,22.86,1426.46,2023-12-11,True
2024-04-01,26.14,1631.14,2024-04-27,True
2024-05-01,22.93,1430.83,2024-05-27,True
2024-06-01,29.96,1869.5,2024-06-27,True
2024-07-01,20.05,1251.12,2024-07-27,True
2024-08-01,25.45,1588.08,2024-08-27,True
2024-09-01,14.38,1124.03,2024-09-27,False
2024-10-01,20.4,1272.96,2024-10-27,True
2024-11-01,21.14,1319.14,2024-11-27,True
2024-12-01,17.63,1100.11,2024-12-27,True
2025-01-01,7.01,349.94,2025-01-27,True
2025-02-01,15.83,987.79,2025-02-27,True
2025-03-01,18.36,1621.11,2025-03-27,False
2025-04-01,14.31,714.36,2025-04-27,True
2025-05-01,20.1,1254.24,2025-05-27,True
2025-06-01,17.2,1073.28,2025-06-27,True
2025-07-01,30.28,1889.47,2025-07-27,True
2025-08-01,27.62,2218.99,2025-08-27,False
2025-09-01,18.21,1136.3,2025-09-27,True
2025-10-01,18.76,1447.67,2025-10-27,False
2025-11-01,19.27,1455.97,2025-11-27,False
2025-12-01,9.72,485.22,2025-12-27,True
2026-01-01,20.81,1298.54,2026-01-27,True
2026-02-01,20.2,1260.48,2026-02-27,True
2026-03-01,21.61,1348.46,2026-03-27,True
2022-09-01,22.24,1387.78,2022-09-25,True
2022-10-01,10.08,1082.72,2022-10-25,False
2022-11-01,15.73,981.55,2022-11-25,True
2022-12-01,9.14,456.26,2022-12-25,True
2023-01-01,5.13,200.06,2023-01-25,True
2023-02-01,4.96,396.39,2023-02-25,False
2023-03-01,15.94,994.66,2023-03-25,True
2023-04-01,21.17,1321.01,2023-04-25,True
2023-05-01,52.23,3259.15,2023-05-25,True
2023-06-01,16.36,1020.86,2023-06-25,True
2023-07-01,15.13,1816.62,2023-07-25,False
2023-08-01,24.08,2852.42,2023-08-25,False
2023-09-01,14.41,719.35,2023-09-25,True
2023-10-01,21.8,1360.32,2023-10-25,True
2023-11-01,16.85,1051.44,2023-11-25,True
2023-12-01,5.17,201.62,2023-12-25,True
2024-01-01,10.88,543.13,2024-01-25,True
2024-02-01,3.82,259.99,2024-02-25,False
2024-03-01,16.97,1822.24,2024-03-25,False
2024-04-01,14.1,703.87,2024-04-25,True
2024-05-01,6.25,312.0,2024-05-25,True
2024-06-01,12.68,632.99,2024-06-25,True
2024-07-01,21.32,1330.37,2024-07-25,True
2024-08-01,32.31,2016.14,2024-08-25,True
2024-01-01,7.03,618.82,2024-02-03,False
2024-02-01,16.02,999.65,2024-03-05,True
2024-03-01,12.83,640.48,2024-04-03,True
2024-04-01,10.0,499.2,2024-05-04,True
2024-05-01,8.59,712.9,2024-06-03,False
2024-06-01,8.88,725.52,2024-07-04,False
2024-07-01,19.27,1202.45,2024-08-03,True
2024-08-01,23.79,1484.5,2024-09-03,True
2024-09-01,24.59,2393.7,2024-10-04,False
2024-10-01,9.31,464.76,2024-11-03,True
2024-11-01,16.28,1533.12,2024-12-04,False
2024-12-01,5.35,309.69,2025-01-03,False
2025-01-01,9.93,722.91,2025-02-03,False
2025-02-01,17.72,1105.73,2025-03-06,True
2025-03-01,5.24,287.98,2025-04-03,False
2025-04-01,25.79,1609.3,2025-05-04,True
2025-05-01,21.84,1362.82,2025-06-03,True
2025-06-01,12.16,808.87,2025-07-04,False
2025-07-01,19.06,1189.34,2025-08-03,True
2025-08-01,18.82,1174.37,2025-09-03,True
2025-09-01,25.18,1973.2,2025-10-04,False
2025-10-01,10.66,532.15,2025-11-03,True
2025-11-01,22.81,1715.12,2025-12-04,False
2025-12-01,18.91,1392.38,2026-01-03,False
2024-01-01,15.76,983.42,2024-01-24,True
2024-02-01,14.25,711.36,2024-02-24,True
2024-03-01,13.5,673.92,2024-03-24,True
2024-04-01,8.84,441.29,2024-04-24,True
2024-05-01,13.88,692.89,2024-05-24,True
2024-06-01,21.34,2190.51,2024-06-24,False
2024-07-01,23.31,2356.35,2024-07-24,False
2024-08-01,26.08,1627.39,2024-08-24,True
2024-09-01,9.01,449.78,2024-09-24,True
2024-10-01,21.47,1339.73,2024-10-24,True
2024-11-01,17.93,1118.83,2024-11-24,True
2024-12-01,4.34,169.26,2024-12-24,True
2025-01-01,17.54,1605.27,2025-01-24,False
2025-02-01,5.27,205.54,2025-02-24,True
2025-03-01,23.85,2109.58,2025-03-24,False
2025-04-01,22.78,1421.47,2025-04-24,True
2025-05-01,5.68,302.74,2025-05-24,False
2025-06-01,21.73,1818.1,2025-06-24,False
2025-07-01,25.4,2085.54,2025-07-24,False
2025-08-01,25.05,1563.12,2025-08-24,True
2025-09-01,27.15,1694.16,2025-09-24,True
2025-10-01,8.19,506.62,2025-10-24,False
2025-11-01,11.4,569.09,2025-11-24,True
2025-12-01,13.08,652.96,2025-12-24,True
2023-09-01,10.44,521.16,2023-09-25,True
2023-10-01,5.31,207.1,2023-10-25,True
2023-11-01,13.66,681.91,2023-11-25,True
2023-12-01,6.14,550.68,2023-12-25,False
2024-01-01,17.44,1088.26,2024-01-25,True
2024-02-01,13.17,657.44,2024-02-25,True
2024-03-01,12.1,1039.43,2024-03-25,False
2024-04-01,12.64,630.98,2024-04-25,True
2024-05-01,6.9,575.23,2024-05-25,False
2024-06-01,13.0,648.96,2024-06-25,True
2024-07-01,24.3,1516.32,2024-07-25,True
2024-08-01,27.18,1696.03,2024-08-25,True
2024-09-01,16.28,1015.87,2024-09-25,True
2024-10-01,13.82,689.89,2024-10-25,True
2024-11-01,12.08,603.04,2024-11-25,True
2024-12-01,8.25,411.84,2024-12-25,True
2025-01-01,13.26,970.29,2025-01-25,False
2025-02-01,12.25,611.52,2025-02-25,True
2025-03-01,15.12,943.49,2025-03-25,True
2025-04-01,12.57,627.49,2025-04-25,True
2025-05-01,5.65,300.95,2025-05-25,False
2025-06-01,32.18,2690.76,2025-06-25,False
2025-07-01,20.14,1256.74,2025-07-25,True
2025-08-01,29.75,2393.21,2025-08-25,False
2022-11-01,12.86,641.98,2022-11-27,True
2022-12-01,6.6,329.47,2022-12-27,True
2023-01-01,8.5,424.32,2023-01-27,True
2023-02-01,20.73,1293.55,2023-02-27,True
2023-03-01,14.36,1451.04,2023-03-27,False
2023-04-01,21.06,2626.09,2023-04-27,False
2023-05-01,22.17,1383.41,2023-05-27,True
2023-06-01,36.46,2275.1,2023-06-27,True
2023-07-01,9.05,451.78,2023-07-27,True
2023-08-01,32.17,2007.41,2023-08-27,True
2023-09-01,5.66,220.75,2023-09-27,True
2023-10-01,10.59,528.65,2023-10-27,True
2023-11-01,15.19,947.86,2023-11-27,True
2023-12-01,6.25,560.04,2023-12-27,False
2024-01-01,19.54,2157.14,2024-01-27,False
2024-02-01,10.35,900.73,2024-02-27,False
2024-03-01,9.8,489.22,2024-03-27,True
2024-04-01,12.84,640.97,2024-04-27,True
2024-05-01,22.28,1390.27,2024-05-27,True
2024-06-01,21.98,1371.55,2024-06-27,True
2024-07-01,32.75,2043.6,2024-07-27,True
2024-08-01,23.17,1445.81,2024-08-27,True
2024-09-01,24.95,1556.88,2024-09-27,True
2024-10-01,5.92,230.88,2024-10-27,True
2023-09-01,10.85,541.63,2023-10-09,True
2023-10-01,7.66,382.39,2023-11-08,True
2023-11-01,14.18,707.87,2023-12-09,True
2023-12-01,15.5,967.2,2024-01-08,True
2024-01-01,12.39,618.5,2024-02-08,True
2024-02-01,20.4,1272.96,2024-03-10,True
2024-03-01,15.55,970.32,2024-04-08,True
2024-04-01,12.97,1089.89,2024-05-09,False
2024-05-01,18.12,1130.69,2024-06-08,True
2024-06-01,32.93,2054.83,2024-07-09,True
2024-07-01,24.94,1556.26,2024-08-08,True
2024-08-01,11.4,569.09,2024-09-08,True
2024-09-01,22.78,2211.57,2024-10-09,False
2024-10-01,10.02,500.2,2024-11-08,True
2024-11-01,12.04,601.03,2024-12-09,True
2024-12-01,7.41,369.91,2025-01-08,True
2025-01-01,16.22,1012.13,2025-02-08,True
2025-02-01,7.75,386.88,2025-03-11,True
2025-03-01,26.56,2328.56,2025-04-08,False
2025-04-01,21.09,1316.02,2025-05-09,True
2025-05-01,23.86,1488.86,2025-06-08,True
2025-06-01,9.31,464.76,2025-07-09,True
2025-07-01,33.33,2079.79,2025-08-08,True
2025-08-01,37.58,2344.99,2025-09-08,True
2025-03-01,7.28,363.42,2025-04-12,True
2025-04-01,8.07,402.85,2025-05-13,True
2025-05-01,12.96,646.97,2025-06-12,True
2025-06-01,29.34,1830.82,2025-07-13,True
2025-07-01,11.39,568.58,2025-08-12,True
2025-08-01,10.15,506.69,2025-09-12,True
2025-09-01,19.39,1209.94,2025-10-13,True
2025-10-01,14.37,877.56,2025-11-12,False
2025-11-01,10.91,652.19,2025-12-13,False
2025-12-01,13.18,771.45,2026-01-12,False
2026-01-01,13.37,667.43,2026-02-12,True
2026-02-01,12.0,599.04,2026-03-15,True
2026-03-01,24.7,1541.28,2026-04-12,True
2026-04-01,24.27,1514.45,2026-05-13,True
2026-05-01,19.89,1241.14,2026-06-12,True
2026-06-01,16.71,1042.7,2026-07-13,True
2026-07-01,19.4,1210.56,2026-08-12,True
2026-08-01,31.55,1968.72,2026-09-12,True
2026-09-01,26.94,1681.06,2026-10-13,True
2026-10-01,24.68,1540.03,2026-11-12,True
2026-11-01,23.97,1495.73,2026-12-13,True
2026-12-01,14.82,739.81,2027-01-12,True
2027-01-01,18.96,1183.1,2027-02-12,True
2027-02-01,6.2,309.5,2027-03-15,True
2023-12-01,14.4,718.85,2023-12-27,True
2024-01-01,10.27,512.68,2024-01-27,True
2024-02-01,17.97,1121.33,2024-02-27,True
2024-03-01,15.88,990.91,2024-03-27,True
2024-04-01,23.23,1449.55,2024-04-27,True
2024-05-01,9.52,475.24,2024-05-27,True
2024-06-01,99.87,6231.89,2024-06-27,True
2024-07-01,21.76,2196.27,2024-07-27,False
2024-08-01,15.81,986.54,2024-08-27,True
2024-09-01,21.14,1319.14,2024-09-27,True
2024-10-01,14.67,732.32,2024-10-27,True
2024-11-01,24.24,1512.58,2024-11-27,True
2024-12-01,3.92,152.88,2024-12-27,True
2025-01-01,16.26,1485.57,2025-01-27,False
2025-02-01,19.79,1234.9,2025-02-27,True
2025-03-01,9.63,480.73,2025-03-27,True
2025-04-01,22.07,1377.17,2025-04-27,True
2025-05-01,13.31,906.41,2025-05-27,False
2025-06-01,20.81,1298.54,2025-06-27,True
2025-07-01,18.93,1181.23,2025-07-27,True
2025-08-01,17.58,1096.99,2025-08-27,True
2025-09-01,7.47,372.9,2025-09-27,True
2025-10-01,18.73,1168.75,2025-10-27,True
2025-11-01,22.24,1387.78,2025-11-27,True
2023-07-01,37.56,2343.74,2023-08-14,True
2023-08-01,27.98,1745.95,2023-09-14,True
2023-09-01,15.46,1790.32,2023-10-15,False
2023-10-01,25.02,2858.39,2023-11-14,False
2023-11-01,19.24,1200.58,2023-12-15,True
2023-12-01,6.61,329.98,2024-01-14,True
2024-01-01,6.42,320.48,2024-02-14,True
2024-02-01,9.39,468.74,2024-03-16,True
2024-03-01,7.32,365.41,2024-04-14,True
2024-04-01,10.38,518.17,2024-05-15,True
2024-05-01,20.95,1307.28,2024-06-14,True
2024-06-01,15.38,959.71,2024-07-15,True
2024-07-01,25.74,1606.18,2024-08-14,True
2024-08-01,8.34,416.33,2024-09-14,True
2024-09-01,11.39,568.58,2024-10-15,True
2024-10-01,13.49,673.42,2024-11-14,True
2024-11-01,7.43,556.37,2024-12-15,False
2024-12-01,16.86,1052.06,2025-01-14,True
2025-01-01,14.04,700.87,2025-02-14,True
2025-02-01,13.58,677.92,2025-03-17,True
2025-03-01,11.27,562.6,2025-04-14,True
2025-04-01,13.75,943.23,2025-05-15,False
2025-05-01,7.93,534.09,2025-06-14,False
2025-06-01,28.45,1775.28,2025-07-15,True
2022-02-01,5.97,545.96,2022-03-07,False
2022-03-01,22.04,1375.3,2022-04-04,True
2022-04-01,102.08,6369.79,2022-05-05,True
2022-05-01,17.11,1067.66,2022-06-04,True
2022-06-01,14.12,704.87,2022-07-05,True
2022-07-01,21.99,1372.18,2022-08-04,True
2022-08-01,16.85,2307.03,2022-09-04,False
2022-09-01,23.7,1478.88,2022-10-05,True
2022-10-01,5.64,219.96,2022-11-04,True
2022-11-01,7.48,373.4,2022-12-05,True
2022-12-01,7.89,393.86,2023-01-04,True
2023-01-01,7.2,359.42,2023-02-04,True
2023-02-01,5.51,438.58,2023-03-07,False
2023-03-01,19.16,1195.58,2023-04-04,True
2023-04-01,8.51,424.82,2023-05-05,True
2023-05-01,25.86,1613.66,2023-06-04,True
2023-06-01,14.48,1402.91,2023-07-05,False
2023-07-01,22.02,1374.05,2023-08-04,True
2023-08-01,14.49,723.34,2023-09-04,True
2023-09-01,6.02,300.52,2023-10-05,True
2023-10-01,22.18,1384.03,2023-11-04,True
2023-11-01,16.14,1007.14,2023-12-05,True
2023-12-01,13.07,1166.8,2024-01-04,False
2024-01-01,12.1,604.03,2024-02-04,True
2024-02-01,6.34,316.49,2024-03-10,True
2024-03-01,10.82,540.13,2024-04-08,True
2024-04-01,15.4,960.96,2024-05-09,True
2024-05-01,25.27,1576.85,2024-06-08,True
2024-06-01,11.0,896.44,2024-07-09,False
2024-07-01,14.39,718.34,2024-08-08,True
2024-08-01,38.79,2420.5,2024-09-08,True
2024-09-01,21.64,2100.9,2024-10-09,False
2024-10-01,15.06,939.74,2024-11-08,True
2024-11-01,20.38,1271.71,2024-12-09,True
2024-12-01,21.87,1364.69,2025-01-08,True
2025-01-01,12.99,942.97,2025-02-08,False
2025-02-01,19.77,1233.65,2025-03-11,True
2025-03-01,18.98,1664.01,2025-04-08,False
2025-04-01,11.22,560.1,2025-05-09,True
2025-05-01,12.58,628.0,2025-06-08,True
2025-06-01,105.28,6569.47,2025-07-09,True
2025-07-01,12.42,620.0,2025-08-08,True
2025-08-01,20.95,1670.05,2025-09-08,False
2025-09-01,23.61,1473.26,2025-10-09,True
2025-10-01,24.51,1529.42,2025-11-08,True
2025-11-01,8.18,490.36,2025-12-09,False
2025-12-01,13.24,777.16,2026-01-08,False
2026-01-01,19.04,1188.1,2026-02-08,True
2025-09-01,8.43,420.83,2025-10-12,True
2025-10-01,21.22,1324.13,2025-11-11,True
2025-11-01,9.47,472.74,2025-12-12,True
2025-12-01,15.75,982.8,2026-01-11,True
2026-01-01,17.22,1233.02,2026-02-11,False
2026-02-01,93.28,5820.67,2026-03-14,True
2026-03-01,17.18,1072.03,2026-04-11,True
2026-04-01,14.64,730.82,2026-05-12,True
2026-05-01,20.78,1296.67,2026-06-11,True
2026-06-01,12.57,627.49,2026-07-12,True
2026-07-01,11.93,595.55,2026-08-11,True
2026-08-01,34.35,2143.44,2026-09-11,True
2026-09-01,20.93,1306.03,2026-10-12,True
2026-10-01,19.34,1206.82,2026-11-11,True
2026-11-01,21.54,1344.1,2026-12-12,True
2026-12-01,15.32,955.97,2027-01-11,True
2027-01-01,9.96,497.21,2027-02-11,True
2027-02-01,5.97,232.82,2027-03-14,True
2027-03-01,14.68,732.83,2027-04-11,True
2027-04-01,6.46,322.49,2027-05-12,True
2027-05-01,11.42,570.08,2027-06-11,False
2027-06-01,34.86,2175.26,2027-07-12,True
2027-07-01,14.33,715.36,2027-08-11,True
2027-08-01,31.72,1979.33,2027-09-11,False
2026-05-01,16.7,1042.08,2026-06-14,True
2026-06-01,8.44,429.4,2026-07-15,False
2026-07-01,29.97,1870.13,2026-08-14,False
2026-08-01,37.47,2338.13,2026-09-14,True
2026-09-01,15.17,946.61,2026-10-15,True
2026-10-01,17.27,1077.65,2026-11-14,True
2026-11-01,13.49,673.42,2026-12-15,False
2026-12-01,18.1,1129.44,2027-01-14,True
2027-01-01,16.16,1008.38,2027-02-14,True
2027-02-01,14.96,746.81,2027-03-17,False
2027-03-01,13.16,656.95,2027-04-14,False
2027-04-01,6.51,324.98,2027-05-15,True
2027-05-01,17.55,1095.12,2027-06-14,True
2027-06-01,30.86,1925.66,2027-07-15,True
2027-07-01,20.4,1272.96,2027-08-14,True
2027-08-01,10.51,524.66,2027-09-14,True
2027-09-01,5.67,221.14,2027-10-15,True
2027-10-01,6.82,340.45,2027-11-14,True
2027-11-01,18.14,1131.94,2027-12-15,True
2027-12-01,6.03,301.02,2028-01-14,True
2028-01-01,12.06,602.04,2028-02-14,True
2028-02-01,5.5,214.51,2028-03-16,True
2028-03-01,17.14,1069.54,2028-04-14,False
2028-04-01,12.61,629.5,2028-05-15,True
2023-05-01,14.97,747.3,2023-06-14,True
2023-06-01,35.52,2216.45,2023-07-15,True
2023-07-01,10.82,540.13,2023-08-14,True
2023-08-01,21.31,1329.74,2023-09-14,True
2023-09-01,25.66,2971.52,2023-10-15,False
2023-10-01,6.23,311.0,2023-11-14,True
2023-11-01,19.22,1199.33,2023-12-15,True
2023-12-01,17.92,1118.21,2024-01-14,True
2024-01-01,8.42,737.31,2024-02-14,False
2024-02-01,19.87,1239.89,2024-03-16,True
2024-03-01,24.47,1526.93,2024-04-14,True
2024-04-01,14.07,1178.81,2024-05-15,False
2024-05-01,21.84,2253.2,2024-06-14,False
2024-06-01,17.78,1109.47,2024-07-15,True
2024-07-01,6.69,333.96,2024-08-14,True
2024-08-01,21.61,1348.46,2024-09-14,True
2024-09-01,19.16,1195.58,2024-10-15,True
2024-10-01,24.01,1498.22,2024-11-14,True
2024-11-01,9.28,694.89,2024-12-15,False
2024-12-01,16.45,1026.48,2025-01-14,True
2025-01-01,6.41,319.99,2025-02-14,True
2025-02-01,15.73,981.55,2025-03-17,True
2025-03-01,22.72,1417.73,2025-04-14,True
2025-04-01,14.2,708.86,2025-05-15,True
2022-01-01,13.36,666.94,2022-02-03,True
2022-02-01,11.52,1349.04,2022-03-06,False
2022-03-01,21.97,1370.93,2022-04-03,True
2022-04-01,16.5,1029.6,2022-05-04,True
2022-05-01,14.21,1611.45,2022-06-03,False
2022-06-01,29.91,4191.58,2022-07-04,False
2022-07-01,14.63,1621.94,2022-08-03,False
2022-08-01,24.34,1518.82,2022-09-03,True
2022-09-01,15.74,2130.51,2022-10-04,False
2022-10-01,20.87,1302.29,2022-11-03,True
2022-11-01,16.87,1052.69,2022-12-04,True
2022-12-01,19.26,1201.82,2023-01-03,True
2023-01-01,11.32,565.09,2023-02-03,True
2023-02-01,12.36,617.02,2023-03-06,True
2023-03-01,15.01,936.62,2023-04-03,True
2023-04-01,21.8,2710.44,2023-05-04,False
2023-05-01,23.31,1454.54,2023-06-03,True
2023-06-01,13.38,667.93,2023-07-04,True
2023-07-01,12.65,631.49,2023-08-03,True
2023-08-01,10.21,509.69,2023-09-03,True
2023-09-01,15.14,944.74,2023-10-04,True
2023-10-01,15.25,1750.94,2023-11-03,False
2023-11-01,13.72,684.9,2023-12-04,True
2023-12-01,7.37,367.91,2024-01-03,True
2022-09-01,7.07,769.09,2022-09-22,False
2022-10-01,15.52,968.45,2022-10-22,True
2022-11-01,10.36,517.18,2022-11-22,True
2022-12-01,9.88,1037.39,2022-12-22,False
2023-01-01,13.88,1439.48,2023-01-22,False
2023-02-01,17.7,2266.02,2023-02-22,False
2023-03-01,16.58,2098.49,2023-03-22,False
2023-04-01,19.93,1243.63,2023-04-22,True
2023-05-01,20.24,1262.98,2023-05-22,True
2023-06-01,39.49,2464.18,2023-06-22,True
2023-07-01,26.27,1639.25,2023-07-22,True
2023-08-01,39.3,2452.32,2023-08-22,True
2023-09-01,10.11,504.7,2023-09-22,True
2023-10-01,10.04,501.19,2023-10-22,True
2023-11-01,15.41,961.58,2023-11-22,True
2023-12-01,5.84,227.76,2023-12-22,True
2024-01-01,18.68,1165.63,2024-01-22,True
2024-02-01,15.57,971.57,2024-02-22,True
2024-03-01,22.38,1396.51,2024-03-22,True
2024-04-01,15.73,981.55,2024-04-22,True
2024-05-01,9.64,481.22,2024-05-22,True
2024-06-01,30.53,1905.07,2024-06-22,True
2024-07-01,24.61,2490.33,2024-07-22,False
2024-08-01,12.4,987.84,2024-08-22,False
2022-07-01,33.03,2061.07,2022-08-16,True
2022-08-01,18.13,2470.97,2022-09-16,False
2022-09-01,6.32,315.49,2022-10-17,True
2022-10-01,12.67,1349.29,2022-11-16,False
2022-11-01,10.82,540.13,2022-12-17,True
2022-12-01,7.4,369.41,2023-01-16,True
2023-01-01,4.1,159.89,2023-02-16,True
2023-02-01,9.43,470.75,2023-03-19,True
2023-03-01,15.77,984.05,2023-04-16,True
2023-04-01,5.22,203.58,2023-05-17,True
2023-05-01,14.08,702.88,2023-06-16,True
2023-06-01,20.36,1270.46,2023-07-17,True
2023-07-01,31.42,1960.61,2023-08-16,True
2023-08-01,17.3,1079.52,2023-09-16,True
2023-09-01,8.47,422.82,2023-10-17,True
2023-10-01,9.58,874.78,2023-11-16,False
2023-11-01,9.93,495.71,2023-12-17,True
2023-12-01,17.64,1100.74,2024-01-16,True
2024-01-01,9.42,824.1,2024-02-16,False
2024-02-01,10.09,869.7,2024-03-18,False
2024-03-01,19.5,1216.8,2024-04-16,True
2024-04-01,23.36,1457.66,2024-05-17,True
2024-05-01,23.13,1443.31,2024-06-16,True
2024-06-01,12.76,636.98,2024-07-17,True
2023-08-01,27.45,1712.88,2023-09-19,True
2023-09-01,18.15,2097.12,2023-10-20,False
2023-10-01,8.83,440.8,2023-11-19,True
2023-11-01,17.6,1098.24,2023-12-20,True
2023-12-01,20.32,2251.7,2024-01-19,False
2024-01-01,14.66,731.83,2024-02-19,True
2024-02-01,16.1,1733.0,2024-03-20,False
2024-03-01,12.87,642.47,2024-04-19,True
2024-04-01,5.62,366.96,2024-05-20,False
2024-05-01,18.87,1177.49,2024-06-19,True
2024-06-01,17.64,1786.87,2024-07-20,False
2024-07-01,15.15,945.36,2024-08-19,True
2024-08-01,26.49,1652.98,2024-09-19,True
2024-09-01,6.97,347.94,2024-10-20,True
2024-10-01,14.04,700.87,2024-11-19,True
2024-11-01,8.85,441.79,2024-12-20,True
2024-12-01,6.19,454.49,2025-01-19,False
2025-01-01,26.67,1664.21,2025-02-19,True
2025-02-01,10.16,720.63,2025-03-20,False
2025-03-01,23.54,1468.9,2025-04-19,True
2025-04-01,6.22,310.5,2025-05-20,True
2025-05-01,19.15,1194.96,2025-06-19,True
2025-06-01,26.95,1681.68,2025-07-20,True
2025-07-01,8.44,421.32,2025-08-19,True
2022-03-01,70.04,4370.5,2022-03-28,True
2022-04-01,5.68,221.52,2022-04-28,True
2022-05-01,6.85,778.51,2022-05-28,False
2022-06-01,32.54,2030.5,2022-06-28,True
2022-07-01,8.55,426.82,2022-07-28,True
2022-08-01,17.04,1063.3,2022-08-28,True
2022-09-01,23.91,3243.81,2022-09-28,False
2022-10-01,9.32,465.25,2022-10-28,True
2022-11-01,20.21,1261.1,2022-11-28,True
2022-12-01,7.82,390.37,2022-12-28,True
2023-01-01,12.39,618.5,2023-01-28,True
2023-02-01,11.29,563.59,2023-02-28,True
2023-03-01,26.22,1636.13,2023-03-28,True
2023-04-01,24.27,1514.45,2023-04-28,True
2023-05-01,6.89,343.94,2023-05-28,True
2023-06-01,20.15,2447.66,2023-06-28,False
2023-07-01,10.36,993.85,2023-07-28,False
2023-08-01,29.88,3534.8,2023-08-28,False
2023-09-01,6.05,302.02,2023-09-28,True
2023-10-01,14.35,716.35,2023-10-28,True
2023-11-01,48.74,3041.38,2023-11-28,True
2023-12-01,14.63,730.33,2023-12-28,True
2024-01-01,10.16,507.19,2024-01-28,True
2024-02-01,6.2,539.3,2024-02-28,False
2025-04-01,17.59,1097.62,2025-05-10,True
2025-05-01,25.18,2126.4,2025-06-09,False
2025-06-01,10.72,535.14,2025-07-10,True
2025-07-01,8.91,444.79,2025-08-09,True
2025-08-01,32.42,2023.01,2025-09-09,True
2025-09-01,19.69,1536.85,2025-10-10,False
2025-10-01,6.61,404.5,2025-11-09,False
2025-11-01,22.17,1383.41,2025-12-10,True
2025-12-01,18.06,1324.15,2026-01-09,False
2026-01-01,12.54,625.99,2026-02-09,True
2026-02-01,17.1,1198.64,2026-03-12,False
2026-03-01,23.02,1436.45,2026-04-09,True
2026-04-01,17.08,1065.79,2026-05-10,True
2026-05-01,15.36,958.46,2026-06-09,True
2026-06-01,11.26,562.1,2026-07-10,True
2026-07-01,23.81,1485.74,2026-08-09,True
2026-08-01,33.13,2067.31,2026-09-09,True
2026-09-01,15.98,997.15,2026-10-10,False
2026-10-01,12.81,639.48,2026-11-09,True
2026-11-01,17.45,1088.88,2026-12-10,True
2026-12-01,19.17,1196.21,2027-01-09,False
2027-01-01,9.71,484.73,2027-02-09,False
2027-02-01,8.89,443.78,2027-03-12,True
2027-03-01,8.57,427.81,2027-04-09,True
2024-05-01,16.6,1035.84,2024-05-23,True
2024-06-01,26.22,1636.13,2024-06-23,True
2024-07-01,7.92,395.36,2024-07-23,True
2024-08-01,17.75,1766.62,2024-08-23,False
2024-09-01,13.68,682.91,2024-09-23,True
2024-10-01,12.25,944.29,2024-10-23,False
2024-11-01,24.94,1556.26,2024-11-23,True
2024-12-01,17.32,1080.77,2024-12-23,True
2025-01-01,20.62,1888.22,2025-01-23,False
2025-02-01,10.08,503.2,2025-02-23,True
2025-03-01,11.85,839.02,2025-03-23,False
2025-04-01,13.31,664.44,2025-04-23,True
2025-05-01,23.53,1468.27,2025-05-23,True
2025-06-01,8.35,416.83,2025-06-23,True
2025-07-01,27.09,1690.42,2025-07-23,True
2025-08-01,14.66,731.83,2025-08-23,True
2025-09-01,7.96,397.37,2025-09-23,True
2025-10-01,19.38,1499.54,2025-10-23,False
2025-11-01,23.55,1469.52,2025-11-23,True
2025-12-01,16.51,1225.1,2025-12-23,False
2026-01-01,15.07,940.37,2026-01-23,True
2026-02-01,18.58,1318.81,2026-02-23,False
2026-03-01,21.83,1362.19,2026-03-23,True
2026-04-01,7.44,371.4,2026-04-23,True
2021-11-01,10.19,508.68,2021-11-23,True
2021-12-01,13.31,664.44,2021-12-23,True
2022-01-01,10.67,532.64,2022-01-23,True
2022-02-01,10.46,522.17,2022-02-23,True
2022-03-01,13.3,663.94,2022-03-23,True
2022-04-01,7.86,392.38,2022-04-23,True
2022-05-01,7.46,372.41,2022-05-23,True
2022-06-01,13.75,686.4,2022-06-23,True
2022-07-01,14.1,703.87,2022-07-23,True
2022-08-01,21.74,1356.58,2022-08-23,True
2022-09-01,17.05,1063.92,2022-09-23,True
2022-10-01,26.64,3579.57,2022-10-23,False
2022-11-01,59.43,3708.43,2022-11-23,True
2022-12-01,20.08,1252.99,2022-12-23,True
2023-01-01,4.33,168.86,2023-01-23,True
2023-02-01,10.06,1029.93,2023-02-23,False
2023-03-01,10.55,1067.8,2023-03-23,False
2023-04-01,17.1,1067.04,2023-04-23,True
2023-05-01,11.83,590.56,2023-05-23,True
2023-06-01,17.35,1082.64,2023-06-23,True
2023-07-01,38.28,2388.67,2023-07-23,True
2023-08-01,7.9,394.37,2023-08-23,True
2023-09-01,79.62,4968.29,2023-09-23,True
2023-10-01,17.06,1064.54,2023-10-23,True
2023-12-01,11.75,586.56,2024-01-01,True
2024-01-01,62.55,6889.01,2024-02-01,False
2024-02-01,18.22,1136.93,2024-03-03,True
2024-03-01,24.61,2633.66,2024-04-01,False
2024-04-01,18.28,1140.67,2024-05-02,True
2024-05-01,21.15,1319.76,2024-06-01,True
2024-06-01,37.63,2348.11,2024-07-02,True
2024-07-01,27.43,1711.63,2024-08-01,True
2024-08-01,18.82,1174.37,2024-09-01,True
2024-09-01,24.22,1511.33,2024-10-02,True
2024-10-01,18.46,1151.9,2024-11-01,True
2024-11-01,7.25,361.92,2024-12-02,True
2024-12-01,19.63,1224.91,2025-01-01,True
2025-01-01,19.19,1748.29,2025-02-01,False
2025-02-01,7.24,518.34,2025-03-04,False
2025-03-01,18.35,1145.04,2025-04-01,True
2025-04-01,6.08,420.38,2025-05-02,False
2025-05-01,12.57,627.49,2025-06-01,True
2025-06-01,29.04,1812.1,2025-07-02,True
2025-07-01,28.87,1801.49,2025-08-01,True
2025-08-01,22.83,1424.59,2025-09-01,True
2025-09-01,9.82,490.21,2025-10-02,True
2025-10-01,6.3,387.62,2025-11-01,False
2025-11-01,21.03,1583.47,2025-12-02,False
2025-10-01,24.7,1541.28,2025-10-28,True
2025-11-01,10.12,505.19,2025-11-28,True
2025-12-01,9.66,482.23,2025-12-28,True
2026-01-01,19.42,1404.69,2026-01-28,False
2026-02-01,8.74,436.3,2026-02-28,True
2026-03-01,11.65,581.57,2026-03-28,True
2026-04-01,12.94,645.96,2026-04-28,True
2026-05-01,22.84,1425.22,2026-05-28,True
2026-06-01,27.0,1740.96,2026-06-28,False
2026-07-01,8.06,402.36,2026-07-28,True
2026-08-01,29.62,1848.29,2026-08-28,True
2026-09-01,18.08,1128.19,2026-09-28,False
2026-10-01,21.48,1340.35,2026-10-28,True
2026-11-01,5.68,221.52,2026-11-28,True
2026-12-01,14.17,707.36,2026-12-28,True
2027-01-01,13.62,679.91,2027-01-28,True
2027-02-01,9.67,482.72,2027-02-28,False
2027-03-01,20.63,1287.31,2027-03-28,True
2027-04-01,23.94,1493.86,2027-04-28,True
2027-05-01,21.46,1339.1,2027-05-28,True
2027-06-01,33.61,2097.26,2027-06-28,True
2027-07-01,33.52,2091.65,2027-07-28,True
2027-08-01,7.7,384.38,2027-08-28,True
2027-09-01,14.5,723.84,2027-09-28,True
2025-08-01,27.05,1687.92,2025-09-04,True
2025-09-01,19.63,1537.26,2025-10-05,False
2025-10-01,12.26,612.02,2025-11-04,True
2025-11-01,6.63,330.97,2025-12-05,True
2025-12-01,14.75,736.32,2026-01-04,True
2026-01-01,12.88,642.97,2026-02-04,True
2026-02-01,15.59,972.82,2026-03-07,True
2026-03-01,13.2,658.94,2026-04-04,True
2026-04-01,22.34,1503.22,2026-05-05,False
2026-05-01,25.93,1618.03,2026-06-04,True
2026-06-01,8.62,430.31,2026-07-05,True
2026-07-01,31.91,1991.18,2026-08-04,True
2026-08-01,16.83,1050.19,2026-09-04,False
2026-09-01,19.19,1197.46,2026-10-05,False
2026-10-01,12.87,642.47,2026-11-04,True
2026-11-01,8.97,447.78,2026-12-05,True
2026-12-01,20.71,1292.3,2027-01-04,False
2027-01-01,12.33,615.52,2027-02-04,True
2027-02-01,46.64,2910.34,2027-03-07,True
2027-03-01,7.78,388.38,2027-04-04,True
2027-04-01,9.86,492.22,2027-05-05,True
2027-05-01,15.38,959.71,2027-06-04,True
2027-06-01,23.86,1488.86,2027-07-05,True
2027-07-01,26.48,1652.35,2027-08-04,False
2023-07-01,30.04,1874.5,2023-08-12,True
2023-08-01,19.79,1234.9,2023-09-12,True
2023-09-01,22.79,1422.1,2023-10-13,True
2023-10-01,6.75,617.48,2023-11-12,False
2023-11-01,22.4,2525.29,2023-12-13,False
2023-12-01,7.61,379.9,2024-01-12,True
2024-01-01,81.02,8876.88,2024-02-12,False
2024-02-01,7.99,398.86,2024-03-14,True
2024-03-01,17.39,1085.14,2024-04-12,True
2024-04-01,19.31,2024.3,2024-05-13,False
2024-05-01,12.01,599.54,2024-06-12,True
2024-06-01,36.75,2293.2,2024-07-13,True
2024-07-01,9.38,468.25,2024-08-12,True
2024-08-01,15.87,990.29,2024-09-12,True
2024-09-01,14.76,1143.91,2024-10-13,False
2024-10-01,25.96,1619.9,2024-11-12,True
2024-11-01,19.69,1228.66,2024-12-13,True
2024-12-01,4.18,240.73,2025-01-12,False
2025-01-01,6.76,337.46,2025-02-12,True
2025-02-01,12.72,634.98,2025-03-15,True
2025-03-01,13.88,971.2,2025-04-12,False
2025-04-01,17.54,1094.5,2025-05-13,True
2025-05-01,25.12,1567.49,2025-06-12,True
2025-06-01,10.71,708.41,2025-07-13,False
2026-01-01,14.64,730.82,2026-02-10,True
2026-02-01,13.5,673.92,2026-03-13,True
2026-03-01,8.89,443.78,2026-04-10,True
2026-04-01,20.9,1304.16,2026-05-11,True
2026-05-01,9.86,516.01,2026-06-10,False
2026-06-01,26.56,1657.34,2026-07-11,True
2026-07-01,10.66,532.15,2026-08-10,True
2026-08-01,12.2,609.02,2026-09-10,True
2026-09-01,7.63,380.89,2026-10-11,True
2026-10-01,25.66,1601.18,2026-11-10,True
2026-11-01,16.79,1047.7,2026-12-11,True
2026-12-01,15.2,948.48,2027-01-10,True
2027-01-01,12.44,621.0,2027-02-10,True
2027-02-01,4.95,193.06,2027-03-13,True
2027-03-01,19.58,1221.79,2027-04-10,True
2027-04-01,19.82,1236.77,2027-05-11,True
2027-05-01,22.88,1427.71,2027-06-10,True
2027-06-01,15.33,956.59,2027-07-11,False
2027-07-01,24.37,1520.69,2027-08-10,True
2027-08-01,16.3,1017.12,2027-09-10,True
2027-09-01,13.23,660.44,2027-10-11,False
2027-10-01,13.61,679.42,2027-11-10,True
2027-11-01,12.33,615.52,2027-12-11,True
2027-12-01,19.34,1206.82,2028-01-10,True
2022-09-01,10.01,1088.51,2022-09-23,False
2022-10-01,11.84,1272.73,2022-10-23,False
2022-11-01,17.01,1061.42,2022-11-23,True
2022-12-01,5.6,218.4,2022-12-23,True
2023-01-01,9.49,983.8,2023-01-23,False
2023-02-01,4.64,371.12,2023-02-23,False
2023-03-01,22.95,2903.54,2023-03-23,False
2023-04-01,19.67,2456.87,2023-04-23,False
2023-05-01,7.13,355.93,2023-05-23,True
2023-06-01,28.16,1757.18,2023-06-23,True
2023-07-01,22.02,1374.05,2023-07-23,True
2023-08-01,28.72,1792.13,2023-08-23,True
2023-09-01,25.16,1569.98,2023-09-23,True
2023-10-01,13.63,680.41,2023-10-23,True
2023-11-01,22.01,1373.42,2023-11-23,True
2023-12-01,8.97,447.78,2023-12-23,True
2024-01-01,4.81,187.58,2024-01-23,True
2024-02-01,18.73,1168.75,2024-02-23,True
2024-03-01,23.31,2505.45,2024-03-23,False
2024-04-01,11.04,935.05,2024-04-23,False
2024-05-01,5.27,343.59,2024-05-23,False
2024-06-01,37.04,2311.3,2024-06-23,True
2024-07-01,24.01,1498.22,2024-07-23,True
2024-08-01,35.52,2216.45,2024-08-23,True
2025-08-01,19.74,1231.78,2025-08-23,True
2025-09-01,12.69,633.48,2025-09-23,True
2025-10-01,5.25,204.74,2025-10-23,True
2025-11-01,16.9,1054.56,2025-11-23,True
2025-12-01,16.32,1018.37,2025-12-23,True
2026-01-01,7.94,396.36,2026-01-23,True
2026-02-01,10.8,539.14,2026-02-23,True
2026-03-01,11.41,634.62,2026-03-23,False
2026-04-01,13.39,727.46,2026-04-23,False
2026-05-01,5.54,216.07,2026-05-23,True
2026-06-01,9.99,498.7,2026-06-23,True
2026-07-01,18.78,1171.87,2026-07-23,True
2026-08-01,29.03,1811.47,2026-08-23,True
2026-09-01,23.87,1489.49,2026-09-23,True
2026-10-01,15.69,979.06,2026-10-23,True
2026-11-01,21.36,1332.86,2026-11-23,True
2026-12-01,16.56,1033.34,2026-12-23,False
2027-01-01,6.8,339.46,2027-01-23,False
2027-02-01,29.23,1823.95,2027-02-23,True
2027-03-01,6.49,323.98,2027-03-23,True
2027-04-01,16.12,1005.89,2027-04-23,False
2027-05-01,10.24,511.18,2027-05-23,True
2027-06-01,26.35,1644.24,2027-06-23,True
2027-07-01,14.18,707.87,2027-07-23,True
2022-03-01,18.59,2684.48,2022-04-13,False
2022-04-01,19.94,1244.26,2022-05-14,True
2022-05-01,16.85,1051.44,2022-06-13,True
2022-06-01,23.64,1475.14,2022-07-14,True
2022-07-01,18.0,1123.2,2022-08-13,True
2022-08-01,10.34,516.17,2022-09-13,True
2022-09-01,22.44,1400.26,2022-10-14,True
2022-10-01,20.85,1301.04,2022-11-13,True
2022-11-01,12.97,647.46,2022-12-14,True
2022-12-01,4.36,170.04,2023-01-13,True
2023-01-01,20.1,2582.69,2023-02-13,False
2023-02-01,84.0,10657.92,2023-03-16,False
2023-03-01,11.35,1138.85,2023-04-13,False
2023-04-01,17.38,1084.51,2023-05-14,True
2023-05-01,14.83,740.32,2023-06-13,True
2023-06-01,27.66,1725.98,2023-07-14,True
2023-07-01,10.71,534.65,2023-08-13,True
2023-08-01,29.32,1829.57,2023-09-13,True
2023-09-01,9.68,483.23,2023-10-14,True
2023-10-01,6.52,325.48,2023-11-13,True
2023-11-01,16.29,1016.5,2023-12-14,True
2023-12-01,19.58,2175.8,2024-01-13,False
2024-01-01,10.02,877.85,2024-02-13,False
2024-02-01,13.21,659.45,2024-03-15,True
2025-02-01,11.45,816.41,2025-03-11,False
2025-03-01,14.12,704.87,2025-04-08,True
2025-04-01,21.74,1870.95,2025-05-09,False
2025-05-01,12.01,599.54,2025-06-08,True
2025-06-01,10.51,524.66,2025-07-09,True
2025-07-01,24.54,1531.3,2025-08-08,True
2025-08-01,11.53,575.58,2025-09-08,True
2025-09-01,11.8,589.06,2025-10-09,True
2025-10-01,23.92,1492.61,2025-11-08,True
2025-11-01,15.35,1150.21,2025-12-09,False
2025-12-01,5.12,199.68,2026-01-08,True
2026-01-01,12.64,725.63,2026-02-08,False
2026-02-01,6.4,319.49,2026-03-11,True
2026-03-01,16.02,999.65,2026-04-08,True
2026-04-01,15.65,976.56,2026-05-09,True
2026-05-01,10.97,547.62,2026-06-08,True
2026-06-01,13.85,708.1,2026-07-09,False
2026-07-01,21.74,1356.58,2026-08-08,True
2026-08-01,32.98,2057.95,2026-09-08,True
2026-09-01,21.52,1342.85,2026-10-09,False
2026-10-01,24.33,1518.19,2026-11-08,True
2026-11-01,18.78,1171.87,2026-12-09,True
2026-12-01,10.22,510.18,2027-01-08,True
2027-01-01,7.47,372.9,2027-02-08,True
2026-06-01,149.47,9326.93,2026-06-27,True
2026-07-01,27.14,1709.06,2026-07-27,False
2026-08-01,7.95,396.86,2026-08-27,True
2026-09-01,24.67,1539.41,2026-09-27,False
2026-10-01,20.49,1278.58,2026-10-27,True
2026-11-01,18.24,1138.18,2026-11-27,False
2026-12-01,10.59,528.65,2026-12-27,True
2027-01-01,15.34,957.22,2027-01-27,True
2027-02-01,11.78,588.06,2027-02-27,True
2027-03-01,8.14,406.34,2027-03-27,True
2027-04-01,15.21,949.1,2027-04-27,True
2027-05-01,17.89,1116.34,2027-05-27,False
2027-06-01,14.82,739.81,2027-06-27,True
2027-07-01,32.16,2006.78,2027-07-27,True
2027-08-01,11.24,561.1,2027-08-27,True
2027-09-01,18.09,1128.82,2027-09-27,False
2027-10-01,27.15,1694.16,2027-10-27,False
2027-11-01,67.3,4199.52,2027-11-27,True
2027-12-01,17.21,1073.9,2027-12-27,True
2028-01-01,9.19,458.76,2028-01-27,True
2028-02-01,14.63,730.33,2028-02-27,True
2028-03-01,17.0,1060.8,2028-03-27,True
2028-04-01,6.5,324.48,2028-04-27,False
2028-05-01,24.5,1528.8,2028-05-27,True
2022-03-01,10.19,508.68,2022-04-16,True
2022-04-01,15.13,944.11,2022-05-17,True
2022-05-01,15.34,957.22,2022-06-16,True
2022-06-01,17.3,1079.52,2022-07-17,True
2022-07-01,13.5,673.92,2022-08-16,True
2022-08-01,16.93,2307.42,2022-09-16,False
2022-09-01,19.81,1236.14,2022-10-17,True
2022-10-01,16.3,1017.12,2022-11-16,True
2022-11-01,23.94,1493.86,2022-12-17,True
2022-12-01,9.01,449.78,2023-01-16,True
2023-01-01,4.75,185.26,2023-02-16,True
2023-02-01,10.41,519.67,2023-03-19,True
2023-03-01,14.64,730.82,2023-04-16,True
2023-04-01,17.37,1083.89,2023-05-17,True
2023-05-01,10.68,1043.2,2023-06-16,False
2023-06-01,16.21,1953.04,2023-07-17,False
2023-07-01,32.38,3850.76,2023-08-16,False
2023-08-01,27.63,3241.33,2023-09-16,False
2023-09-01,14.9,1379.15,2023-10-17,False
2023-10-01,20.59,2350.15,2023-11-16,False
2023-11-01,18.98,1184.35,2023-12-17,True
2023-12-01,6.44,321.48,2024-01-16,True
2024-01-01,11.85,591.55,2024-02-16,True
2024-02-01,14.09,703.37,2024-03-18,True
2025-06-01,33.16,2753.73,2025-07-06,False
2025-07-01,22.84,1425.22,2025-08-05,True
2025-08-01,12.72,812.77,2025-09-05,False
2025-09-01,16.57,1033.97,2025-10-06,True
2025-10-01,9.04,451.27,2025-11-05,True
2025-11-01,9.77,487.72,2025-12-06,True
2025-12-01,10.52,525.16,2026-01-05,True
2026-01-01,17.94,1119.46,2026-02-05,True
2026-02-01,14.97,841.96,2026-03-08,False
2026-03-01,22.42,1399.01,2026-04-05,True
2026-04-01,13.17,657.44,2026-05-06,True
2026-05-01,19.29,1266.89,2026-06-05,False
2026-06-01,11.95,596.54,2026-07-06,True
2026-07-01,17.76,1110.07,2026-08-05,False
2026-08-01,24.0,1497.6,2026-09-05,True
2026-09-01,7.94,396.36,2026-10-06,True
2026-10-01,9.42,470.24,2026-11-05,True
2026-11-01,14.19,708.36,2026-12-06,True
2026-12-01,6.28,313.5,2027-01-05,True
2027-01-01,12.16,607.03,2027-02-05,True
2027-02-01,12.58,628.0,2027-03-08,True
2027-03-01,6.49,323.98,2027-04-05,True
2027-04-01,8.25,411.84,2027-05-06,False
2027-05-01,14.72,734.82,2027-06-05,True
2023-11-01,10.52,525.16,2023-11-29,True
2023-12-01,8.46,422.33,2023-12-29,True
2024-01-01,5.3,365.32,2024-01-29,False
2024-02-01,15.49,1683.46,2024-02-29,False
2024-03-01,13.79,688.39,2024-03-29,True
2024-04-01,16.44,1025.86,2024-04-29,True
2024-05-01,15.25,951.6,2024-05-29,True
2024-06-01,16.6,1699.64,2024-06-29,False
2024-07-01,18.62,1161.89,2024-07-29,True
2024-08-01,18.79,1172.5,2024-08-29,True
2024-09-01,9.54,476.23,2024-09-29,True
2024-10-01,8.79,438.79,2024-10-29,True
2024-11-01,8.58,648.19,2024-11-29,False
2024-12-01,7.03,522.32,2024-12-29,False
2025-01-01,5.29,206.3,2025-01-29,True
2025-02-01,4.28,166.92,2025-03-01,True
2025-03-01,26.16,2307.1,2025-03-29,False
2025-04-01,14.96,746.81,2025-04-29,True
2025-05-01,11.75,586.56,2025-05-29,True
2025-06-01,18.24,1138.18,2025-06-29,True
2025-07-01,124.22,10167.16,2025-07-29,False
2025-08-01,22.69,1820.56,2025-08-29,False
2025-09-01,8.66,544.71,2025-09-29,False
2025-10-01,19.15,1194.96,2025-10-29,True
2024-03-01,18.09,1940.63,2024-03-27,False
2024-04-01,25.5,1591.2,2024-04-27,True
2024-05-01,17.66,1838.47,2024-05-27,False
2024-06-01,18.68,1914.55,2024-06-27,False
2024-07-01,27.64,1724.74,2024-07-27,True
2024-08-01,28.98,1808.35,2024-08-27,True
2024-09-01,25.96,2536.49,2024-09-27,False
2024-10-01,17.96,1726.81,2024-10-27,False
2024-11-01,5.64,219.96,2024-11-27,True
2024-12-01,19.21,1198.7,2024-12-27,True
2025-01-01,11.85,591.55,2025-01-27,True
2025-02-01,7.79,388.87,2025-02-27,True
2025-03-01,11.59,578.57,2025-03-27,True
2025-04-01,15.61,1353.13,2025-04-27,False
2025-05-01,20.59,1284.82,2025-05-27,True
2025-06-01,37.87,2363.09,2025-06-27,True
2025-07-01,17.01,1061.42,2025-07-27,True
2025-08-01,26.16,1632.38,2025-08-27,True
2025-09-01,15.92,993.41,2025-09-27,True
2025-10-01,6.75,416.71,2025-10-27,False
2025-11-01,24.77,1545.65,2025-11-27,True
2025-12-01,17.46,1291.97,2025-12-27,False
2026-01-01,15.43,962.83,2026-01-27,True
2026-02-01,5.51,243.73,2026-02-27,False
2024-05-01,10.23,853.69,2024-05-23,False
2024-06-01,17.26,1077.02,2024-06-23,True
2024-07-01,28.47,1776.53,2024-07-23,True
2024-08-01,11.38,568.09,2024-08-23,True
2024-09-01,13.8,688.9,2024-09-23,True
2024-10-01,12.33,615.52,2024-10-23,True
2024-11-01,19.17,1196.21,2024-11-23,True
2024-12-01,14.15,706.37,2024-12-23,True
2025-01-01,7.54,376.39,2025-01-23,True
2025-02-01,14.59,1050.01,2025-02-23,False
2025-03-01,22.8,1422.72,2025-03-23,True
2025-04-01,8.8,439.3,2025-04-23,True
2025-05-01,13.29,663.43,2025-05-23,True
2025-06-01,10.83,540.64,2025-06-23,True
2025-07-01,32.26,2013.02,2025-07-23,True
2025-08-01,14.55,726.34,2025-08-23,True
2025-09-01,6.59,328.97,2025-09-23,True
2025-10-01,24.13,1505.71,2025-10-23,True
2025-11-01,24.37,1520.69,2025-11-23,True
2025-12-01,18.47,1152.53,2025-12-23,True
2026-01-01,18.93,1181.23,2026-01-23,True
2026-02-01,14.25,711.36,2026-02-23,True
2026-03-01,20.17,1258.61,2026-03-23,True
2026-04-01,19.63,1333.11,2026-04-23,False
2023-02-01,13.82,1416.0,2023-02-21,False
2023-03-01,24.27,1514.45,2023-03-21,True
2023-04-01,21.91,1367.18,2023-04-21,True
2023-05-01,21.36,1332.86,2023-05-21,True
2023-06-01,33.0,2059.2,2023-06-21,True
2023-07-01,21.72,1355.33,2023-07-21,True
2023-08-01,13.21,659.45,2023-08-21,True
2023-09-01,16.72,1043.33,2023-09-21,True
2023-10-01,9.28,857.42,2023-10-21,False
2023-11-01,12.46,622.01,2023-11-21,True
2023-12-01,9.62,480.23,2023-12-21,True
2024-01-01,13.48,672.92,2024-01-21,True
2024-02-01,10.42,520.16,2024-02-21,True
2024-03-01,24.49,1528.18,2024-03-21,True
2024-04-01,14.26,711.86,2024-04-21,True
2024-05-01,8.38,418.33,2024-05-21,True
2024-06-01,27.36,1707.26,2024-06-21,True
2024-07-01,30.11,1878.86,2024-07-21,True
2024-08-01,9.26,462.26,2024-08-21,True
2024-09-01,6.47,507.35,2024-09-21,False
2024-10-01,7.52,375.4,2024-10-21,True
2024-11-01,16.61,1575.42,2024-11-21,False
2024-12-01,17.6,1098.24,2024-12-21,True
2025-01-01,7.9,394.37,2025-01-21,True
2025-01-01,19.7,1229.28,2025-02-14,True
2025-02-01,16.55,1469.9,2025-03-17,False
2025-03-01,19.11,1192.46,2025-04-14,True
2025-04-01,25.39,1584.34,2025-05-15,True
2025-05-01,10.86,542.14,2025-06-14,True
2025-06-01,36.26,2262.62,2025-07-15,True
2025-07-01,7.99,398.86,2025-08-14,True
2025-08-01,8.49,423.82,2025-09-14,True
2025-09-01,16.32,1018.37,2025-10-15,True
2025-10-01,8.71,434.81,2025-11-14,True
2025-11-01,16.26,1014.62,2025-12-15,True
2025-12-01,9.14,456.26,2026-01-14,True
2026-01-01,12.06,689.34,2026-02-14,False
2026-02-01,15.27,952.85,2026-03-17,True
2026-03-01,8.04,401.35,2026-04-14,True
2026-04-01,7.28,363.42,2026-05-15,True
2026-05-01,13.67,682.4,2026-06-14,True
2026-06-01,29.31,1828.94,2026-07-15,True
2026-07-01,47.67,2974.61,2026-08-14,False
2026-08-01,11.97,597.54,2026-09-14,True
2026-09-01,131.74,8220.58,2026-10-15,False
2026-10-01,25.78,1608.67,2026-11-14,False
2026-11-01,9.15,456.77,2026-12-15,True
2026-12-01,7.71,384.89,2027-01-14,False
2025-06-01,17.31,1080.14,2025-07-09,True
2025-07-01,53.26,3323.42,2025-08-08,True
2025-08-01,29.78,1858.27,2025-09-08,True
2025-09-01,7.24,361.42,2025-10-09,True
2025-10-01,8.28,413.34,2025-11-08,True
2025-11-01,22.82,1423.97,2025-12-09,True
2025-12-01,16.37,1021.49,2026-01-08,True
2026-01-01,13.0,648.96,2026-02-08,True
2026-02-01,18.84,1321.59,2026-03-11,False
2026-03-01,8.18,408.35,2026-04-08,True
2026-04-01,19.01,1186.22,2026-05-09,True
2026-05-01,7.35,366.91,2026-06-08,True
2026-06-01,168.23,10497.55,2026-07-09,True
2026-07-01,13.49,673.42,2026-08-08,True
2026-08-01,22.88,1427.71,2026-09-08,False
2026-09-01,9.37,467.75,2026-10-09,True
2026-10-01,5.43,211.78,2026-11-08,True
2026-11-01,18.25,1138.8,2026-12-09,True
2026-12-01,6.45,321.98,2027-01-08,True
2027-01-01,14.31,714.36,2027-02-08,True
2027-02-01,12.2,609.02,2027-03-11,False
2027-03-01,9.8,489.22,2027-04-08,True
2027-04-01,21.17,1321.01,2027-05-09,True
2027-05-01,21.66,1351.58,2027-06-08,True
2022-01-01,15.29,2257.24,2022-02-10,False
2022-02-01,12.77,1491.7,2022-03-13,False
2022-03-01,7.2,832.66,2022-04-10,False
2022-04-01,13.08,652.96,2022-05-11,True
2022-05-01,15.15,2142.03,2022-06-10,False
2022-06-01,14.32,1601.26,2022-07-11,False
2022-07-01,35.74,2230.18,2022-08-10,True
2022-08-01,17.3,1079.52,2022-09-10,True
2022-09-01,13.29,1435.22,2022-10-11,False
2022-10-01,9.36,467.26,2022-11-10,True
2022-11-01,10.74,536.14,2022-12-11,True
2022-12-01,14.36,716.86,2023-01-10,True
2023-01-01,8.53,425.82,2023-02-10,True
2023-02-01,7.92,395.36,2023-03-13,True
2023-03-01,17.15,2153.7,2023-04-10,False
2023-04-01,22.22,1386.53,2023-05-11,True
2023-05-01,18.86,2308.61,2023-06-10,False
2023-06-01,28.91,1803.98,2023-07-11,True
2023-07-01,19.55,1219.92,2023-08-10,True
2023-08-01,10.6,997.45,2023-09-10,False
2023-09-01,50.62,3158.69,2023-10-11,True
2023-10-01,93.92,5860.61,2023-11-10,True
2023-11-01,8.35,753.77,2023-12-11,False
2023-12-01,12.62,629.99,2024-01-10,True
2024-01-01,12.47,622.5,2024-02-06,True
2024-02-01,8.41,419.83,2024-03-08,True
2024-03-01,7.03,350.94,2024-04-06,True
2024-04-01,5.91,230.5,2024-05-07,True
2024-05-01,15.55,970.32,2024-06-06,True
2024-06-01,34.57,3525.18,2024-07-07,False
2024-07-01,14.67,732.32,2024-08-06,True
2024-08-01,38.76,2418.62,2024-09-06,True
2024-09-01,9.18,713.76,2024-10-07,False
2024-10-01,22.78,2178.4,2024-11-06,False
2024-11-01,5.37,209.42,2024-12-07,True
2024-12-01,16.06,1002.14,2025-01-06,True
2025-01-01,8.34,416.33,2025-02-06,True
2025-02-01,16.16,1008.38,2025-03-09,True
2025-03-01,24.38,1521.31,2025-04-06,True
2025-04-01,11.07,552.61,2025-05-07,True
2025-05-01,23.86,1488.86,2025-06-06,True
2025-06-01,26.75,1669.2,2025-07-07,True
2025-07-01,21.07,1314.77,2025-08-06,True
2025-08-01,29.55,1843.92,2025-09-06,True
2025-09-01,21.48,1340.35,2025-10-07,True
2025-10-01,21.41,1335.98,2025-11-06,True
2025-11-01,23.32,1455.17,2025-12-07,True
2025-12-01,11.06,552.12,2026-01-06,True
2026-04-01,13.0,648.96,2026-05-07,True
2026-05-01,22.65,1413.36,2026-06-06,True
2026-06-01,17.84,1113.22,2026-07-07,True
2026-07-01,28.14,1755.94,2026-08-06,True
2026-08-01,11.97,597.54,2026-09-06,True
2026-09-01,14.65,731.33,2026-10-07,True
2026-10-01,12.49,623.5,2026-11-06,True
2026-11-01,20.46,1276.7,2026-12-07,False
2026-12-01,5.58,217.63,2027-01-06,True
2027-01-01,5.07,197.74,2027-02-06,False
2027-02-01,8.22,410.34,2027-03-09,True
2027-03-01,11.65,581.57,2027-04-06,True
2027-04-01,11.87,592.55,2027-05-07,True
2027-05-01,13.62,679.91,2027-06-06,True
2027-06-01,16.3,1017.12,2027-07-07,True
2027-07-01,32.0,1996.8,2027-08-06,True
2027-08-01,11.8,589.06,2027-09-06,True
2027-09-01,14.86,741.82,2027-10-07,True
2027-10-01,9.65,481.73,2027-11-06,True
2027-11-01,23.73,1480.75,2027-12-07,True
2027-12-01,11.81,589.56,2028-01-06,True
2028-01-01,14.83,740.32,2028-02-06,True
2028-02-01,8.13,405.85,2028-03-08,False
2028-03-01,14.54,725.83,2028-04-06,True
2025-02-01,51.49,3212.98,2025-03-08,True
2025-03-01,24.16,1507.58,2025-04-05,True
2025-04-01,23.22,2001.94,2025-05-06,False
2025-05-01,18.16,1133.18,2025-06-05,True
2025-06-01,22.41,1398.38,2025-07-06,True
2025-07-01,17.71,1443.08,2025-08-05,False
2025-08-01,30.57,1907.57,2025-09-05,True
2025-09-01,5.21,203.18,2025-10-06,True
2025-10-01,5.43,260.31,2025-11-05,False
2025-11-01,5.62,219.19,2025-12-06,True
2025-12-01,8.06,474.11,2026-01-05,False
2026-01-01,17.19,1072.66,2026-02-05,True
2026-02-01,16.17,1009.01,2026-03-08,True
2026-03-01,12.4,682.97,2026-04-05,False
2026-04-01,10.26,512.18,2026-05-06,True
2026-05-01,11.02,550.12,2026-06-05,True
2026-06-01,28.51,1826.46,2026-07-06,False
2026-07-01,20.28,1265.47,2026-08-05,True
2026-08-01,23.92,1492.61,2026-09-05,True
2026-09-01,10.34,516.17,2026-10-06,True
2026-10-01,5.82,226.99,2026-11-05,True
2026-11-01,13.36,666.94,2026-12-06,True
2026-12-01,18.16,1133.18,2027-01-05,False
2027-01-01,8.65,431.81,2027-02-05,True
2022-03-01,26.76,1669.82,2022-03-30,True
2022-04-01,23.26,1451.42,2022-04-30,True
2022-05-01,18.32,1143.17,2022-05-30,True
2022-06-01,12.99,648.46,2022-06-30,True
2022-07-01,28.99,1808.98,2022-07-30,True
2022-08-01,25.12,1567.49,2022-08-30,True
2022-09-01,6.85,341.95,2022-09-30,True
2022-10-01,8.36,417.34,2022-10-30,True
2022-11-01,11.16,557.11,2022-11-30,True
2022-12-01,10.51,524.66,2022-12-30,True
2023-01-01,10.47,522.66,2023-01-30,True
2023-02-01,24.17,3084.29,2023-03-02,False
2023-03-01,20.76,1295.42,2023-03-30,True
2023-04-01,24.1,1503.84,2023-04-30,True
2023-05-01,24.99,3073.28,2023-05-30,False
2023-06-01,25.87,1614.29,2023-06-30,True
2023-07-01,21.49,1340.98,2023-07-30,True
2023-08-01,8.91,444.79,2023-08-30,True
2023-09-01,18.72,2182.46,2023-09-30,False
2023-10-01,25.02,1561.25,2023-10-30,True
2023-11-01,16.53,1031.47,2023-11-30,True
2023-12-01,19.39,1209.94,2023-12-30,True
2024-01-01,15.26,952.22,2024-01-30,True
2024-02-01,6.84,341.45,2024-03-01,True
2025-10-01,13.9,693.89,2025-10-25,True
2025-11-01,20.91,1304.78,2025-11-25,True
2025-12-01,15.12,943.49,2025-12-25,True
2026-01-01,9.37,467.75,2026-01-25,True
2026-02-01,19.2,1198.08,2026-02-25,True
2026-03-01,5.89,255.54,2026-03-25,False
2026-04-01,8.48,423.32,2026-04-25,True
2026-05-01,16.71,1042.7,2026-05-25,True
2026-06-01,35.95,2243.28,2026-06-25,True
2026-07-01,29.3,1828.32,2026-07-25,True
2026-08-01,21.8,1360.32,2026-08-25,False
2026-09-01,20.97,1308.53,2026-09-25,True
2026-10-01,23.88,1490.11,2026-10-25,True
2026-11-01,22.19,1384.66,2026-11-25,True
2026-12-01,16.14,1007.14,2026-12-25,False
2027-01-01,12.83,640.48,2027-01-25,False
2027-02-01,12.45,621.5,2027-02-25,True
2027-03-01,8.38,418.33,2027-03-25,True
2027-04-01,8.45,421.82,2027-04-25,False
2027-05-01,25.41,1585.58,2027-05-25,True
2027-06-01,11.9,594.05,2027-06-25,False
2027-07-01,32.9,2052.96,2027-07-25,False
2027-08-01,9.25,461.76,2027-08-25,True
2027-09-01,13.95,696.38,2027-09-25,True
2023-03-01,8.55,426.82,2023-04-04,True
2023-04-01,10.63,530.65,2023-05-05,True
2023-05-01,17.59,1097.62,2023-06-04,True
2023-06-01,7.29,706.29,2023-07-05,False
2023-07-01,14.26,711.86,2023-08-04,True
2023-08-01,13.01,649.46,2023-09-04,True
2023-09-01,7.27,362.92,2023-10-05,True
2023-10-01,10.59,528.65,2023-11-04,True
2023-11-01,15.31,955.34,2023-12-05,True
2023-12-01,7.72,385.38,2024-01-04,True
2024-01-01,11.74,1032.93,2024-02-04,False
2024-02-01,14.31,1240.61,2024-03-06,False
2024-03-01,11.74,586.06,2024-04-04,True
2024-04-01,13.48,672.92,2024-05-05,True
2024-05-01,16.2,1679.75,2024-06-04,False
2024-06-01,33.6,2096.64,2024-07-05,True
2024-07-01,11.42,918.3,2024-08-04,False
2024-08-01,23.38,1458.91,2024-09-04,True
2024-09-01,8.33,415.84,2024-10-05,True
2024-10-01,22.54,2157.81,2024-11-04,False
2024-11-01,16.06,1002.14,2024-12-05,True
2024-12-01,7.24,361.42,2025-01-04,True
2025-01-01,13.67,682.4,2025-02-04,True
2025-02-01,13.69,978.4,2025-03-07,False
2025-10-01,6.06,302.52,2025-11-11,True
2025-11-01,10.11,504.7,2025-12-12,True
2025-12-01,14.21,709.37,2026-01-11,True
2026-01-01,18.05,1126.32,2026-02-11,True
2026-02-01,6.23,348.84,2026-03-14,False
2026-03-01,13.9,762.12,2026-04-11,False
2026-04-01,6.16,307.51,2026-05-12,True
2026-05-01,20.32,1328.2,2026-06-11,False
2026-06-01,23.07,1439.57,2026-07-12,True
2026-07-01,10.26,512.18,2026-08-11,True
2026-08-01,26.04,1624.9,2026-09-11,True
2026-09-01,15.59,972.82,2026-10-12,False
2026-10-01,20.14,1256.74,2026-11-11,True
2026-11-01,117.76,7348.22,2026-12-12,False
2026-12-01,4.89,190.7,2027-01-11,True
2027-01-01,4.36,170.04,2027-02-11,True
2027-02-01,17.12,1068.29,2027-03-14,True
2027-03-01,25.59,1596.82,2027-04-11,True
2027-04-01,8.64,431.3,2027-05-12,False
2027-05-01,15.07,940.37,2027-06-11,True
2027-06-01,34.0,2121.6,2027-07-12,True
2027-07-01,27.35,1706.64,2027-08-11,True
2027-08-01,10.98,548.12,2027-09-11,True
2027-09-01,14.34,715.85,2027-10-12,False
2022-10-01,21.29,2834.13,2022-11-16,False
2022-11-01,12.86,641.98,2022-12-17,True
2022-12-01,6.18,308.51,2023-01-16,True
2023-01-01,7.9,394.37,2023-02-16,True
2023-02-01,9.26,462.26,2023-03-19,True
2023-03-01,23.69,2967.61,2023-04-16,False
2023-04-01,25.88,1614.91,2023-05-17,True
2023-05-01,13.16,656.95,2023-06-16,True
2023-06-01,8.42,420.32,2023-07-17,True
2023-07-01,17.7,1104.48,2023-08-16,True
2023-08-01,9.05,451.78,2023-09-16,True
2023-09-01,16.95,1057.68,2023-10-17,True
2023-10-01,21.19,1322.26,2023-11-16,True
2023-11-01,14.14,705.86,2023-12-17,True
2023-12-01,18.1,1129.44,2024-01-16,True
2024-01-01,14.03,700.38,2024-02-16,True
2024-02-01,7.32,365.41,2024-03-18,True
2024-03-01,22.31,1392.14,2024-04-16,True
2024-04-01,22.54,1406.5,2024-05-17,True
2024-05-01,9.29,463.75,2024-06-16,True
2024-06-01,24.37,1520.69,2024-07-17,True
2024-07-01,18.01,1123.82,2024-08-16,True
2024-08-01,27.87,1739.09,2024-09-16,True
2024-09-01,7.67,382.88,2024-10-17,True
2026-02-01,10.48,523.16,2026-03-10,True
2026-03-01,6.51,324.98,2026-04-07,True
2026-04-01,21.48,1441.99,2026-05-08,False
2026-05-01,6.33,316.0,2026-06-07,True
2026-06-01,13.17,657.44,2026-07-08,True
2026-07-01,19.07,1189.97,2026-08-07,True
2026-08-01,26.72,1667.33,2026-09-07,True
2026-09-01,7.67,382.88,2026-10-08,True
2026-10-01,17.43,1087.63,2026-11-07,False
2026-11-01,9.63,480.73,2026-12-08,False
2026-12-01,20.01,1248.62,2027-01-07,False
2027-01-01,8.55,426.82,2027-02-07,True
2027-02-01,16.76,1045.82,2027-03-10,True
2027-03-01,11.73,585.56,2027-04-07,True
2027-04-01,12.07,602.53,2027-05-08,True
2027-05-01,14.16,706.87,2027-06-07,False
2027-06-01,31.79,1983.7,2027-07-08,True
2027-07-01,21.47,1339.73,2027-08-07,True
2027-08-01,27.21,1697.9,2027-09-07,False
2027-09-01,14.7,733.82,2027-10-08,False
2027-10-01,5.84,227.76,2027-11-07,True
2027-11-01,16.68,1040.83,2027-12-08,True
2027-12-01,5.39,210.22,2028-01-07,False
2028-01-01,4.18,163.02,2028-02-07,True
2025-04-01,13.2,658.94,2025-05-05,True
2025-05-01,17.38,1084.51,2025-06-04,True
2025-06-01,37.35,3103.64,2025-07-05,False
2025-07-01,18.15,1132.56,2025-08-04,True
2025-08-01,141.81,8848.94,2025-09-04,True
2025-09-01,18.82,1174.37,2025-10-05,True
2025-10-01,25.05,1922.64,2025-11-04,False
2025-11-01,17.56,1095.74,2025-12-05,True
2025-12-01,9.65,568.04,2026-01-04,False
2026-01-01,11.37,567.59,2026-02-04,True
2026-02-01,9.1,454.27,2026-03-07,True
2026-03-01,24.5,1528.8,2026-04-04,True
2026-04-01,11.17,601.28,2026-05-05,False
2026-05-01,26.62,1661.09,2026-06-04,True
2026-06-01,21.54,1344.1,2026-07-05,True
2026-07-01,14.27,712.36,2026-08-04,True
2026-08-01,26.64,1662.34,2026-09-04,True
2026-09-01,19.59,1222.42,2026-10-05,True
2026-10-01,41.12,2565.89,2026-11-04,True
2026-11-01,12.73,635.48,2026-12-05,False
2026-12-01,10.75,536.64,2027-01-04,True
2027-01-01,18.59,1160.02,2027-02-04,False
2027-02-01,10.38,518.17,2027-03-07,False
2027-03-01,10.44,521.16,2027-04-04,True
2024-08-01,33.57,2094.77,2024-09-12,True
2024-09-01,17.69,1713.74,2024-10-13,False
2024-10-01,13.77,1050.0,2024-11-12,False
2024-11-01,10.45,521.66,2024-12-13,True
2024-12-01,17.23,1075.15,2025-01-12,True
2025-01-01,17.77,1108.85,2025-02-12,True
2025-02-01,7.0,497.95,2025-03-15,False
2025-03-01,6.98,348.44,2025-04-12,True
2025-04-01,17.63,1100.11,2025-05-13,True
2025-05-01,6.52,439.67,2025-06-12,False
2025-06-01,8.14,406.34,2025-07-13,True
2025-07-01,38.45,2399.28,2025-08-12,True
2025-08-01,33.11,2066.06,2025-09-12,True
2025-09-01,12.29,613.51,2025-10-13,True
2025-10-01,16.25,1240.46,2025-11-12,False
2025-11-01,11.91,594.55,2025-12-13,True
2025-12-01,17.42,1087.01,2026-01-12,True
2026-01-01,10.27,587.87,2026-02-12,False
2026-02-01,6.82,340.45,2026-03-15,True
2026-03-01,26.36,1644.86,2026-04-12,True
2026-04-01,17.93,1199.01,2026-05-13,False
2026-05-01,20.29,1325.18,2026-06-12,False
2026-06-01,34.75,2168.4,2026-07-13,True
2026-07-01,26.48,1652.35,2026-08-12,True
2024-11-01,17.94,1119.46,2024-11-26,True
2024-12-01,18.79,1172.5,2024-12-26,True
2025-01-01,10.1,504.19,2025-01-26,True
2025-02-01,12.39,618.5,2025-02-26,True
2025-03-01,6.82,482.02,2025-03-26,False
2025-04-01,12.52,625.0,2025-04-26,True
2025-05-01,20.4,1737.59,2025-05-26,False
2025-06-01,39.02,2434.85,2025-06-26,True
2025-07-01,34.83,2856.2,2025-07-26,False
2025-08-01,26.33,1642.99,2025-08-26,True
2025-09-01,7.44,371.4,2025-09-26,True
2025-10-01,8.16,504.1,2025-10-26,False
2025-11-01,8.76,529.86,2025-11-26,False
2025-12-01,6.53,325.98,2025-12-26,True
2026-01-01,15.27,952.85,2026-01-26,True
2026-02-01,67.94,4239.46,2026-02-26,True
2026-03-01,6.64,331.46,2026-03-26,True
2026-04-01,12.93,700.87,2026-04-26,False
2026-05-01,18.68,1165.63,2026-05-26,True
2026-06-01,18.16,1133.18,2026-06-26,True
2026-07-01,22.88,1427.71,2026-07-26,True
2026-08-01,10.21,509.69,2026-08-26,True
2026-09-01,24.25,1513.2,2026-09-26,True
2026-10-01,14.59,728.33,2026-10-26,False
2021-09-01,20.22,1261.73,2021-09-24,True
2021-10-01,70.61,4406.06,2021-10-24,True
2021-11-01,18.81,1173.74,2021-11-24,True
2021-12-01,7.21,359.93,2021-12-24,True
2022-01-01,15.27,952.85,2022-01-24,True
2022-02-01,4.79,186.82,2022-02-24,True
2022-03-01,16.52,1030.85,2022-03-24,True
2022-04-01,13.49,673.42,2022-04-24,True
2022-05-01,6.37,317.99,2022-05-24,True
2022-06-01,28.04,3944.12,2022-06-24,False
2022-07-01,31.5,1965.6,2022-07-24,True
2022-08-01,11.52,1267.09,2022-08-24,False
2022-09-01,9.24,461.26,2022-09-24,True
2022-10-01,10.61,529.66,2022-10-24,True
2022-11-01,9.55,476.74,2022-11-24,True
2022-12-01,12.86,641.98,2022-12-24,True
2023-01-01,12.01,599.54,2023-01-24,True
2023-02-01,11.65,581.57,2023-02-24,True
2023-03-01,21.56,1345.34,2023-03-24,True
2023-04-01,24.29,1515.7,2023-04-24,True
2023-05-01,7.66,755.54,2023-05-24,False
2023-06-01,30.45,1900.08,2023-06-24,True
2023-07-01,32.98,2057.95,2023-07-24,True
2023-08-01,10.7,534.14,2023-08-24,True
2023-09-01,22.37,1395.89,2023-10-12,True
2023-10-01,6.32,315.49,2023-11-11,True
2023-11-01,14.92,744.8,2023-12-12,True
2023-12-01,5.43,377.5,2024-01-11,False
2024-01-01,4.15,161.86,2024-02-11,True
2024-02-01,11.39,568.58,2024-03-13,True
2024-03-01,22.71,1417.1,2024-04-11,True
2024-04-01,17.32,1080.77,2024-05-12,True
2024-05-01,22.06,1376.54,2024-06-11,True
2024-06-01,20.82,1299.17,2024-07-12,True
2024-07-01,20.01,1248.62,2024-08-11,True
2024-08-01,9.86,492.22,2024-09-11,True
2024-09-01,9.42,470.24,2024-10-12,True
2024-10-01,18.2,1135.68,2024-11-11,True
2024-11-01,19.55,1219.92,2024-12-12,True
2024-12-01,7.46,372.41,2025-01-11,True
2025-01-01,21.09,1910.42,2025-02-11,False
2025-02-01,18.76,1170.62,2025-03-14,True
2025-03-01,18.3,1141.92,2025-04-11,True
2025-04-01,10.72,736.71,2025-05-12,False
2025-05-01,24.42,2059.68,2025-06-11,False
2025-06-01,19.16,1195.58,2025-07-12,True
2025-07-01,13.53,675.42,2025-08-11,True
2025-08-01,16.96,1058.3,2025-09-11,True
2026-06-01,33.99,2159.86,2026-07-16,False
2026-07-01,24.53,1530.67,2026-08-15,True
2026-08-01,14.47,722.34,2026-09-15,False
2026-09-01,16.22,1012.13,2026-10-16,False
2026-10-01,14.17,707.36,2026-11-15,True
2026-11-01,9.79,488.71,2026-12-16,True
2026-12-01,7.76,387.38,2027-01-15,True
2027-01-01,10.38,518.17,2027-02-15,False
2027-02-01,13.46,671.93,2027-03-18,True
2027-03-01,25.38,1583.71,2027-04-15,False
2027-04-01,71.4,4455.36,2027-05-16,True
2027-05-01,20.61,1286.06,2027-06-15,True
2027-06-01,26.8,1672.32,2027-07-16,False
2027-07-01,13.45,671.42,2027-08-15,True
2027-08-01,30.87,1926.29,2027-09-15,True
2027-09-01,10.53,525.66,2027-10-16,True
2027-10-01,13.7,683.9,2027-11-15,True
2027-11-01,5.68,221.52,2027-12-16,False
2027-12-01,12.43,620.51,2028-01-15,True
2028-01-01,21.65,1350.96,2028-02-15,True
2028-02-01,13.26,661.94,2028-03-17,False
2028-03-01,21.4,1335.36,2028-04-15,True
2028-04-01,23.11,1442.06,2028-05-16,True
2028-05-01,6.7,334.46,2028-06-15,True
2024-01-01,4.58,178.63,2024-02-01,True
2024-02-01,16.81,1048.94,2024-03-03,True
2024-03-01,13.78,687.9,2024-04-01,True
2024-04-01,20.98,1309.15,2024-05-02,True
2024-05-01,11.25,561.6,2024-06-01,True
2024-06-01,35.92,2241.41,2024-07-02,True
2024-07-01,18.57,1158.77,2024-08-01,True
2024-08-01,14.64,730.82,2024-09-01,True
2024-09-01,15.24,950.98,2024-10-02,True
2024-10-01,21.36,1332.86,2024-11-01,True
2024-11-01,19.64,1225.54,2024-12-02,True
2024-12-01,4.7,272.37,2025-01-01,False
2025-01-01,10.49,523.66,2025-02-01,True
2025-02-01,6.5,324.48,2025-03-04,True
2025-03-01,15.91,992.78,2025-04-01,True
2025-04-01,16.24,1403.53,2025-05-02,False
2025-05-01,22.38,1396.51,2025-06-01,True
2025-06-01,26.63,1661.71,2025-07-02,True
2025-07-01,20.15,1257.36,2025-08-01,True
2025-08-01,8.63,430.81,2025-09-01,True
2025-09-01,22.21,1742.77,2025-10-02,False
2025-10-01,16.63,1037.71,2025-11-01,True
2025-11-01,23.84,1487.62,2025-12-02,True
2025-12-01,11.89,593.54,2026-01-01,True
2025-05-01,23.75,1482.0,2025-05-26,True
2025-06-01,9.84,657.81,2025-06-26,False
2025-07-01,10.1,504.19,2025-07-26,True
2025-08-01,11.39,568.58,2025-08-26,True
2025-09-01,18.03,1125.07,2025-09-26,True
2025-10-01,76.34,4763.62,2025-10-26,True
2025-11-01,26.36,1644.86,2025-11-26,True
2025-12-01,7.97,472.13,2025-12-26,False
2026-01-01,11.93,595.55,2026-01-26,True
2026-02-01,16.09,1139.56,2026-02-26,False
2026-03-01,12.93,717.55,2026-03-26,False
2026-04-01,9.21,459.77,2026-04-26,True
2026-05-01,27.15,1694.16,2026-05-26,True
2026-06-01,27.84,1737.22,2026-06-26,True
2026-07-01,12.37,617.51,2026-07-26,True
2026-08-01,7.72,385.38,2026-08-26,False
2026-09-01,7.01,349.94,2026-09-26,True
2026-10-01,18.18,1134.43,2026-10-26,True
2026-11-01,19.19,1197.46,2026-11-26,True
2026-12-01,3.9,152.1,2026-12-26,True
2027-01-01,18.24,1138.18,2027-01-26,True
2027-02-01,10.54,526.15,2027-02-26,True
2027-03-01,16.97,1058.93,2027-03-26,False
2027-04-01,16.27,1015.25,2027-04-26,True
2026-03-01,15.77,1092.3,2026-03-28,False
2026-04-01,18.03,1125.07,2026-04-28,True
2026-05-01,22.97,1433.33,2026-05-28,True
2026-06-01,29.32,1890.56,2026-06-28,False
2026-07-01,11.95,596.54,2026-07-28,True
2026-08-01,14.73,735.32,2026-08-28,True
2026-09-01,25.98,1621.15,2026-09-28,True
2026-10-01,23.68,1477.63,2026-10-28,False
2026-11-01,13.79,688.39,2026-11-28,True
2026-12-01,15.11,942.86,2026-12-28,True
2027-01-01,17.23,1075.15,2027-01-28,True
2027-02-01,16.62,1037.09,2027-02-28,False
2027-03-01,16.8,1048.32,2027-03-28,True
2027-04-01,17.53,1093.87,2027-04-28,True
2027-05-01,13.97,697.38,2027-05-28,True
2027-06-01,13.38,667.93,2027-06-28,True
2027-07-01,24.42,1523.81,2027-07-28,False
2027-08-01,33.85,2112.24,2027-08-28,True
2027-09-01,14.06,701.88,2027-09-28,True
2027-10-01,22.91,1429.58,2027-10-28,True
2027-11-01,26.01,1623.02,2027-11-28,False
2027-12-01,9.03,450.78,2027-12-28,False
2028-01-01,10.21,509.69,2028-01-28,False
2028-02-01,10.58,528.16,2028-02-28,False
2022-03-01,18.01,2597.9,2022-04-16,False
2022-04-01,18.92,2698.68,2022-05-17,False
2022-05-01,15.7,2214.89,2022-06-16,False
2022-06-01,21.37,1333.49,2022-07-17,True
2022-07-01,12.92,1425.36,2022-08-16,False
2022-08-01,21.18,1321.63,2022-09-16,True
2022-09-01,18.24,1138.18,2022-10-17,True
2022-10-01,9.2,459.26,2022-11-16,True
2022-11-01,20.99,1309.78,2022-12-17,True
2022-12-01,14.66,731.83,2023-01-16,True
2023-01-01,9.18,942.51,2023-02-16,False
2023-02-01,15.14,1918.61,2023-03-19,False
2023-03-01,24.94,1556.26,2023-04-16,True
2023-04-01,26.17,1633.01,2023-05-17,True
2023-05-01,5.55,216.46,2023-06-16,True
2023-06-01,24.2,1510.08,2023-07-17,True
2023-07-01,27.19,3233.55,2023-08-16,False
2023-08-01,11.1,554.11,2023-09-16,True
2023-09-01,18.99,1184.98,2023-10-17,True
2023-10-01,23.83,1486.99,2023-11-16,True
2023-11-01,15.69,979.06,2023-12-17,True
2023-12-01,15.58,1728.88,2024-01-16,False
2024-01-01,5.98,233.23,2024-02-16,True
2024-02-01,5.14,200.46,2024-03-18,True
2022-08-01,10.93,545.63,2022-09-13,True
2022-09-01,15.37,959.09,2022-10-14,True
2022-10-01,11.74,586.06,2022-11-13,True
2022-11-01,23.68,1477.63,2022-12-14,True
2022-12-01,8.7,434.3,2023-01-13,True
2023-01-01,8.6,884.02,2023-02-13,False
2023-02-01,16.38,1022.11,2023-03-16,True
2023-03-01,24.31,1516.94,2023-04-13,True
2023-04-01,6.87,342.95,2023-05-14,True
2023-05-01,21.03,1312.27,2023-06-13,True
2023-06-01,25.32,1579.97,2023-07-14,True
2023-07-01,22.5,1404.0,2023-08-13,True
2023-08-01,35.58,2220.19,2023-09-13,True
2023-09-01,18.52,1155.65,2023-10-14,True
2023-10-01,25.17,1570.61,2023-11-13,True
2023-11-01,10.66,960.97,2023-12-14,False
2023-12-01,7.04,351.43,2024-01-13,True
2024-01-01,12.67,632.48,2024-02-13,True
2024-02-01,10.97,547.62,2024-03-15,True
2024-03-01,19.71,1229.9,2024-04-13,True
2024-04-01,7.12,355.43,2024-05-14,True
2024-05-01,8.35,689.51,2024-06-13,False
2024-06-01,31.27,1951.25,2024-07-14,True
2024-07-01,12.09,603.53,2024-08-13,True
2026-05-01,18.01,1182.82,2026-06-05,False
2026-06-01,28.29,1765.3,2026-07-06,True
2026-07-01,28.82,1801.37,2026-08-05,False
2026-08-01,17.09,1066.42,2026-09-05,True
2026-09-01,10.56,527.16,2026-10-06,True
2026-10-01,7.26,362.42,2026-11-05,True
2026-11-01,17.19,1072.66,2026-12-06,True
2026-12-01,6.33,316.0,2027-01-05,True
2027-01-01,15.25,951.6,2027-02-05,False
2027-02-01,11.91,594.55,2027-03-08,True
2027-03-01,19.9,1241.76,2027-04-05,True
2027-04-01,20.26,1264.22,2027-05-06,True
2027-05-01,13.17,657.44,2027-06-05,True
2027-06-01,12.18,608.03,2027-07-06,True
2027-07-01,13.54,675.91,2027-08-05,True
2027-08-01,26.23,1636.75,2027-09-05,True
2027-09-01,19.5,1216.8,2027-10-06,True
2027-10-01,7.23,360.92,2027-11-05,False
2027-11-01,9.44,471.24,2027-12-06,True
2027-12-01,10.68,533.15,2028-01-05,True
2028-01-01,9.74,486.22,2028-02-05,True
2028-02-01,9.95,496.7,2028-03-07,True
2028-03-01,19.99,1247.38,2028-04-05,False
2028-04-01,15.71,980.3,2028-05-06,False
2024-03-01,6.0,234.0,2024-03-28,True
2024-04-01,9.75,486.72,2024-04-28,True
2024-05-01,5.23,203.98,2024-05-28,True
2024-06-01,8.96,447.29,2024-06-28,True
2024-07-01,8.18,408.35,2024-07-28,True
2024-08-01,17.17,1071.41,2024-08-28,True
2024-09-01,11.8,921.88,2024-09-28,False
2024-10-01,11.17,557.6,2024-10-28,True
2024-11-01,13.32,1006.81,2024-11-28,False
2024-12-01,16.25,1014.0,2024-12-28,True
2025-01-01,14.15,1033.65,2025-01-28,False
2025-02-01,5.96,232.44,2025-02-28,True
2025-03-01,17.82,1572.51,2025-03-28,False
2025-04-01,18.65,1615.69,2025-04-28,False
2025-05-01,14.33,715.36,2025-05-28,True
2025-06-01,33.25,2074.8,2025-06-28,True
2025-07-01,31.21,1947.5,2025-07-28,True
2025-08-01,32.58,2615.78,2025-08-28,False
2025-09-01,14.34,715.85,2025-09-28,True
2025-10-01,6.28,313.5,2025-10-28,True
2025-11-01,18.93,1429.29,2025-11-28,False
2025-12-01,15.12,943.49,2025-12-28,True
2026-01-01,10.12,585.6,2026-01-28,False
2026-02-01,10.09,503.69,2026-02-28,True
2026-08-01,20.3,1266.72,2026-08-24,True
2026-09-01,5.42,211.38,2026-09-24,False
2026-10-01,13.57,677.41,2026-10-24,True
2026-11-01,5.52,215.28,2026-11-24,False
2026-12-01,12.18,608.03,2026-12-24,True
2027-01-01,11.39,568.58,2027-01-24,True
2027-02-01,13.06,651.96,2027-02-24,True
2027-03-01,14.76,736.82,2027-03-24,True
2027-04-01,25.14,1568.74,2027-04-24,True
2027-05-01,15.66,977.18,2027-05-24,True
2027-06-01,8.55,426.82,2027-06-24,False
2027-07-01,28.27,1764.05,2027-07-24,True
2027-08-01,27.34,1706.02,2027-08-24,False
2027-09-01,11.15,556.61,2027-09-24,True
2027-10-01,21.1,1316.64,2027-10-24,False
2027-11-01,7.16,357.43,2027-11-24,True
2027-12-01,16.99,1060.18,2027-12-24,True
2028-01-01,13.98,697.88,2028-01-24,True
2028-02-01,13.4,668.93,2028-02-24,True
2028-03-01,10.14,506.18,2028-03-24,False
2028-04-01,18.36,1145.66,2028-04-24,True
2028-05-01,5.97,232.82,2028-05-24,True
2028-06-01,13.92,694.88,2028-06-24,True
2028-07-01,30.9,1928.16,2028-07-24,False
2025-05-01,21.75,1357.2,2025-06-03,True
2025-06-01,14.37,717.35,2025-07-04,True
2025-07-01,26.16,1632.38,2025-08-03,True
2025-08-01,20.27,1621.12,2025-09-03,False
2025-09-01,16.17,1267.15,2025-10-04,False
2025-10-01,11.83,590.56,2025-11-03,True
2025-11-01,8.66,432.31,2025-12-04,True
2025-12-01,11.48,676.23,2026-01-03,False
2026-01-01,10.87,542.63,2026-02-03,True
2026-02-01,5.24,204.36,2026-03-06,True
2026-03-01,7.08,390.55,2026-04-03,False
2026-04-01,11.77,587.56,2026-05-04,True
2026-05-01,13.97,697.38,2026-06-03,True
2026-06-01,25.69,1603.06,2026-07-04,True
2026-07-01,30.96,1938.34,2026-08-03,False
2026-08-01,31.75,1981.2,2026-09-03,False
2026-09-01,15.86,989.66,2026-10-04,True
2026-10-01,7.54,376.39,2026-11-03,True
2026-11-01,7.17,357.92,2026-12-04,True
2026-12-01,18.24,1138.18,2027-01-03,False
2027-01-01,12.33,615.52,2027-02-03,False
2027-02-01,17.39,1085.14,2027-03-06,True
2027-03-01,18.48,1153.15,2027-04-03,True
2027-04-01,18.46,1151.9,2027-05-04,True
2023-03-01,9.6,965.65,2023-04-07,False
2023-04-01,11.68,583.07,2023-05-08,True
2023-05-01,124.57,7773.17,2023-06-07,True
2023-06-01,30.32,1891.97,2023-07-08,True
2023-07-01,10.27,512.68,2023-08-07,True
2023-08-01,66.59,4155.22,2023-09-07,True
2023-09-01,17.63,1100.11,2023-10-08,True
2023-10-01,80.16,5001.98,2023-11-07,True
2023-11-01,8.69,785.54,2023-12-08,False
2023-12-01,16.94,1057.06,2024-01-07,True
2024-01-01,16.18,1009.63,2024-02-07,True
2024-02-01,7.82,390.37,2024-03-09,True
2024-03-01,19.19,1197.46,2024-04-07,True
2024-04-01,18.87,1177.49,2024-05-08,True
2024-05-01,6.01,300.02,2024-06-07,True
2024-06-01,21.35,1332.24,2024-07-08,True
2024-07-01,13.31,664.44,2024-08-07,True
2024-08-01,27.47,1714.13,2024-09-07,True
2024-09-01,24.38,1521.31,2024-10-08,True
2024-10-01,18.67,1165.01,2024-11-07,True
2024-11-01,18.84,1175.62,2024-12-08,True
2024-12-01,11.19,558.6,2025-01-07,True
2025-01-01,21.17,1922.07,2025-02-07,False
2025-02-01,15.87,990.29,2025-03-10,True
2026-05-01,14.79,738.31,2026-06-15,True
2026-06-01,32.88,2089.32,2026-07-16,False
2026-07-01,8.23,410.84,2026-08-15,True
2026-08-01,25.18,1571.23,2026-09-15,True
2026-09-01,7.62,380.39,2026-10-16,True
2026-10-01,17.74,1106.98,2026-11-15,True
2026-11-01,12.93,645.47,2026-12-16,True
2026-12-01,7.85,391.87,2027-01-15,True
2027-01-01,9.73,485.72,2027-02-15,True
2027-02-01,16.31,1017.74,2027-03-18,True
2027-03-01,12.48,623.0,2027-04-15,False
2027-04-01,13.85,691.39,2027-05-16,True
2027-05-01,5.55,216.46,2027-06-15,True
2027-06-01,8.63,430.81,2027-07-16,True
2027-07-01,26.83,1674.19,2027-08-15,True
2027-08-01,22.75,1419.6,2027-09-15,True
2027-09-01,17.97,1121.33,2027-10-16,True
2027-10-01,7.88,393.37,2027-11-15,True
2027-11-01,9.99,498.7,2027-12-16,True
2027-12-01,49.76,3105.02,2028-01-15,False
2028-01-01,13.26,661.94,2028-02-15,True
2028-02-01,12.79,638.47,2028-03-17,True
2028-03-01,18.56,1158.14,2028-04-15,True
2028-04-01,15.57,971.57,2028-05-16,False
2023-12-01,17.85,1113.84,2024-01-04,True
2024-01-01,10.5,524.16,2024-02-04,True
2024-02-01,7.04,351.43,2024-03-06,True
2024-03-01,18.19,1135.06,2024-04-04,True
2024-04-01,9.16,457.27,2024-05-05,True
2024-05-01,16.92,1055.81,2024-06-04,True
2024-06-01,32.84,2049.22,2024-07-05,True
2024-07-01,27.94,1743.46,2024-08-04,True
2024-08-01,27.79,1734.1,2024-09-04,True
2024-09-01,11.41,888.09,2024-10-05,False
2024-10-01,15.15,1450.34,2024-11-04,False
2024-11-01,14.33,715.36,2024-12-05,True
2024-12-01,15.43,1428.2,2025-01-04,False
2025-01-01,16.52,1030.85,2025-02-04,True
2025-02-01,7.66,382.39,2025-03-07,True
2025-03-01,11.2,559.1,2025-04-04,True
2025-04-01,25.36,1582.46,2025-05-05,True
2025-05-01,10.85,541.63,2025-06-04,True
2025-06-01,29.2,1822.08,2025-07-05,True
2025-07-01,29.77,1857.65,2025-08-04,True
2025-08-01,9.33,596.56,2025-09-04,False
2025-09-01,14.01,699.38,2025-10-05,True
2025-10-01,72.41,4518.38,2025-11-04,True
2025-11-01,24.44,1525.06,2025-12-05,True
2024-05-01,17.54,1094.5,2024-05-27,True
2024-06-01,34.17,2132.21,2024-06-27,True
2024-07-01,15.51,967.82,2024-07-27,True
2024-08-01,20.31,1267.34,2024-08-27,True
2024-09-01,10.59,827.78,2024-09-27,False
2024-10-01,19.03,1187.47,2024-10-27,True
2024-11-01,7.69,383.88,2024-11-27,True
2024-12-01,4.51,262.09,2024-12-27,False
2025-01-01,10.97,547.62,2025-01-27,True
2025-02-01,13.27,662.44,2025-02-27,True
2025-03-01,12.48,623.0,2025-03-27,True
2025-04-01,8.57,594.3,2025-04-27,False
2025-05-01,11.1,554.11,2025-05-27,True
2025-06-01,21.73,1355.95,2025-06-27,True
2025-07-01,13.82,689.89,2025-07-27,True
2025-08-01,12.54,625.99,2025-08-27,True
2025-09-01,8.56,427.32,2025-09-27,True
2025-10-01,15.65,976.56,2025-10-27,True
2025-11-01,14.12,704.87,2025-11-27,True
2025-12-01,9.1,538.69,2025-12-27,False
2026-01-01,9.45,471.74,2026-01-27,True
2026-02-01,16.47,1027.73,2026-02-27,True
2026-03-01,100.76,6287.42,2026-03-27,True
2026-04-01,6.18,308.51,2026-04-27,True
2024-09-01,14.01,699.38,2024-09-23,True
2024-10-01,9.49,731.53,2024-10-23,False
2024-11-01,20.65,1288.56,2024-11-23,True
2024-12-01,10.27,765.6,2024-12-23,False
2025-01-01,17.25,1579.62,2025-01-23,False
2025-02-01,7.49,539.04,2025-02-23,False
2025-03-01,21.23,1878.94,2025-03-23,False
2025-04-01,26.25,2280.91,2025-04-23,False
2025-05-01,14.0,698.88,2025-05-23,True
2025-06-01,15.96,995.9,2025-06-23,True
2025-07-01,8.15,406.85,2025-07-23,True
2025-08-01,22.56,1407.74,2025-08-23,True
2025-09-01,15.62,974.69,2025-09-23,True
2025-10-01,26.01,1623.02,2025-10-23,True
2025-11-01,23.34,1456.42,2025-11-23,True
2025-12-01,12.79,638.47,2025-12-23,True
2026-01-01,13.26,770.06,2026-01-23,False
2026-02-01,17.89,1116.34,2026-02-23,True
2026-03-01,22.04,1375.3,2026-03-23,True
2026-04-01,21.63,1349.71,2026-04-23,True
2026-05-01,21.72,1355.33,2026-05-23,True
2026-06-01,15.63,975.31,2026-06-23,True
2026-07-01,14.29,713.35,2026-07-23,True
2026-08-01,26.97,1682.93,2026-08-23,False
2021-11-01,14.51,724.34,2021-11-30,True
2021-12-01,15.4,2307.1,2021-12-30,False
2022-01-01,10.14,1202.18,2022-01-30,False
2022-02-01,21.16,1320.38,2022-03-02,True
2022-03-01,15.66,977.18,2022-03-30,True
2022-04-01,6.1,304.51,2022-04-30,True
2022-05-01,15.63,975.31,2022-05-30,True
2022-06-01,23.75,1482.0,2022-06-30,True
2022-07-01,21.48,1340.35,2022-07-30,True
2022-08-01,9.73,485.72,2022-08-30,True
2022-09-01,15.51,967.82,2022-09-30,True
2022-10-01,8.04,401.35,2022-10-30,True
2022-11-01,16.8,1048.32,2022-11-30,True
2022-12-01,17.61,1098.86,2022-12-30,True
2023-01-01,9.89,493.7,2023-01-30,True
2023-02-01,8.98,448.28,2023-03-02,True
2023-03-01,8.64,431.3,2023-03-30,True
2023-04-01,20.96,1307.9,2023-04-30,True
2023-05-01,9.67,482.72,2023-05-30,True
2023-06-01,34.63,2160.91,2023-06-30,True
2023-07-01,11.8,589.06,2023-07-30,True
2023-08-01,10.25,511.68,2023-08-30,True
2023-09-01,5.61,218.78,2023-09-30,True
2023-10-01,6.9,344.45,2023-10-30,True
2022-11-01,8.8,932.41,2022-11-29,False
2022-12-01,8.54,426.31,2022-12-29,True
2023-01-01,4.86,189.55,2023-01-29,True
2023-02-01,37.19,2320.66,2023-03-01,True
2023-03-01,21.67,2734.84,2023-03-29,False
2023-04-01,13.49,1344.6,2023-04-29,False
2023-05-01,16.28,1015.87,2023-05-29,True
2023-06-01,22.3,1391.52,2023-06-29,True
2023-07-01,11.25,561.6,2023-07-29,True
2023-08-01,27.89,1740.34,2023-08-29,True
2023-09-01,13.06,651.96,2023-09-29,True
2023-10-01,15.47,965.33,2023-10-29,True
2023-11-01,22.76,2582.43,2023-11-29,False
2023-12-01,11.96,597.05,2023-12-29,True
2024-01-01,9.3,464.26,2024-01-29,True
2024-02-01,19.86,1239.26,2024-02-29,True
2024-03-01,19.93,1243.63,2024-03-29,True
2024-04-01,21.45,1338.48,2024-04-29,True
2024-05-01,21.25,1326.0,2024-05-29,True
2024-06-01,135.31,13854.11,2024-06-29,False
2024-07-01,11.25,561.6,2024-07-29,True
2024-08-01,23.07,2288.92,2024-08-29,False
2024-09-01,11.32,565.09,2024-09-29,True
2024-10-01,13.07,652.45,2024-10-29,True
2025-06-01,31.8,1984.32,2025-07-05,True
2025-07-01,130.38,8135.71,2025-08-04,True
2025-08-01,18.46,1475.39,2025-09-04,False
2025-09-01,51.35,4021.32,2025-10-05,False
2025-10-01,15.28,953.47,2025-11-04,True
2025-11-01,13.56,815.12,2025-12-05,False
2025-12-01,14.28,712.86,2026-01-04,True
2026-01-01,8.91,444.79,2026-02-04,True
2026-02-01,5.65,220.34,2026-03-07,True
2026-03-01,14.43,720.35,2026-04-04,True
2026-04-01,105.05,6555.12,2026-05-05,True
2026-05-01,22.73,1418.35,2026-06-04,True
2026-06-01,25.08,1564.99,2026-07-05,True
2026-07-01,10.03,500.7,2026-08-04,True
2026-08-01,21.97,1370.93,2026-09-04,True
2026-09-01,20.51,1279.82,2026-10-05,True
2026-10-01,21.01,1311.02,2026-11-04,True
2026-11-01,17.08,1065.79,2026-12-05,True
2026-12-01,14.9,743.81,2027-01-04,True
2027-01-01,11.65,581.57,2027-02-04,False
2027-02-01,18.65,1163.76,2027-03-07,True
2027-03-01,11.63,580.57,2027-04-04,False
2027-04-01,21.26,1326.62,2027-05-05,True
2027-05-01,21.94,1369.06,2027-06-04,True
2024-06-01,7.88,393.37,2024-07-14,True
2024-07-01,61.5,6152.95,2024-08-13,False
2024-08-01,30.05,2958.0,2024-09-13,False
2024-09-01,24.68,1540.03,2024-10-14,True
2024-10-01,13.92,694.88,2024-11-13,True
2024-11-01,20.86,1301.66,2024-12-14,True
2024-12-01,10.56,778.0,2025-01-13,False
2025-01-01,10.34,748.45,2025-02-13,False
2025-02-01,10.16,507.19,2025-03-16,True
2025-03-01,20.05,1251.12,2025-04-13,True
2025-04-01,12.91,644.47,2025-05-14,True
2025-05-01,7.56,377.4,2025-06-13,True
2025-06-01,11.21,559.61,2025-07-14,True
2025-07-01,17.16,1070.78,2025-08-13,True
2025-08-01,37.82,3005.03,2025-09-13,False
2025-09-01,9.28,577.92,2025-10-14,False
2025-10-01,14.78,737.82,2025-11-13,True
2025-11-01,20.1,1254.24,2025-12-14,True
2025-12-01,13.28,776.74,2026-01-13,False
2026-01-01,11.07,552.61,2026-02-13,True
2026-02-01,13.24,740.25,2026-03-16,False
2026-03-01,8.12,405.35,2026-04-13,True
2026-04-01,19.09,1191.22,2026-05-14,True
2026-05-01,24.97,1558.13,2026-06-13,True
2022-03-01,13.22,659.94,2022-03-22,True
2022-04-01,24.63,1536.91,2022-04-22,True
2022-05-01,15.64,975.94,2022-05-22,True
2022-06-01,17.35,1082.64,2022-06-22,True
2022-07-01,9.83,490.72,2022-07-22,True
2022-08-01,13.95,696.38,2022-08-22,True
2022-09-01,6.74,336.46,2022-09-22,True
2022-10-01,14.24,710.86,2022-10-22,True
2022-11-01,26.9,1678.56,2022-11-22,True
2022-12-01,6.42,320.48,2022-12-22,True
2023-01-01,7.68,383.39,2023-01-22,True
2023-02-01,17.46,1089.5,2023-02-22,True
2023-03-01,20.26,1264.22,2023-03-22,True
2023-04-01,8.86,442.3,2023-04-22,True
2023-05-01,12.08,603.04,2023-05-22,True
2023-06-01,23.71,1479.5,2023-06-22,True
2023-07-01,13.8,688.9,2023-07-22,True
2023-08-01,23.47,1464.53,2023-08-22,True
2023-09-01,24.03,1499.47,2023-09-22,True
2023-10-01,24.58,2837.51,2023-10-22,False
2023-11-01,21.51,1342.22,2023-11-22,True
2023-12-01,9.92,890.95,2023-12-22,False
2024-01-01,17.79,1110.1,2024-01-22,True
2024-02-01,11.09,967.43,2024-02-22,False
2026-05-01,21.99,1372.18,2026-06-05,True
2026-06-01,22.49,1440.8,2026-07-06,False
2026-07-01,8.17,408.52,2026-08-05,False
2026-08-01,33.2,2071.68,2026-09-05,True
2026-09-01,17.79,1110.1,2026-10-06,True
2026-10-01,51.7,3226.08,2026-11-05,True
2026-11-01,15.27,952.85,2026-12-06,True
2026-12-01,10.3,514.18,2027-01-05,True
2027-01-01,17.17,1071.41,2027-02-05,True
2027-02-01,13.4,668.93,2027-03-08,True
2027-03-01,17.55,1095.12,2027-04-05,True
2027-04-01,22.77,1420.85,2027-05-06,False
2027-05-01,7.55,376.9,2027-06-05,False
2027-06-01,25.12,1567.49,2027-07-06,False
2027-07-01,32.29,2014.9,2027-08-05,True
2027-08-01,25.69,1603.06,2027-09-05,True
2027-09-01,21.28,1327.87,2027-10-06,True
2027-10-01,22.41,1398.38,2027-11-05,True
2027-11-01,22.75,1419.6,2027-12-06,True
2027-12-01,13.49,673.42,2028-01-05,False
2028-01-01,9.35,466.75,2028-02-05,True
2028-02-01,17.61,1098.86,2028-03-07,True
2028-03-01,13.19,658.44,2028-04-05,True
2028-04-01,20.65,1288.56,2028-05-06,True
2022-06-01,27.47,1714.13,2022-07-13,True
2022-07-01,33.28,2076.67,2022-08-12,True
2022-08-01,30.79,4202.84,2022-09-12,False
2022-09-01,14.45,721.34,2022-10-13,True
2022-10-01,16.88,1053.31,2022-11-12,True
2022-11-01,11.28,1188.61,2022-12-13,False
2022-12-01,5.32,432.77,2023-01-12,False
2023-01-01,15.14,944.74,2023-02-12,True
2023-02-01,17.63,1100.11,2023-03-15,True
2023-03-01,13.81,689.4,2023-04-12,True
2023-04-01,7.97,397.86,2023-05-13,True
2023-05-01,11.5,574.08,2023-06-12,True
2023-06-01,16.04,1000.9,2023-07-13,True
2023-07-01,22.98,2737.65,2023-08-12,False
2023-08-01,30.28,3558.5,2023-09-12,False
2023-09-01,21.42,1336.61,2023-10-13,True
2023-10-01,11.71,584.57,2023-11-12,True
2023-11-01,23.22,1448.93,2023-12-13,True
2023-12-01,17.25,1917.79,2024-01-12,False
2024-01-01,8.55,426.82,2024-02-12,True
2024-02-01,7.25,361.92,2024-03-14,True
2024-03-01,5.44,212.16,2024-04-12,True
2024-04-01,10.14,850.38,2024-05-13,False
2024-05-01,20.63,1287.31,2024-06-12,True
2023-12-01,17.65,1101.36,2024-01-08,True
2024-01-01,14.51,724.34,2024-02-08,True
2024-02-01,7.01,349.94,2024-03-10,True
2024-03-01,17.92,1911.21,2024-04-08,False
2024-04-01,10.94,546.12,2024-05-09,True
2024-05-01,21.34,1331.62,2024-06-08,True
2024-06-01,32.22,2010.53,2024-07-09,True
2024-07-01,9.86,492.22,2024-08-08,True
2024-08-01,32.55,2031.12,2024-09-08,True
2024-09-01,15.99,997.78,2024-10-09,True
2024-10-01,26.1,1628.64,2024-11-08,True
2024-11-01,7.62,380.39,2024-12-09,True
2024-12-01,10.06,502.2,2025-01-08,True
2025-01-01,15.95,1447.3,2025-02-08,False
2025-02-01,17.21,1073.9,2025-03-11,True
2025-03-01,16.14,1415.03,2025-04-08,False
2025-04-01,5.54,216.07,2025-05-09,True
2025-05-01,23.41,1460.78,2025-06-08,True
2025-06-01,8.83,440.8,2025-07-09,True
2025-07-01,14.47,722.34,2025-08-08,True
2025-08-01,8.21,409.85,2025-09-08,True
2025-09-01,19.68,1228.03,2025-10-09,True
2025-10-01,18.17,1133.81,2025-11-08,True
2025-11-01,10.93,655.21,2025-12-09,False
2023-02-01,11.21,1141.14,2023-03-09,False
2023-03-01,18.07,1127.57,2023-04-06,True
2023-04-01,6.44,639.75,2023-05-07,False
2023-05-01,19.69,2414.32,2023-06-06,False
2023-06-01,17.9,2165.97,2023-07-07,False
2023-07-01,37.68,2351.23,2023-08-06,True
2023-08-01,28.42,3348.79,2023-09-06,False
2023-09-01,19.57,1221.17,2023-10-07,True
2023-10-01,13.79,688.39,2023-11-06,True
2023-11-01,21.25,1326.0,2023-12-07,True
2023-12-01,16.16,1008.38,2024-01-06,True
2024-01-01,6.72,335.46,2024-02-06,True
2024-02-01,5.13,200.06,2024-03-08,True
2024-03-01,12.59,1075.24,2024-04-06,False
2024-04-01,13.53,675.42,2024-05-07,True
2024-05-01,21.66,1351.58,2024-06-06,True
2024-06-01,147.6,9210.24,2024-07-07,True
2024-07-01,7.34,589.61,2024-08-06,False
2024-08-01,30.88,1926.91,2024-09-06,True
2024-09-01,6.23,311.0,2024-10-07,True
2024-10-01,15.42,962.21,2024-11-06,True
2024-11-01,7.3,549.06,2024-12-07,False
2024-12-01,9.18,458.27,2025-01-06,True
2025-01-01,18.73,1168.75,2025-02-06,True
2022-10-01,14.5,723.84,2022-11-09,True
2022-11-01,24.34,1518.82,2022-12-10,True
2022-12-01,21.01,2737.85,2023-01-09,False
2023-01-01,15.26,952.22,2023-02-09,True
2023-02-01,5.17,201.62,2023-03-12,True
2023-03-01,17.27,2169.67,2023-04-09,False
2023-04-01,19.53,1218.67,2023-05-10,True
2023-05-01,25.08,1564.99,2023-06-09,True
2023-06-01,13.32,664.93,2023-07-10,True
2023-07-01,22.79,1422.1,2023-08-09,True
2023-08-01,9.84,926.34,2023-09-09,False
2023-09-01,22.94,1431.46,2023-10-10,True
2023-10-01,18.12,2074.82,2023-11-09,False
2023-11-01,19.67,1227.41,2023-12-10,True
2023-12-01,15.32,955.97,2024-01-09,True
2024-01-01,13.51,674.42,2024-02-09,True
2024-02-01,15.38,959.71,2024-03-11,True
2024-03-01,13.17,657.44,2024-04-09,True
2024-04-01,14.8,1243.06,2024-05-10,False
2024-05-01,13.09,653.45,2024-06-09,True
2024-06-01,16.17,1646.37,2024-07-10,False
2024-07-01,29.33,2940.51,2024-08-09,False
2024-08-01,34.82,2172.77,2024-09-09,True
2024-09-01,8.44,421.32,2024-10-10,True
2024-03-01,24.52,1530.05,2024-04-20,True
2024-04-01,16.91,1055.18,2024-05-20,True
2024-05-01,14.04,700.87,2024-06-20,True
2024-06-01,22.83,1424.59,2024-07-20,True
2024-07-01,13.35,666.43,2024-08-20,True
2024-08-01,13.17,657.44,2024-09-20,True
2024-09-01,15.44,963.46,2024-10-20,True
2024-10-01,5.95,352.92,2024-11-20,False
2024-11-01,7.28,363.42,2024-12-20,True
2024-12-01,16.06,1473.15,2025-01-20,False
2025-01-01,6.64,331.46,2025-02-20,True
2025-02-01,18.22,1136.93,2025-03-20,True
2025-03-01,17.71,1105.1,2025-04-20,True
2025-04-01,24.66,1538.78,2025-05-20,True
2025-05-01,22.96,1432.7,2025-06-20,True
2025-06-01,28.44,1774.66,2025-07-20,True
2025-07-01,8.05,401.86,2025-08-20,True
2025-08-01,29.65,2345.08,2025-09-20,False
2025-09-01,9.58,478.24,2025-10-20,True
2025-10-01,6.22,310.5,2025-11-20,True
2025-11-01,18.05,1126.32,2025-12-20,True
2025-12-01,7.02,408.55,2026-01-20,False
2026-01-01,11.54,576.07,2026-02-20,True
2026-02-01,20.32,1267.97,2026-03-20,True
2025-03-01,11.57,577.57,2025-04-04,True
2025-04-01,20.41,1273.58,2025-05-05,True
2025-05-01,8.71,434.81,2025-06-04,True
2025-06-01,13.12,654.95,2025-07-05,True
2025-07-01,19.44,1213.06,2025-08-04,True
2025-08-01,16.91,1055.18,2025-09-04,True
2025-09-01,6.45,321.98,2025-10-05,True
2025-10-01,20.09,1541.95,2025-11-04,False
2025-11-01,18.72,1168.13,2025-12-05,True
2025-12-01,17.21,1073.9,2026-01-04,True
2026-01-01,3.86,150.54,2026-02-04,True
2026-02-01,7.36,414.27,2026-03-07,False
2026-03-01,22.07,1377.17,2026-04-04,True
2026-04-01,24.55,1531.92,2026-05-05,True
2026-05-01,17.55,1095.12,2026-06-04,True
2026-06-01,7.89,404.69,2026-07-05,False
2026-07-01,23.61,1476.94,2026-08-04,False
2026-08-01,22.24,1387.78,2026-09-04,True
2026-09-01,33.43,2086.03,2026-10-05,True
2026-10-01,19.45,1213.68,2026-11-04,True
2026-11-01,72.98,4553.95,2026-12-05,True
2026-12-01,4.8,187.2,2027-01-04,True
2027-01-01,18.87,1177.49,2027-02-04,False
2027-02-01,11.2,559.1,2027-03-07,True
2024-01-01,12.77,637.48,2024-01-23,True
2024-02-01,11.23,979.18,2024-02-23,False
2024-03-01,14.63,730.33,2024-03-23,True
2024-04-01,18.12,1130.69,2024-04-23,True
2024-05-01,15.24,950.98,2024-05-23,True
2024-06-01,16.31,1675.03,2024-06-23,False
2024-07-01,17.59,1779.06,2024-07-23,False
2024-08-01,28.3,1765.92,2024-08-23,True
2024-09-01,5.92,230.88,2024-09-23,True
2024-10-01,24.2,1510.08,2024-10-23,True
2024-11-01,17.2,1629.6,2024-11-23,False
2024-12-01,17.96,1120.7,2024-12-23,True
2025-01-01,19.06,1189.34,2025-01-23,True
2025-02-01,13.3,663.94,2025-02-23,True
2025-03-01,10.48,742.02,2025-03-23,False
2025-04-01,25.38,1583.71,2025-04-23,True
2025-05-01,12.51,854.0,2025-05-23,False
2025-06-01,29.44,2464.72,2025-06-23,False
2025-07-01,18.53,1522.42,2025-07-23,False
2025-08-01,22.07,1777.7,2025-08-23,False
2025-09-01,22.67,1414.61,2025-09-23,True
2025-10-01,12.73,635.48,2025-10-23,True
2025-11-01,24.09,1503.22,2025-11-23,True
2025-12-01,4.06,158.35,2025-12-23,True
2023-05-01,25.96,1619.9,2023-05-23,True
2023-06-01,26.25,3195.47,2023-06-23,False
2023-07-01,11.18,558.11,2023-07-23,True
2023-08-01,30.22,1885.73,2023-08-23,True
2023-09-01,18.32,2142.49,2023-09-23,False
2023-10-01,16.78,1936.21,2023-10-23,False
2023-11-01,6.01,547.04,2023-11-23,False
2023-12-01,17.16,1070.78,2023-12-23,True
2024-01-01,18.23,1137.55,2024-01-23,True
2024-02-01,18.4,1148.16,2024-02-23,True
2024-03-01,17.42,1087.01,2024-03-23,True
2024-04-01,13.94,695.88,2024-04-23,True
2024-05-01,11.84,988.04,2024-05-23,False
2024-06-01,30.5,1903.2,2024-06-23,True
2024-07-01,33.02,2060.45,2024-07-23,True
2024-08-01,26.54,1656.1,2024-08-23,True
2024-09-01,21.68,2122.82,2024-09-23,False
2024-10-01,25.97,1620.53,2024-10-23,True
2024-11-01,6.26,474.48,2024-11-23,False
2024-12-01,12.41,925.13,2024-12-23,False
2025-01-01,19.12,1750.86,2025-01-23,False
2025-02-01,58.08,3624.19,2025-02-23,True
2025-03-01,18.46,1151.9,2025-03-23,True
2025-04-01,6.74,336.46,2025-04-23,True
2023-02-01,16.38,2097.03,2023-02-22,False
2023-03-01,25.93,1618.03,2023-03-22,True
2023-04-01,17.58,2196.72,2023-04-22,False
2023-05-01,20.8,1297.92,2023-05-22,True
2023-06-01,22.14,1381.54,2023-06-22,True
2023-07-01,35.01,2184.62,2023-07-22,True
2023-08-01,24.35,2888.2,2023-08-22,False
2023-09-01,5.46,212.94,2023-09-22,True
2023-10-01,18.98,1184.35,2023-10-22,True
2023-11-01,24.94,1556.26,2023-11-22,True
2023-12-01,20.7,2323.95,2023-12-22,False
2024-01-01,8.23,410.84,2024-01-22,True
2024-02-01,16.52,1030.85,2024-02-22,True
2024-03-01,10.83,931.7,2024-03-22,False
2024-04-01,13.46,671.93,2024-04-22,True
2024-05-01,12.57,1049.48,2024-05-22,False
2024-06-01,35.5,2215.2,2024-06-22,True
2024-07-01,10.74,536.14,2024-07-22,True
2024-08-01,12.26,612.02,2024-08-22,True
2024-09-01,14.71,1152.9,2024-09-22,False
2024-10-01,25.11,1566.86,2024-10-22,True
2024-11-01,5.29,206.3,2024-11-22,True
2024-12-01,7.25,361.92,2024-12-22,True
2025-01-01,12.29,613.51,2025-01-22,True
2021-10-01,20.64,1287.94,2021-10-23,True
2021-11-01,22.26,1389.02,2021-11-23,True
2021-12-01,21.73,1355.95,2021-12-23,True
2022-01-01,9.68,483.23,2022-01-23,True
2022-02-01,4.46,173.94,2022-02-23,True
2022-03-01,23.01,1435.82,2022-03-23,True
2022-04-01,6.93,797.7,2022-04-23,False
2022-05-01,9.73,485.72,2022-05-23,True
2022-06-01,23.77,1483.25,2022-06-23,True
2022-07-01,27.76,1732.22,2022-07-23,True
2022-08-01,21.86,1364.06,2022-08-23,True
2022-09-01,22.58,1408.99,2022-09-23,True
2022-10-01,7.22,360.42,2022-10-23,True
2022-11-01,23.38,1458.91,2022-11-23,True
2022-12-01,6.38,318.49,2022-12-23,True
2023-01-01,18.7,1166.88,2023-01-23,True
2023-02-01,11.18,558.11,2023-02-23,True
2023-03-01,13.86,1402.83,2023-03-23,False
2023-04-01,10.04,501.19,2023-04-23,True
2023-05-01,5.57,429.37,2023-05-23,False
2023-06-01,14.33,715.36,2023-06-23,True
2023-07-01,23.37,1458.29,2023-07-23,True
2023-08-01,28.74,1793.38,2023-08-23,True
2023-09-01,23.36,1457.66,2023-09-23,True
2025-01-01,9.71,484.73,2025-02-04,True
2025-02-01,15.57,971.57,2025-03-07,True
2025-03-01,17.35,1082.64,2025-04-04,True
2025-04-01,13.03,650.46,2025-05-05,True
2025-05-01,11.26,562.1,2025-06-04,True
2025-06-01,27.23,1699.15,2025-07-05,True
2025-07-01,26.78,1671.07,2025-08-04,True
2025-08-01,17.68,1413.05,2025-09-04,False
2025-09-01,14.11,704.38,2025-10-05,True
2025-10-01,8.54,524.36,2025-11-04,False
2025-11-01,25.94,1618.66,2025-12-05,True
2025-12-01,11.04,551.11,2026-01-04,True
2026-01-01,9.69,483.72,2026-02-04,True
2026-02-01,16.87,1052.69,2026-03-07,True
2026-03-01,8.9,490.57,2026-04-04,False
2026-04-01,10.21,509.69,2026-05-05,True
2026-05-01,8.77,437.8,2026-06-04,True
2026-06-01,14.32,734.51,2026-07-05,False
2026-07-01,21.43,1337.23,2026-08-04,True
2026-08-01,22.12,1380.29,2026-09-04,True
2026-09-01,7.78,388.38,2026-10-05,True
2026-10-01,16.66,1039.58,2026-11-04,False
2026-11-01,14.62,729.83,2026-12-05,True
2026-12-01,19.94,1244.26,2027-01-04,False
2025-01-01,14.28,712.86,2025-01-21,True
2025-02-01,11.98,598.04,2025-02-21,True
2025-03-01,18.19,1135.06,2025-03-21,True
2025-04-01,13.79,688.39,2025-04-21,True
2025-05-01,10.83,540.64,2025-05-21,True
2025-06-01,36.45,3055.38,2025-06-21,False
2025-07-01,33.24,2074.18,2025-07-21,True
2025-08-01,18.17,1465.45,2025-08-21,False
2025-09-01,25.22,1573.73,2025-09-21,True
2025-10-01,17.87,1115.09,2025-10-21,True
2025-11-01,18.43,1150.03,2025-11-21,True
2025-12-01,14.28,712.86,2025-12-21,True
2026-01-01,17.57,1096.37,2026-01-21,True
2026-02-01,9.21,459.77,2026-02-21,True
2026-03-01,25.13,1568.11,2026-03-21,True
2026-04-01,6.39,318.98,2026-04-21,True
2026-05-01,21.56,1432.79,2026-05-21,False
2026-06-01,29.64,1849.54,2026-06-21,True
2026-07-01,7.12,360.47,2026-07-21,False
2026-08-01,24.93,1555.63,2026-08-21,True
2026-09-01,14.65,731.33,2026-09-21,True
2026-10-01,9.65,481.73,2026-10-21,True
2026-11-01,24.43,1524.43,2026-11-21,True
2026-12-01,5.45,212.54,2026-12-21,False
2026-02-01,7.72,385.38,2026-03-01,True
2026-03-01,21.94,1369.06,2026-03-29,True
2026-04-01,10.42,520.16,2026-04-29,True
2026-05-01,13.5,673.92,2026-05-29,True
2026-06-01,35.65,2224.56,2026-06-29,True
2026-07-01,11.67,582.56,2026-07-29,True
2026-08-01,34.11,2128.46,2026-08-29,True
2026-09-01,17.01,1061.42,2026-09-29,True
2026-10-01,10.91,544.63,2026-10-29,True
2026-11-01,11.78,588.06,2026-11-29,True
2026-12-01,72.15,4502.16,2026-12-29,True
2027-01-01,8.44,421.32,2027-01-29,True
2027-02-01,16.75,1045.2,2027-03-01,True
2027-03-01,19.24,1200.58,2027-03-29,True
2027-04-01,20.57,1283.57,2027-04-29,False
2027-05-01,22.86,1426.46,2027-05-29,True
2027-06-01,12.52,625.0,2027-06-29,False
2027-07-01,17.18,1072.03,2027-07-29,True
2027-08-01,15.68,978.43,2027-08-29,True
2027-09-01,6.32,315.49,2027-09-29,True
2027-10-01,19.5,1216.8,2027-10-29,True
2027-11-01,8.91,444.79,2027-11-29,True
2027-12-01,16.68,1040.83,2027-12-29,True
2028-01-01,13.16,656.95,2028-01-29,True
2022-11-01,13.94,695.88,2022-12-13,True
2022-12-01,21.38,1334.11,2023-01-12,True
2023-01-01,8.86,442.3,2023-02-12,True
2023-02-01,10.36,517.18,2023-03-15,True
2023-03-01,5.78,453.3,2023-04-12,False
2023-04-01,6.23,617.34,2023-05-13,False
2023-05-01,9.82,490.21,2023-06-12,True
2023-06-01,10.35,516.67,2023-07-13,True
2023-07-01,30.63,1911.31,2023-08-12,True
2023-08-01,7.66,720.17,2023-09-12,False
2023-09-01,10.38,518.17,2023-10-13,True
2023-10-01,23.07,1439.57,2023-11-12,True
2023-11-01,9.67,872.11,2023-12-13,False
2023-12-01,14.23,710.36,2024-01-12,True
2024-01-01,20.32,1267.97,2024-02-12,True
2024-02-01,6.57,327.97,2024-03-14,True
2024-03-01,7.78,388.38,2024-04-12,True
2024-04-01,21.41,1335.98,2024-05-13,True
2024-05-01,18.46,1906.39,2024-06-12,False
2024-06-01,15.93,994.03,2024-07-13,True
2024-07-01,15.04,938.5,2024-08-12,True
2024-08-01,66.98,4179.55,2024-09-12,True
2024-09-01,21.78,2109.96,2024-10-13,False
2024-10-01,12.76,636.98,2024-11-12,True
2024-04-01,8.5,424.32,2024-05-04,True
2024-05-01,11.76,975.99,2024-06-03,False
2024-06-01,14.81,739.32,2024-07-04,True
2024-07-01,32.77,2044.85,2024-08-03,True
2024-08-01,37.8,2358.72,2024-09-03,True
2024-09-01,13.07,652.45,2024-10-04,True
2024-10-01,5.96,356.8,2024-11-03,False
2024-11-01,14.56,1096.92,2024-12-04,False
2024-12-01,9.4,469.25,2025-01-03,True
2025-01-01,17.47,1090.13,2025-02-03,True
2025-02-01,20.71,1292.3,2025-03-06,True
2025-03-01,9.89,695.71,2025-04-03,False
2025-04-01,17.79,1110.1,2025-05-04,True
2025-05-01,13.83,690.4,2025-06-03,True
2025-06-01,15.13,944.11,2025-07-04,True
2025-07-01,22.3,1391.52,2025-08-03,True
2025-08-01,22.18,1773.87,2025-09-03,False
2025-09-01,29.78,2333.68,2025-10-04,False
2025-10-01,21.87,1679.71,2025-11-03,False
2025-11-01,15.82,987.17,2025-12-04,True
2025-12-01,15.42,962.21,2026-01-03,True
2026-01-01,47.88,2987.71,2026-02-03,True
2026-02-01,16.76,1180.03,2026-03-06,False
2026-03-01,5.28,205.92,2026-04-03,True
2022-03-01,14.98,747.8,2022-04-13,True
2022-04-01,10.37,517.67,2022-05-14,True
2022-05-01,12.77,637.48,2022-06-13,True
2022-06-01,19.49,1216.18,2022-07-14,True
2022-07-01,18.21,2514.06,2022-08-13,False
2022-08-01,27.66,1725.98,2022-09-13,True
2022-09-01,13.3,1434.66,2022-10-14,False
2022-10-01,11.63,580.57,2022-11-13,True
2022-11-01,15.36,958.46,2022-12-14,True
2022-12-01,11.19,1164.68,2023-01-13,False
2023-01-01,9.0,449.28,2023-02-13,True
2023-02-01,17.51,1092.62,2023-03-16,True
2023-03-01,6.01,603.04,2023-04-13,False
2023-04-01,18.2,1135.68,2023-05-14,True
2023-05-01,21.08,1315.39,2023-06-13,True
2023-06-01,12.04,601.03,2023-07-14,True
2023-07-01,24.99,2975.82,2023-08-13,False
2023-08-01,10.5,524.16,2023-09-13,True
2023-09-01,6.73,335.96,2023-10-14,True
2023-10-01,17.83,1112.59,2023-11-13,True
2023-11-01,19.2,1198.08,2023-12-14,True
2023-12-01,16.88,1053.31,2024-01-13,True
2024-01-01,10.72,535.14,2024-02-13,True
2024-02-01,14.06,701.88,2024-03-15,True
2025-11-01,9.96,497.21,2025-12-18,True
2025-12-01,16.06,1002.14,2026-01-17,True
2026-01-01,20.44,1275.46,2026-02-17,True
2026-02-01,13.16,656.95,2026-03-20,True
2026-03-01,11.84,646.21,2026-04-17,False
2026-04-01,9.6,479.23,2026-05-18,True
2026-05-01,8.4,419.33,2026-06-17,True
2026-06-01,14.15,706.37,2026-07-18,True
2026-07-01,9.1,454.27,2026-08-17,True
2026-08-01,171.63,10709.71,2026-09-17,True
2026-09-01,11.94,596.04,2026-10-18,True
2026-10-01,18.91,1179.98,2026-11-17,True
2026-11-01,17.74,1106.98,2026-12-18,True
2026-12-01,11.55,576.58,2027-01-17,False
2027-01-01,12.44,621.0,2027-02-17,True
2027-02-01,16.0,998.4,2027-03-20,True
2027-03-01,24.7,1541.28,2027-04-17,True
2027-04-01,25.07,1564.37,2027-05-18,False
2027-05-01,19.43,1212.43,2027-06-17,True
2027-06-01,9.4,469.25,2027-07-18,True
2027-07-01,23.41,1460.78,2027-08-17,True
2027-08-01,17.4,1085.76,2027-09-17,True
2027-09-01,11.83,590.56,2027-10-18,True
2027-10-01,14.61,729.34,2027-11-17,True
2022-11-01,80.14,5000.74,2022-12-07,True
2022-12-01,4.7,183.31,2023-01-06,True
2023-01-01,14.02,699.88,2023-02-06,True
2023-02-01,14.63,730.33,2023-03-09,True
2023-03-01,14.97,747.3,2023-04-06,True
2023-04-01,21.1,1316.64,2023-05-07,True
2023-05-01,14.25,1397.82,2023-06-06,False
2023-06-01,9.44,471.24,2023-07-07,True
2023-07-01,19.42,1211.81,2023-08-06,True
2023-08-01,12.06,602.04,2023-09-06,True
2023-09-01,10.22,510.18,2023-10-07,True
2023-10-01,15.72,980.93,2023-11-06,True
2023-11-01,23.18,1446.43,2023-12-07,True
2023-12-01,6.84,610.06,2024-01-06,False
2024-01-01,4.37,170.42,2024-02-06,True
2024-02-01,11.45,571.58,2024-03-08,True
2024-03-01,12.76,636.98,2024-04-06,True
2024-04-01,5.76,224.64,2024-05-07,True
2024-05-01,6.1,304.51,2024-06-06,True
2024-06-01,26.39,1646.74,2024-07-07,True
2024-07-01,15.57,971.57,2024-08-06,True
2024-08-01,7.27,362.92,2024-09-06,True
2024-09-01,9.37,467.75,2024-10-07,True
2024-10-01,16.5,1029.6,2024-11-06,True
2026-01-01,12.04,601.03,2026-02-09,True
2026-02-01,6.88,343.45,2026-03-12,True
2026-03-01,12.89,643.46,2026-04-09,True
2026-04-01,5.39,210.22,2026-05-10,True
2026-05-01,15.54,1017.38,2026-06-09,False
2026-06-01,15.64,975.94,2026-07-10,True
2026-07-01,13.9,693.89,2026-08-09,False
2026-08-01,12.55,626.5,2026-09-09,True
2026-09-01,18.92,1180.61,2026-10-10,True
2026-10-01,19.78,1234.27,2026-11-09,True
2026-11-01,20.65,1288.56,2026-12-10,True
2026-12-01,4.73,184.46,2027-01-09,False
2027-01-01,10.95,546.62,2027-02-09,True
2027-02-01,16.84,1050.82,2027-03-12,True
2027-03-01,5.85,228.14,2027-04-09,False
2027-04-01,9.37,467.75,2027-05-10,True
2027-05-01,15.05,939.12,2027-06-09,True
2027-06-01,33.42,2085.41,2027-07-10,False
2027-07-01,21.6,1347.84,2027-08-09,False
2027-08-01,24.3,1516.32,2027-09-09,False
2027-09-01,14.36,716.86,2027-10-10,True
2027-10-01,13.8,688.9,2027-11-09,True
2027-11-01,21.9,1366.56,2027-12-10,True
2027-12-01,7.98,398.36,2028-01-09,True
2024-06-01,18.35,1145.04,2024-06-30,True
2024-07-01,36.4,2271.36,2024-07-30,True
2024-08-01,22.54,1406.5,2024-08-30,True
2024-09-01,17.36,1693.5,2024-09-30,False
2024-10-01,18.14,1131.94,2024-10-30,True
2024-11-01,12.37,933.98,2024-11-30,False
2024-12-01,12.89,643.46,2024-12-30,True
2025-01-01,15.59,972.82,2025-01-30,True
2025-02-01,12.59,902.41,2025-03-02,False
2025-03-01,11.32,565.09,2025-03-30,True
2025-04-01,23.93,2070.61,2025-04-30,False
2025-05-01,18.37,1146.29,2025-05-30,True
2025-06-01,24.95,2079.73,2025-06-30,False
2025-07-01,31.95,1993.68,2025-07-30,True
2025-08-01,13.25,849.95,2025-08-30,False
2025-09-01,15.75,982.8,2025-09-30,True
2025-10-01,14.9,743.81,2025-10-30,True
2025-11-01,10.69,533.64,2025-11-30,True
2025-12-01,13.56,801.02,2025-12-30,False
2026-01-01,16.42,1024.61,2026-01-30,True
2026-02-01,17.15,1211.06,2026-03-02,False
2026-03-01,11.69,583.56,2026-03-30,True
2026-04-01,7.54,376.39,2026-04-30,True
2026-05-01,12.35,616.51,2026-05-30,True
2026-07-01,23.55,1469.52,2026-08-10,True
2026-08-01,31.14,1943.14,2026-09-10,True
2026-09-01,11.32,565.09,2026-10-11,False
2026-10-01,14.29,713.35,2026-11-10,True
2026-11-01,10.94,546.12,2026-12-11,True
2026-12-01,18.16,1133.18,2027-01-10,True
2027-01-01,4.62,180.19,2027-02-10,True
2027-02-01,5.43,211.78,2027-03-13,True
2027-03-01,12.87,642.47,2027-04-10,True
2027-04-01,5.99,233.62,2027-05-11,True
2027-05-01,19.25,1201.2,2027-06-10,True
2027-06-01,13.94,695.88,2027-07-11,True
2027-07-01,33.12,2066.69,2027-08-10,True
2027-08-01,8.05,401.86,2027-09-10,False
2027-09-01,9.24,461.26,2027-10-11,False
2027-10-01,15.08,940.99,2027-11-10,False
2027-11-01,17.12,1068.29,2027-12-11,False
2027-12-01,15.36,958.46,2028-01-10,True
2028-01-01,9.83,490.72,2028-02-10,True
2028-02-01,20.18,1259.23,2028-03-12,True
2028-03-01,5.32,207.48,2028-04-10,True
2028-04-01,23.94,1493.86,2028-05-11,True
2028-05-01,10.39,518.66,2028-06-10,True
2028-06-01,18.67,1165.01,2028-07-11,True
2024-05-01,19.08,1190.59,2024-06-11,True
2024-06-01,13.67,682.4,2024-07-12,True
2024-07-01,142.76,8908.22,2024-08-11,True
2024-08-01,18.28,1140.67,2024-09-11,True
2024-09-01,7.59,378.89,2024-10-12,True
2024-10-01,18.2,1735.7,2024-11-11,False
2024-11-01,9.39,468.74,2024-12-12,True
2024-12-01,16.98,1059.55,2025-01-11,True
2025-01-01,20.12,1255.49,2025-02-11,True
2025-02-01,13.49,673.42,2025-03-14,True
2025-03-01,18.36,1606.79,2025-04-11,False
2025-04-01,11.62,580.07,2025-05-12,True
2025-05-01,14.1,703.87,2025-06-11,True
2025-06-01,16.52,1366.74,2025-07-12,False
2025-07-01,13.74,685.9,2025-08-11,True
2025-08-01,24.32,1517.57,2025-09-11,True
2025-09-01,8.52,425.32,2025-10-12,True
2025-10-01,5.87,228.94,2025-11-11,True
2025-11-01,8.52,425.32,2025-12-12,True
2025-12-01,8.06,402.36,2026-01-11,True
2026-01-01,5.81,260.0,2026-02-11,False
2026-02-01,16.53,1031.47,2026-03-14,True
2026-03-01,8.0,399.36,2026-04-11,True
2026-04-01,18.04,1125.7,2026-05-12,True
2023-06-01,34.0,4140.66,2023-06-22,False
2023-07-01,20.56,1282.94,2023-07-22,True
2023-08-01,8.49,423.82,2023-08-22,True
2023-09-01,6.97,347.94,2023-09-22,True
2023-10-01,21.28,1327.87,2023-10-22,True
2023-11-01,16.15,1007.76,2023-11-22,True
2023-12-01,11.56,1038.26,2023-12-22,False
2024-01-01,8.45,748.03,2024-01-22,False
2024-02-01,17.02,1855.93,2024-02-22,False
2024-03-01,12.55,626.5,2024-03-22,True
2024-04-01,21.63,2291.13,2024-04-22,False
2024-05-01,13.18,657.95,2024-05-22,True
2024-06-01,21.33,2191.7,2024-06-22,False
2024-07-01,12.21,609.53,2024-07-22,True
2024-08-01,33.06,2062.94,2024-08-22,True
2024-09-01,15.94,1561.62,2024-09-22,False
2024-10-01,16.95,1057.68,2024-10-22,True
2024-11-01,15.01,1422.88,2024-11-22,False
2024-12-01,16.9,1575.69,2024-12-22,False
2025-01-01,9.83,720.54,2025-01-22,False
2025-02-01,7.27,362.92,2025-02-22,True
2025-03-01,5.51,214.9,2025-03-22,True
2025-04-01,21.13,1318.51,2025-04-22,True
2025-05-01,56.16,4795.16,2025-05-22,False
2026-03-01,9.93,495.71,2026-03-30,True
2026-04-01,14.54,785.71,2026-04-30,False
2026-05-01,8.34,440.27,2026-05-30,False
2026-06-01,12.32,615.01,2026-06-30,True
2026-07-01,14.28,712.86,2026-07-30,True
2026-08-01,16.92,1055.81,2026-08-30,True
2026-09-01,23.87,1489.49,2026-09-30,True
2026-10-01,17.18,1072.03,2026-10-30,False
2026-11-01,13.05,651.46,2026-11-30,False
2026-12-01,16.06,1002.14,2026-12-30,True
2027-01-01,17.36,1083.26,2027-01-30,True
2027-02-01,21.41,1335.98,2027-03-02,True
2027-03-01,11.59,578.57,2027-03-30,False
2027-04-01,5.04,196.56,2027-04-30,False
2027-05-01,15.57,971.57,2027-05-30,False
2027-06-01,24.86,1551.26,2027-06-30,True
2027-07-01,17.33,1081.39,2027-07-30,True
2027-08-01,16.26,1014.62,2027-08-30,False
2027-09-01,18.09,1128.82,2027-09-30,True
2027-10-01,14.04,700.87,2027-10-30,True
2027-11-01,16.95,1057.68,2027-11-30,False
2027-12-01,18.25,1138.8,2027-12-30,True
2028-01-01,9.78,488.22,2028-01-30,True
2028-02-01,12.9,643.97,2028-03-01,True
2023-01-01,13.09,653.45,2023-01-22,True
2023-02-01,4.13,161.06,2023-02-22,True
2023-03-01,13.09,1325.41,2023-03-22,False
2023-04-01,22.98,1433.95,2023-04-22,True
2023-05-01,24.35,1519.44,2023-05-22,True
2023-06-01,10.84,541.13,2023-06-22,True
2023-07-01,28.33,1767.79,2023-07-22,True
2023-08-01,12.48,623.0,2023-08-22,True
2023-09-01,19.71,1229.9,2023-09-22,True
2023-10-01,19.67,2270.71,2023-10-22,False
2023-11-01,25.01,1560.62,2023-11-22,True
2023-12-01,19.54,1219.3,2023-12-22,True
2024-01-01,8.43,420.83,2024-01-22,True
2024-02-01,15.54,1694.55,2024-02-22,False
2024-03-01,18.3,1967.91,2024-03-22,False
2024-04-01,5.57,217.22,2024-04-22,True
2024-05-01,15.55,970.32,2024-05-22,True
2024-06-01,20.76,1295.42,2024-06-22,True
2024-07-01,29.65,1850.16,2024-07-22,True
2024-08-01,14.54,725.83,2024-08-22,True
2024-09-01,10.83,540.64,2024-09-22,True
2024-10-01,19.44,1213.06,2024-10-22,True
2024-11-01,13.45,1020.0,2024-11-22,False
2024-12-01,8.12,405.35,2024-12-22,True
2026-02-01,18.15,1132.56,2026-03-12,True
2026-03-01,13.31,664.44,2026-04-09,True
2026-04-01,24.57,1533.17,2026-05-10,True
2026-05-01,11.42,598.11,2026-06-09,False
2026-06-01,33.42,2085.41,2026-07-10,True
2026-07-01,18.64,1163.14,2026-08-09,True
2026-08-01,29.54,1843.3,2026-09-09,True
2026-09-01,18.18,1134.43,2026-10-10,True
2026-10-01,7.05,351.94,2026-11-09,False
2026-11-01,14.72,734.82,2026-12-10,True
2026-12-01,17.52,1093.25,2027-01-09,True
2027-01-01,4.79,186.82,2027-02-09,False
2027-02-01,9.41,469.75,2027-03-12,True
2027-03-01,24.65,1538.16,2027-04-09,True
2027-04-01,6.58,328.48,2027-05-10,False
2027-05-01,7.7,384.38,2027-06-09,True
2027-06-01,7.53,375.9,2027-07-10,True
2027-07-01,32.62,2035.49,2027-08-09,False
2027-08-01,20.44,1275.46,2027-09-09,True
2027-09-01,20.88,1302.91,2027-10-10,False
2027-10-01,7.92,395.36,2027-11-09,True
2027-11-01,8.69,433.8,2027-12-10,True
2027-12-01,11.12,555.11,2028-01-09,True
2028-01-01,9.88,493.21,2028-02-09,False
2026-01-01,12.51,712.45,2026-02-19,False
2026-02-01,15.59,1086.32,2026-03-20,False
2026-03-01,25.24,1574.98,2026-04-19,True
2026-04-01,17.99,1122.58,2026-05-20,True
2026-05-01,18.22,1136.93,2026-06-19,True
2026-06-01,30.25,1887.6,2026-07-20,True
2026-07-01,11.41,569.59,2026-08-19,True
2026-08-01,16.27,1015.25,2026-09-19,False
2026-09-01,14.8,738.82,2026-10-20,True
2026-10-01,19.3,1204.32,2026-11-19,True
2026-11-01,11.67,582.56,2026-12-20,True
2026-12-01,14.01,699.38,2027-01-19,False
2027-01-01,8.45,421.82,2027-02-19,True
2027-02-01,16.39,1022.74,2027-03-20,True
2027-03-01,15.63,975.31,2027-04-19,True
2027-04-01,22.64,1412.74,2027-05-20,True
2027-05-01,21.02,1311.65,2027-06-19,True
2027-06-01,36.86,2300.06,2027-07-20,True
2027-07-01,13.55,676.42,2027-08-19,False
2027-08-01,13.3,663.94,2027-09-19,True
2027-09-01,11.18,558.11,2027-10-20,True
2027-10-01,15.63,975.31,2027-11-19,True
2027-11-01,8.84,441.29,2027-12-20,True
2027-12-01,4.0,156.0,2028-01-19,False
2025-12-01,8.47,422.82,2026-01-14,True
2026-01-01,18.05,1289.64,2026-02-14,False
2026-02-01,16.22,1132.74,2026-03-17,False
2026-03-01,10.56,527.16,2026-04-14,True
2026-04-01,18.31,1142.54,2026-05-15,True
2026-05-01,21.61,1348.46,2026-06-14,True
2026-06-01,35.87,2238.29,2026-07-15,True
2026-07-01,35.83,2235.79,2026-08-14,True
2026-08-01,7.91,394.87,2026-09-14,False
2026-09-01,6.72,335.46,2026-10-15,True
2026-10-01,15.45,964.08,2026-11-14,True
2026-11-01,25.23,1574.35,2026-12-15,True
2026-12-01,9.04,451.27,2027-01-14,False
2027-01-01,17.79,1110.1,2027-02-14,True
2027-02-01,9.04,451.27,2027-03-17,False
2027-03-01,10.13,505.69,2027-04-14,False
2027-04-01,4.83,188.38,2027-05-15,True
2027-05-01,21.7,1354.08,2027-06-14,True
2027-06-01,31.05,1937.52,2027-07-15,True
2027-07-01,30.07,1876.37,2027-08-14,False
2027-08-01,30.55,1906.32,2027-09-14,True
2027-09-01,17.1,1067.04,2027-10-15,True
2027-10-01,22.21,1385.9,2027-11-14,True
2027-11-01,13.53,675.42,2027-12-15,False
2025-06-01,7.55,376.9,2025-06-27,True
2025-07-01,14.31,714.36,2025-07-27,True
2025-08-01,35.89,2239.54,2025-08-27,True
2025-09-01,10.72,535.14,2025-09-27,True
2025-10-01,14.33,715.36,2025-10-27,True
2025-11-01,20.17,1258.61,2025-11-27,True
2025-12-01,15.59,972.82,2025-12-27,True
2026-01-01,5.87,228.94,2026-01-27,True
2026-02-01,17.17,1071.41,2026-02-27,True
2026-03-01,19.98,1246.75,2026-03-27,True
2026-04-01,20.31,1375.06,2026-04-27,False
2026-05-01,22.36,1395.26,2026-05-27,True
2026-06-01,21.71,1354.7,2026-06-27,True
2026-07-01,16.1,1013.85,2026-07-27,False
2026-08-01,30.93,1930.03,2026-08-27,True
2026-09-01,5.83,227.38,2026-09-27,False
2026-10-01,20.09,1253.62,2026-10-27,True
2026-11-01,7.71,384.89,2026-11-27,True
2026-12-01,12.49,623.5,2026-12-27,True
2027-01-01,12.45,621.5,2027-01-27,True
2027-02-01,16.4,1023.36,2027-02-27,False
2027-03-01,20.73,1293.55,2027-03-27,False
2027-04-01,17.81,1111.34,2027-04-27,True
2027-05-01,20.77,1296.05,2027-05-27,False
2024-10-01,25.26,1576.22,2024-11-02,True
2024-11-01,14.13,705.37,2024-12-03,True
2024-12-01,16.27,1015.25,2025-01-02,True
2025-01-01,11.55,576.58,2025-02-02,True
2025-02-01,9.56,477.24,2025-03-05,True
2025-03-01,5.13,200.06,2025-04-02,True
2025-04-01,7.41,369.91,2025-05-03,True
2025-05-01,21.11,1790.38,2025-06-02,False
2025-06-01,23.55,1469.52,2025-07-03,True
2025-07-01,11.41,569.59,2025-08-02,True
2025-08-01,24.4,1952.68,2025-09-02,False
2025-09-01,12.92,644.96,2025-10-03,True
2025-10-01,24.96,1557.5,2025-11-02,True
2025-11-01,20.29,1266.1,2025-12-03,True
2025-12-01,9.23,460.76,2026-01-02,True
2026-01-01,18.93,1181.23,2026-02-02,True
2026-02-01,59.57,3717.17,2026-03-05,True
2026-03-01,8.38,418.33,2026-04-02,True
2026-04-01,16.12,1086.36,2026-05-03,False
2026-05-01,7.97,397.86,2026-06-02,True
2026-06-01,15.2,976.14,2026-07-03,False
2026-07-01,22.03,1374.67,2026-08-02,True
2026-08-01,17.16,1070.78,2026-09-02,True
2026-09-01,22.37,1395.89,2026-10-03,True
2025-08-01,32.8,2046.72,2025-08-22,True
2025-09-01,17.52,1093.25,2025-09-22,True
2025-10-01,23.54,1468.9,2025-10-22,True
2025-11-01,6.86,342.46,2025-11-22,True
2025-12-01,5.56,216.84,2025-12-22,True
2026-01-01,4.46,173.94,2026-01-22,True
2026-02-01,16.55,1032.72,2026-02-22,True
2026-03-01,8.92,445.28,2026-03-22,True
2026-04-01,9.95,540.99,2026-04-22,False
2026-05-01,24.65,1538.16,2026-05-22,True
2026-06-01,30.62,1910.69,2026-06-22,True
2026-07-01,11.46,579.72,2026-07-22,False
2026-08-01,25.58,1596.19,2026-08-22,True
2026-09-01,20.14,1256.74,2026-09-22,False
2026-10-01,21.09,1316.02,2026-10-22,True
2026-11-01,9.9,494.21,2026-11-22,False
2026-12-01,11.05,551.62,2026-12-22,True
2027-01-01,6.91,344.95,2027-01-22,True
2027-02-01,12.49,623.5,2027-02-22,False
2027-03-01,24.07,1501.97,2027-03-22,True
2027-04-01,16.25,1014.0,2027-04-22,True
2027-05-01,17.86,1114.46,2027-05-22,False
2027-06-01,25.53,1593.07,2027-06-22,False
2027-07-01,33.46,2087.9,2027-07-22,True
2025-03-01,9.57,477.73,2025-04-02,True
2025-04-01,14.12,975.66,2025-05-03,False
2025-05-01,6.89,467.47,2025-06-02,False
2025-06-01,10.89,543.62,2025-07-03,True
2025-07-01,16.96,1384.61,2025-08-02,False
2025-08-01,24.01,1498.22,2025-09-02,True
2025-09-01,24.71,1541.9,2025-10-03,True
2025-10-01,11.02,677.56,2025-11-02,False
2025-11-01,7.98,480.36,2025-12-03,False
2025-12-01,16.29,1016.5,2026-01-02,True
2026-01-01,11.15,556.61,2026-02-02,True
2026-02-01,4.01,156.38,2026-03-05,True
2026-03-01,21.84,1362.82,2026-04-02,True
2026-04-01,10.91,544.63,2026-05-03,True
2026-05-01,7.75,386.88,2026-06-02,True
2026-06-01,8.1,404.35,2026-07-03,True
2026-07-01,23.49,1465.78,2026-08-02,True
2026-08-01,21.07,1314.77,2026-09-02,True
2026-09-01,14.66,731.83,2026-10-03,False
2026-10-01,37.84,2361.22,2026-11-02,False
2026-11-01,14.47,722.34,2026-12-03,False
2026-12-01,13.47,672.42,2027-01-02,True
2027-01-01,15.63,975.31,2027-02-02,False
2027-02-01,8.68,433.31,2027-03-05,False
2022-02-01,4.4,171.6,2022-03-09,True
2022-03-01,9.75,486.72,2022-04-06,True
2022-04-01,21.17,1321.01,2022-05-07,True
2022-05-01,18.48,2616.69,2022-06-06,False
2022-06-01,12.55,626.5,2022-07-07,True
2022-07-01,10.42,520.16,2022-08-06,True
2022-08-01,29.08,3978.49,2022-09-06,False
2022-09-01,14.3,713.86,2022-10-07,True
2022-10-01,19.68,1228.03,2022-11-06,True
2022-11-01,10.23,510.68,2022-12-07,True
2022-12-01,17.91,1117.58,2023-01-06,True
2023-01-01,5.5,214.51,2023-02-06,True
2023-02-01,7.02,350.44,2023-03-09,True
2023-03-01,14.23,1431.97,2023-04-06,False
2023-04-01,33.73,2104.75,2023-05-07,True
2023-05-01,15.82,1939.79,2023-06-06,False
2023-06-01,8.46,422.33,2023-07-07,True
2023-07-01,26.31,3142.56,2023-08-06,False
2023-08-01,24.21,1510.7,2023-09-06,True
2023-09-01,9.34,466.25,2023-10-07,True
2023-10-01,5.43,211.78,2023-11-06,True
2023-11-01,11.01,995.73,2023-12-07,False
2023-12-01,7.05,351.94,2024-01-06,True
2024-01-01,6.35,558.17,2024-02-06,False
2025-03-01,18.71,1167.5,2025-04-20,True
2025-04-01,19.37,1208.69,2025-05-20,True
2025-05-01,17.99,1122.58,2025-06-20,True
2025-06-01,29.13,1817.71,2025-07-20,True
2025-07-01,15.41,961.58,2025-08-20,True
2025-08-01,32.5,2570.49,2025-09-20,False
2025-09-01,12.02,600.04,2025-10-20,True
2025-10-01,18.05,1126.32,2025-11-20,True
2025-11-01,16.72,1043.33,2025-12-20,True
2025-12-01,6.17,359.08,2026-01-20,False
2026-01-01,14.52,724.84,2026-02-20,True
2026-02-01,6.06,337.81,2026-03-20,False
2026-03-01,9.23,502.61,2026-04-20,False
2026-04-01,22.79,1422.1,2026-05-20,True
2026-05-01,22.49,1459.52,2026-06-20,False
2026-06-01,10.66,532.15,2026-07-20,True
2026-07-01,18.85,1176.24,2026-08-20,True
2026-08-01,23.57,1470.77,2026-09-20,True
2026-09-01,7.63,380.89,2026-10-20,True
2026-10-01,7.8,389.38,2026-11-20,True
2026-11-01,21.04,1312.9,2026-12-20,True
2026-12-01,13.45,671.42,2027-01-20,True
2027-01-01,20.8,1297.92,2027-02-20,False
2027-02-01,21.66,1351.58,2027-03-20,True
2026-01-01,12.74,635.98,2026-02-15,True
2026-02-01,11.1,554.11,2026-03-18,True
2026-03-01,10.47,572.31,2026-04-15,False
2026-04-01,88.41,5898.36,2026-05-16,False
2026-05-01,12.89,643.46,2026-06-15,True
2026-06-01,30.02,1873.25,2026-07-16,True
2026-07-01,31.51,1966.22,2026-08-15,True
2026-08-01,32.0,1996.8,2026-09-15,True
2026-09-01,24.05,1500.72,2026-10-16,True
2026-10-01,7.92,395.36,2026-11-15,True
2026-11-01,9.34,466.25,2026-12-16,False
2026-12-01,12.46,622.01,2027-01-15,False
2027-01-01,7.97,397.86,2027-02-15,True
2027-02-01,11.84,591.05,2027-03-18,False
2027-03-01,7.54,376.39,2027-04-15,True
2027-04-01,21.58,1346.59,2027-05-16,True
2027-05-01,9.84,491.21,2027-06-15,True
2027-06-01,23.12,1442.69,2027-07-16,True
2027-07-01,24.24,1512.58,2027-08-15,True
2027-08-01,11.47,572.58,2027-09-15,True
2027-09-01,5.96,232.44,2027-10-16,True
2027-10-01,21.61,1348.46,2027-11-15,True
2027-11-01,18.73,1168.75,2027-12-16,True
2027-12-01,16.42,1024.61,2028-01-15,True
2021-09-01,15.65,2406.41,2021-10-15,False
2021-10-01,23.96,1495.1,2021-11-14,True
2021-11-01,66.56,10023.39,2021-12-15,False
2021-12-01,9.36,467.26,2022-01-14,True
2022-01-01,19.31,1204.94,2022-02-14,True
2022-02-01,7.33,365.92,2022-03-17,True
2022-03-01,17.63,2544.92,2022-04-14,False
2022-04-01,16.11,1005.26,2022-05-15,True
2022-05-01,9.06,452.28,2022-06-14,True
2022-06-01,28.95,4040.49,2022-07-15,False
2022-07-01,21.81,1360.94,2022-08-14,True
2022-08-01,8.96,977.7,2022-09-14,False
2022-09-01,13.13,655.45,2022-10-15,True
2022-10-01,19.31,1204.94,2022-11-14,True
2022-11-01,12.16,607.03,2022-12-15,True
2022-12-01,16.81,2186.17,2023-01-14,False
2023-01-01,8.8,904.23,2023-02-14,False
2023-02-01,6.85,341.95,2023-03-17,True
2023-03-01,15.34,1923.21,2023-04-14,False
2023-04-01,12.95,646.46,2023-05-15,True
2023-05-01,17.61,1098.86,2023-06-14,True
2023-06-01,38.25,2386.8,2023-07-15,True
2023-07-01,37.46,2337.5,2023-08-14,True
2023-08-01,9.91,494.71,2023-09-14,True
2026-03-01,22.04,1502.52,2026-04-18,False
2026-04-01,24.79,1546.9,2026-05-19,True
2026-05-01,10.85,541.63,2026-06-18,True
2026-06-01,26.17,1633.01,2026-07-19,True
2026-07-01,31.08,1939.39,2026-08-18,True
2026-08-01,26.26,1638.62,2026-09-18,True
2026-09-01,12.82,639.97,2026-10-19,False
2026-10-01,7.91,394.87,2026-11-18,True
2026-11-01,20.07,1252.37,2026-12-19,True
2026-12-01,13.97,697.38,2027-01-18,True
2027-01-01,4.74,184.87,2027-02-18,False
2027-02-01,6.43,320.99,2027-03-20,True
2027-03-01,13.15,656.45,2027-04-18,True
2027-04-01,10.23,510.68,2027-05-19,True
2027-05-01,13.98,697.88,2027-06-18,True
2027-06-01,12.88,642.97,2027-07-19,True
2027-07-01,16.89,1053.94,2027-08-18,True
2027-08-01,31.5,1965.6,2027-09-18,False
2027-09-01,15.52,968.45,2027-10-19,False
2027-10-01,23.63,1474.51,2027-11-18,True
2027-11-01,14.34,715.85,2027-12-19,True
2027-12-01,17.87,1115.09,2028-01-18,True
2028-01-01,50.7,3163.68,2028-02-18,True
2028-02-01,5.37,209.42,2028-03-20,False
2023-04-01,21.42,1336.61,2023-05-14,True
2023-05-01,8.0,399.36,2023-06-13,True
2023-06-01,25.9,1616.16,2023-07-14,True
2023-07-01,28.41,1772.78,2023-08-13,True
2023-08-01,12.41,619.51,2023-09-13,True
2023-09-01,21.03,1312.27,2023-10-14,True
2023-10-01,18.12,1130.69,2023-11-13,True
2023-11-01,20.96,1307.9,2023-12-14,True
2023-12-01,5.73,223.46,2024-01-13,True
2024-01-01,12.55,626.5,2024-02-13,True
2024-02-01,5.34,208.26,2024-03-15,True
2024-03-01,7.18,611.12,2024-04-13,False
2024-04-01,8.05,401.86,2024-05-14,True
2024-05-01,5.85,228.14,2024-06-13,True
2024-06-01,8.66,432.31,2024-07-14,True
2024-07-01,29.31,1828.94,2024-08-13,True
2024-08-01,32.99,2058.58,2024-09-13,True
2024-09-01,23.65,1475.76,2024-10-14,True
2024-10-01,14.73,735.32,2024-11-13,True
2024-11-01,8.75,436.8,2024-12-14,True
2024-12-01,12.82,639.97,2025-01-13,True
2025-01-01,13.88,1004.69,2025-02-13,False
2025-02-01,4.41,171.98,2025-03-16,True
2025-03-01,18.17,1133.81,2025-04-13,True
2021-11-01,18.51,1155.02,2021-12-17,True
2021-12-01,20.45,1276.08,2022-01-16,True
2022-01-01,10.55,1243.36,2022-02-16,False
2022-02-01,16.25,1014.0,2022-03-19,True
2022-03-01,22.88,3300.39,2022-04-16,False
2022-04-01,15.94,994.66,2022-05-17,True
2022-05-01,9.91,494.71,2022-06-16,True
2022-06-01,7.42,827.84,2022-07-17,False
2022-07-01,13.74,685.9,2022-08-16,True
2022-08-01,13.79,1503.56,2022-09-16,False
2022-09-01,9.72,485.22,2022-10-17,True
2022-10-01,6.46,322.49,2022-11-16,True
2022-11-01,21.11,1317.26,2022-12-17,True
2022-12-01,13.96,696.89,2023-01-16,True
2023-01-01,8.69,433.8,2023-02-16,True
2023-02-01,8.65,431.81,2023-03-19,True
2023-03-01,25.82,3234.42,2023-04-16,False
2023-04-01,7.35,366.91,2023-05-17,True
2023-05-01,23.92,2920.54,2023-06-16,False
2023-06-01,29.62,1848.29,2023-07-17,True
2023-07-01,17.35,1082.64,2023-08-16,True
2023-08-01,32.66,2037.98,2023-09-16,True
2023-09-01,17.97,2079.13,2023-10-17,False
2023-10-01,10.12,505.19,2023-11-16,True
2025-05-01,11.31,564.6,2025-05-23,True
2025-06-01,22.9,1917.19,2025-06-23,False
2025-07-01,25.34,2081.94,2025-07-23,False
2025-08-01,24.01,1498.22,2025-08-23,True
2025-09-01,15.33,956.59,2025-09-23,True
2025-10-01,5.73,277.09,2025-10-23,False
2025-11-01,5.25,248.59,2025-11-23,False
2025-12-01,6.75,336.96,2025-12-23,True
2026-01-01,14.86,741.82,2026-01-23,True
2026-02-01,5.48,213.72,2026-02-23,True
2026-03-01,13.22,659.94,2026-03-23,True
2026-04-01,18.67,1165.01,2026-04-23,True
2026-05-01,16.38,1022.11,2026-05-23,True
2026-06-01,24.63,1536.91,2026-06-23,True
2026-07-01,86.88,5421.31,2026-07-23,True
2026-08-01,36.63,2285.71,2026-08-23,False
2026-09-01,21.25,1326.0,2026-09-23,True
2026-10-01,18.66,1164.38,2026-10-23,True
2026-11-01,13.36,666.94,2026-11-23,True
2026-12-01,13.18,657.95,2026-12-23,False
2027-01-01,16.37,1021.49,2027-01-23,False
2027-02-01,12.4,619.01,2027-02-23,False
2027-03-01,15.78,984.67,2027-03-23,True
2027-04-01,23.73,1480.75,2027-04-23,True
2025-04-01,5.56,216.84,2025-04-24,True
2025-05-01,19.05,1188.72,2025-05-24,True
2025-06-01,11.54,576.07,2025-06-24,True
2025-07-01,31.85,1987.44,2025-07-24,True
2025-08-01,12.45,621.5,2025-08-24,True
2025-09-01,17.66,1101.98,2025-09-24,True
2025-10-01,20.86,1301.66,2025-10-24,True
2025-11-01,12.54,625.99,2025-11-24,True
2025-12-01,17.26,1077.02,2025-12-24,True
2026-01-01,15.23,950.35,2026-01-24,True
2026-02-01,15.67,977.81,2026-02-24,True
2026-03-01,19.15,1330.39,2026-03-24,False
2026-04-01,10.79,538.63,2026-04-24,True
2026-05-01,24.4,1522.56,2026-05-24,True
2026-06-01,38.12,2378.69,2026-06-24,True
2026-07-01,37.9,2364.96,2026-07-24,True
2026-08-01,11.84,591.05,2026-08-24,False
2026-09-01,12.21,609.53,2026-09-24,True
2026-10-01,8.25,411.84,2026-10-24,True
2026-11-01,18.81,1173.74,2026-11-24,True
2026-12-01,16.05,1001.52,2026-12-24,True
2027-01-01,9.39,468.74,2027-01-24,False
2027-02-01,4.22,164.58,2027-02-24,True
2027-03-01,19.41,1211.18,2027-03-24,True
2025-05-01,16.13,1006.51,2025-06-11,True
2025-06-01,27.52,2276.79,2025-07-12,False
2025-07-01,15.12,943.49,2025-08-11,True
2025-08-01,29.15,1818.96,2025-09-11,True
2025-09-01,98.46,6143.9,2025-10-12,True
2025-10-01,79.62,4968.29,2025-11-11,True
2025-11-01,13.8,688.9,2025-12-12,True
2025-12-01,4.45,173.54,2026-01-11,True
2026-01-01,16.23,1012.75,2026-02-11,True
2026-02-01,15.85,989.04,2026-03-14,True
2026-03-01,26.3,1641.12,2026-04-11,True
2026-04-01,6.51,324.98,2026-05-12,True
2026-05-01,10.52,525.16,2026-06-11,True
2026-06-01,30.94,1972.49,2026-07-12,False
2026-07-01,31.91,1991.18,2026-08-11,False
2026-08-01,35.56,2218.94,2026-09-11,True
2026-09-01,16.79,1047.7,2026-10-12,False
2026-10-01,17.58,1096.99,2026-11-11,True
2026-11-01,14.36,716.86,2026-12-12,True
2026-12-01,5.48,213.72,2027-01-11,False
2027-01-01,16.64,1038.34,2027-02-11,True
2027-02-01,29.83,1861.39,2027-03-14,True
2027-03-01,20.39,1272.34,2027-04-11,True
2027-04-01,14.59,728.33,2027-05-12,True
2023-12-01,15.58,972.19,2023-12-27,True
2024-01-01,8.01,399.86,2024-01-27,True
2024-02-01,11.18,558.11,2024-02-27,True
2024-03-01,8.92,445.28,2024-03-27,True
2024-04-01,24.01,1498.22,2024-04-27,True
2024-05-01,8.44,702.9,2024-05-27,False
2024-06-01,10.5,524.16,2024-06-27,True
2024-07-01,8.11,654.86,2024-07-27,False
2024-08-01,11.02,550.12,2024-08-27,True
2024-09-01,4.84,188.76,2024-09-27,True
2024-10-01,10.02,500.2,2024-10-27,True
2024-11-01,7.83,390.88,2024-11-27,True
2024-12-01,8.62,430.31,2024-12-27,True
2025-01-01,5.41,210.98,2025-01-27,True
2025-02-01,7.31,364.92,2025-02-27,True
2025-03-01,22.26,1389.02,2025-03-27,True
2025-04-01,13.25,918.85,2025-04-27,False
2025-05-01,6.83,465.13,2025-05-27,False
2025-06-01,13.25,661.44,2025-06-27,True
2025-07-01,10.13,505.69,2025-07-27,True
2025-08-01,11.27,562.6,2025-08-27,True
2025-09-01,17.9,1116.96,2025-09-27,True
2025-10-01,5.14,247.9,2025-10-27,False
2025-11-01,15.92,993.41,2025-11-27,True
2025-04-01,17.37,1083.89,2025-05-18,True
2025-05-01,13.88,692.89,2025-06-17,True
2025-06-01,33.16,2069.18,2025-07-18,True
2025-07-01,21.01,1311.02,2025-08-17,True
2025-08-01,14.9,743.81,2025-09-17,True
2025-09-01,7.5,374.4,2025-10-18,True
2025-10-01,25.2,1572.48,2025-11-17,True
2025-11-01,16.74,1044.58,2025-12-18,True
2025-12-01,12.49,623.5,2026-01-17,True
2026-01-01,13.84,690.89,2026-02-17,True
2026-02-01,5.87,228.94,2026-03-20,True
2026-03-01,22.76,1552.77,2026-04-17,False
2026-04-01,16.46,1027.1,2026-05-18,True
2026-05-01,5.65,220.34,2026-06-17,True
2026-06-01,11.79,588.55,2026-07-18,True
2026-07-01,13.31,664.44,2026-08-17,True
2026-08-01,9.53,475.74,2026-09-17,False
2026-09-01,13.14,655.94,2026-10-18,True
2026-10-01,13.47,672.42,2026-11-17,True
2026-11-01,17.37,1083.89,2026-12-18,True
2026-12-01,14.99,748.3,2027-01-17,True
2027-01-01,6.33,316.0,2027-02-17,False
2027-02-01,17.91,1117.58,2027-03-20,False
2027-03-01,16.51,1030.22,2027-04-17,True
2025-06-01,24.31,1516.94,2025-06-23,True
2025-07-01,32.2,2645.55,2025-07-23,False
2025-08-01,33.9,2115.36,2025-08-23,True
2025-09-01,18.54,1156.9,2025-09-23,True
2025-10-01,14.45,721.34,2025-10-23,True
2025-11-01,10.97,547.62,2025-11-23,True
2025-12-01,9.0,449.28,2025-12-23,True
2026-01-01,13.94,695.88,2026-01-23,True
2026-02-01,5.14,200.46,2026-02-23,True
2026-03-01,16.58,1034.59,2026-03-23,True
2026-04-01,5.99,233.62,2026-04-23,True
2026-05-01,23.13,1443.31,2026-05-23,True
2026-06-01,20.14,1303.87,2026-06-23,False
2026-07-01,33.14,2067.94,2026-07-23,True
2026-08-01,19.85,1238.64,2026-08-23,True
2026-09-01,18.28,1140.67,2026-09-23,True
2026-10-01,14.82,739.81,2026-10-23,True
2026-11-01,17.08,1065.79,2026-11-23,True
2026-12-01,10.98,548.12,2026-12-23,False
2027-01-01,15.78,984.67,2027-01-23,True
2027-02-01,8.02,400.36,2027-02-23,False
2027-03-01,17.83,1112.59,2027-03-23,True
2027-04-01,12.69,633.48,2027-04-23,False
2027-05-01,9.34,466.25,2027-05-23,True
2023-09-01,22.99,1434.58,2023-10-10,True
2023-10-01,13.16,656.95,2023-11-09,True
2023-11-01,15.64,1765.64,2023-12-10,False
2023-12-01,8.56,427.32,2024-01-09,True
2024-01-01,9.18,458.27,2024-02-09,True
2024-02-01,18.44,1150.66,2024-03-11,True
2024-03-01,8.95,446.78,2024-04-09,True
2024-04-01,11.38,568.09,2024-05-10,True
2024-05-01,7.89,393.86,2024-06-09,True
2024-06-01,14.72,1198.98,2024-07-10,False
2024-07-01,30.33,1892.59,2024-08-09,True
2024-08-01,37.1,3659.69,2024-09-09,False
2024-09-01,7.97,618.67,2024-10-10,False
2024-10-01,11.9,594.05,2024-11-09,True
2024-11-01,25.35,1581.84,2024-12-10,True
2024-12-01,8.7,434.3,2025-01-09,True
2025-01-01,10.69,533.64,2025-02-09,True
2025-02-01,7.61,379.9,2025-03-12,True
2025-03-01,12.2,609.02,2025-04-09,True
2025-04-01,15.6,1341.72,2025-05-10,False
2025-05-01,13.46,671.93,2025-06-09,True
2025-06-01,14.52,724.84,2025-07-10,True
2025-07-01,17.04,1063.3,2025-08-09,True
2025-08-01,28.36,1769.66,2025-09-09,True
2023-06-01,16.55,1032.72,2023-06-23,True
2023-07-01,35.4,4254.09,2023-07-23,False
2023-08-01,34.08,2126.59,2023-08-23,True
2023-09-01,8.13,405.85,2023-09-23,True
2023-10-01,11.5,574.08,2023-10-23,True
2023-11-01,6.75,614.39,2023-11-23,False
2023-12-01,5.13,200.06,2023-12-23,True
2024-01-01,15.96,995.9,2024-01-23,True
2024-02-01,6.98,348.44,2024-02-23,True
2024-03-01,14.18,707.87,2024-03-23,True
2024-04-01,7.43,370.91,2024-04-23,True
2024-05-01,10.81,539.64,2024-05-23,True
2024-06-01,32.35,2018.64,2024-06-23,True
2024-07-01,29.15,1818.96,2024-07-23,True
2024-08-01,10.34,823.29,2024-08-23,False
2024-09-01,13.03,650.46,2024-09-23,True
2024-10-01,19.46,1214.3,2024-10-23,True
2024-11-01,18.39,1742.35,2024-11-23,False
2024-12-01,3.96,230.63,2024-12-23,False
2025-01-01,12.4,908.4,2025-01-23,False
2025-02-01,11.45,824.03,2025-02-23,False
2025-03-01,17.55,1095.12,2025-03-23,True
2025-04-01,14.56,726.84,2025-04-23,True
2025-05-01,16.88,1440.4,2025-05-23,False
2024-04-01,11.43,958.12,2024-05-14,False
2024-05-01,19.63,1224.91,2024-06-13,True
2024-06-01,31.64,1974.34,2024-07-14,True
2024-07-01,28.04,1749.7,2024-08-13,True
2024-08-01,34.31,3377.33,2024-09-13,False
2024-09-01,11.03,550.62,2024-10-14,True
2024-10-01,16.73,1043.95,2024-11-13,True
2024-11-01,120.06,7491.74,2024-12-14,True
2024-12-01,3.63,208.95,2025-01-13,False
2025-01-01,9.22,460.26,2025-02-13,True
2025-02-01,16.13,1006.51,2025-03-16,True
2025-03-01,19.17,1196.21,2025-04-13,True
2025-04-01,7.31,501.76,2025-05-14,False
2025-05-01,9.15,456.77,2025-06-13,True
2025-06-01,23.0,1435.2,2025-07-14,True
2025-07-01,29.74,1855.78,2025-08-13,True
2025-08-01,15.56,970.94,2025-09-13,True
2025-09-01,13.26,661.94,2025-10-14,True
2025-10-01,8.63,430.81,2025-11-13,True
2025-11-01,24.05,1500.72,2025-12-14,True
2025-12-01,17.53,1281.65,2026-01-13,False
2026-01-01,11.27,644.65,2026-02-13,False
2026-02-01,19.66,1226.78,2026-03-16,True
2026-03-01,23.23,1589.67,2026-04-13,False
2023-07-01,14.47,722.34,2023-07-23,True
2023-08-01,28.17,1757.81,2023-08-23,True
2023-09-01,21.05,1313.52,2023-09-23,True
2023-10-01,23.63,1474.51,2023-10-23,True
2023-11-01,16.76,1045.82,2023-11-23,True
2023-12-01,18.26,1139.42,2023-12-23,True
2024-01-01,10.96,547.13,2024-01-23,True
2024-02-01,9.6,479.23,2024-02-23,True
2024-03-01,13.81,1187.49,2024-03-23,False
2024-04-01,8.34,416.33,2024-04-23,True
2024-05-01,14.13,1179.14,2024-05-23,False
2024-06-01,22.41,1398.38,2024-06-23,True
2024-07-01,11.91,594.55,2024-07-23,True
2024-08-01,10.42,520.16,2024-08-23,True
2024-09-01,23.45,1463.28,2024-09-23,True
2024-10-01,17.9,1116.96,2024-10-23,True
2024-11-01,6.55,326.98,2024-11-23,True
2024-12-01,20.07,1252.37,2024-12-23,True
2025-01-01,10.51,524.66,2025-01-23,True
2025-02-01,14.38,717.85,2025-02-23,True
2025-03-01,16.28,1015.87,2025-03-23,True
2025-04-01,5.46,212.94,2025-04-23,True
2025-05-01,26.19,1634.26,2025-05-23,True
2025-06-01,17.89,1116.34,2025-06-23,True
2026-04-01,12.44,621.0,2026-05-05,True
2026-05-01,11.43,570.59,2026-06-04,True
2026-06-01,32.05,1999.92,2026-07-05,True
2026-07-01,37.32,2334.59,2026-08-04,False
2026-08-01,22.06,1376.54,2026-09-04,False
2026-09-01,10.01,499.7,2026-10-05,False
2026-10-01,15.14,944.74,2026-11-04,False
2026-11-01,8.31,414.84,2026-12-05,True
2026-12-01,4.13,161.06,2027-01-04,False
2027-01-01,14.74,735.82,2027-02-04,False
2027-02-01,13.97,697.38,2027-03-07,False
2027-03-01,18.39,1147.54,2027-04-04,True
2027-04-01,5.23,203.98,2027-05-05,True
2027-05-01,8.24,411.34,2027-06-04,True
2027-06-01,25.85,1613.04,2027-07-05,True
2027-07-01,26.43,1649.23,2027-08-04,False
2027-08-01,28.64,1787.14,2027-09-04,True
2027-09-01,24.58,1533.79,2027-10-05,True
2027-10-01,5.85,228.14,2027-11-04,False
2027-11-01,7.73,385.88,2027-12-05,True
2027-12-01,13.88,692.89,2028-01-04,False
2028-01-01,4.08,159.12,2028-02-04,True
2028-02-01,12.74,635.98,2028-03-06,False
2028-03-01,14.68,732.83,2028-04-04,True
2022-03-01,19.68,1228.03,2022-04-12,True
2022-04-01,23.7,3385.4,2022-05-13,False
2022-05-01,10.03,500.7,2022-06-12,True
2022-06-01,33.07,4618.96,2022-07-13,False
2022-07-01,165.63,10335.31,2022-08-12,True
2022-08-01,13.78,687.9,2022-09-12,True
2022-09-01,17.59,2372.69,2022-10-13,False
2022-10-01,14.23,710.36,2022-11-12,True
2022-11-01,26.03,1624.27,2022-12-13,True
2022-12-01,16.94,1057.06,2023-01-12,True
2023-01-01,13.1,653.95,2023-02-12,True
2023-02-01,20.26,2571.63,2023-03-15,False
2023-03-01,6.71,673.57,2023-04-12,False
2023-04-01,22.95,1432.08,2023-05-13,True
2023-05-01,23.33,1455.79,2023-06-12,True
2023-06-01,32.91,2053.58,2023-07-13,True
2023-07-01,22.24,1387.78,2023-08-12,True
2023-08-01,19.3,1204.32,2023-09-12,True
2023-09-01,7.12,355.43,2023-10-13,True
2023-10-01,25.69,1603.06,2023-11-12,True
2023-11-01,19.47,1214.93,2023-12-13,True
2023-12-01,17.05,1895.55,2024-01-12,False
2024-01-01,9.12,455.27,2024-02-12,True
2024-02-01,4.81,187.58,2024-03-14,True
2022-09-01,12.59,628.49,2022-09-30,True
2022-10-01,13.58,677.92,2022-10-30,True
2022-11-01,19.58,1221.79,2022-11-30,True
2022-12-01,6.87,342.95,2022-12-30,True
2023-01-01,3.88,151.32,2023-01-30,True
2023-02-01,13.92,694.88,2023-03-02,True
2023-03-01,8.53,425.82,2023-03-30,True
2023-04-01,6.49,646.61,2023-04-30,False
2023-05-01,13.27,662.44,2023-05-30,True
2023-06-01,32.69,3967.53,2023-06-30,False
2023-07-01,11.38,1090.73,2023-07-30,False
2023-08-01,8.26,412.34,2023-08-30,True
2023-09-01,24.11,1504.46,2023-09-30,True
2023-10-01,13.48,672.92,2023-10-30,True
2023-11-01,18.74,1169.38,2023-11-30,True
2023-12-01,15.72,980.93,2023-12-30,True
2024-01-01,16.81,1048.94,2024-01-30,True
2024-02-01,15.31,955.34,2024-03-01,True
2024-03-01,7.67,382.88,2024-03-30,True
2024-04-01,16.49,1028.98,2024-04-30,True
2024-05-01,19.63,1224.91,2024-05-30,True
2024-06-01,13.47,1102.77,2024-06-30,False
2024-07-01,10.9,878.77,2024-07-30,False
2024-08-01,8.12,644.17,2024-08-30,False
2024-07-01,22.34,1394.02,2024-08-05,True
2024-08-01,24.92,1555.01,2024-09-05,True
2024-09-01,6.8,528.99,2024-10-06,False
2024-10-01,12.84,640.97,2024-11-05,True
2024-11-01,17.05,1063.92,2024-12-06,True
2024-12-01,10.14,506.18,2025-01-05,True
2025-01-01,95.19,8652.4,2025-02-05,False
2025-02-01,15.77,984.05,2025-03-08,True
2025-03-01,5.36,294.22,2025-04-05,False
2025-04-01,24.97,1558.13,2025-05-06,True
2025-05-01,14.22,963.04,2025-06-05,False
2025-06-01,24.64,1537.54,2025-07-06,True
2025-07-01,28.89,2354.08,2025-08-05,False
2025-08-01,34.64,2161.54,2025-09-05,True
2025-09-01,21.19,1658.33,2025-10-06,False
2025-10-01,13.53,675.42,2025-11-05,True
2025-11-01,5.99,233.62,2025-12-06,True
2025-12-01,5.53,215.66,2026-01-05,True
2026-01-01,15.44,963.46,2026-02-05,True
2026-02-01,10.56,527.16,2026-03-08,True
2026-03-01,14.98,825.07,2026-04-05,False
2026-04-01,5.08,198.12,2026-05-06,True
2026-05-01,11.91,594.55,2026-06-05,True
2026-06-01,29.81,1860.14,2026-07-06,True
2026-02-01,5.36,209.04,2026-03-10,True
2026-03-01,6.74,336.46,2026-04-07,True
2026-04-01,12.75,684.75,2026-05-08,False
2026-05-01,11.78,588.06,2026-06-07,True
2026-06-01,20.18,1290.71,2026-07-08,False
2026-07-01,42.62,2659.49,2026-08-07,True
2026-08-01,18.66,1164.38,2026-09-07,True
2026-09-01,14.71,734.33,2026-10-08,False
2026-10-01,14.64,730.82,2026-11-07,False
2026-11-01,12.84,640.97,2026-12-08,False
2026-12-01,16.87,1052.69,2027-01-07,True
2027-01-01,18.82,1174.37,2027-02-07,True
2027-02-01,19.11,1192.46,2027-03-10,False
2027-03-01,8.0,399.36,2027-04-07,False
2027-04-01,9.52,475.24,2027-05-08,True
2027-05-01,5.16,201.24,2027-06-07,False
2027-06-01,17.68,1103.23,2027-07-08,True
2027-07-01,22.93,1430.83,2027-08-07,False
2027-08-01,10.51,524.66,2027-09-07,True
2027-09-01,15.6,973.44,2027-10-08,False
2027-10-01,19.77,1233.65,2027-11-07,True
2027-11-01,21.03,1312.27,2027-12-08,True
2027-12-01,13.66,681.91,2028-01-07,False
2028-01-01,15.42,962.21,2028-02-07,True
2021-12-01,14.62,1751.59,2021-12-31,False
2022-01-01,8.31,984.9,2022-01-31,False
2022-02-01,13.93,695.39,2022-03-03,True
2022-03-01,16.24,1013.38,2022-03-31,True
2022-04-01,15.96,995.9,2022-05-01,True
2022-05-01,6.43,729.98,2022-05-31,False
2022-06-01,10.55,526.66,2022-07-01,True
2022-07-01,26.61,1660.46,2022-07-31,True
2022-08-01,32.42,4445.56,2022-08-31,False
2022-09-01,24.6,1535.04,2022-10-01,True
2022-10-01,10.71,534.65,2022-10-31,True
2022-11-01,13.49,673.42,2022-12-01,True
2022-12-01,12.52,625.0,2022-12-31,True
2023-01-01,11.83,590.56,2023-01-31,True
2023-02-01,15.08,940.99,2023-03-03,True
2023-03-01,11.13,1122.8,2023-03-31,False
2023-04-01,23.41,2914.26,2023-05-01,False
2023-05-01,6.13,602.84,2023-05-31,False
2023-06-01,29.14,1818.34,2023-07-01,True
2023-07-01,32.69,3914.83,2023-07-31,False
2023-08-01,26.39,1646.74,2023-08-31,True
2023-09-01,23.87,2781.62,2023-10-01,False
2023-10-01,23.55,1469.52,2023-10-31,True
2023-11-01,19.84,1238.02,2023-12-01,True
2026-03-01,25.8,1609.92,2026-04-17,True
2026-04-01,22.09,1378.42,2026-05-18,True
2026-05-01,5.86,228.55,2026-06-17,True
2026-06-01,23.24,1450.18,2026-07-18,True
2026-07-01,8.67,432.8,2026-08-17,True
2026-08-01,22.62,1411.49,2026-09-17,True
2026-09-01,15.3,954.72,2026-10-18,False
2026-10-01,25.91,1616.78,2026-11-17,True
2026-11-01,19.45,1213.68,2026-12-18,True
2026-12-01,18.94,1181.86,2027-01-17,True
2027-01-01,51.94,3241.06,2027-02-17,False
2027-02-01,10.22,510.18,2027-03-20,False
2027-03-01,21.08,1315.39,2027-04-17,True
2027-04-01,16.19,1010.26,2027-05-18,False
2027-05-01,21.31,1329.74,2027-06-17,False
2027-06-01,22.06,1376.54,2027-07-18,True
2027-07-01,14.05,701.38,2027-08-17,True
2027-08-01,23.5,1466.4,2027-09-17,False
2027-09-01,20.78,1296.67,2027-10-18,True
2027-10-01,24.11,1504.46,2027-11-17,True
2027-11-01,10.74,536.14,2027-12-18,True
2027-12-01,6.48,323.48,2028-01-17,False
2028-01-01,12.01,599.54,2028-02-17,True
2028-02-01,12.06,602.04,2028-03-19,True
2025-05-01,19.8,1235.52,2025-05-22,True
2025-06-01,14.38,963.71,2025-06-22,False
2025-07-01,29.6,1847.04,2025-07-22,True
2025-08-01,31.67,1976.21,2025-08-22,True
2025-09-01,10.39,518.66,2025-09-22,True
2025-10-01,14.05,701.38,2025-10-22,True
2025-11-01,12.93,784.25,2025-11-22,False
2025-12-01,18.63,1383.39,2025-12-22,False
2026-01-01,11.13,646.82,2026-01-22,False
2026-02-01,6.19,309.0,2026-02-22,True
2026-03-01,8.93,445.79,2026-03-22,True
2026-04-01,10.3,514.18,2026-04-22,True
2026-05-01,15.14,944.74,2026-05-22,True
2026-06-01,37.12,2405.08,2026-06-22,False
2026-07-01,19.62,1224.29,2026-07-22,True
2026-08-01,8.33,415.84,2026-08-22,True
2026-09-01,12.55,626.5,2026-09-22,True
2026-10-01,16.17,1009.01,2026-10-22,True
2026-11-01,5.85,228.14,2026-11-22,False
2026-12-01,5.83,227.38,2026-12-22,True
2027-01-01,20.6,1285.44,2027-01-22,True
2027-02-01,16.35,1020.24,2027-02-22,True
2027-03-01,8.87,442.79,2027-03-22,True
2027-04-01,12.95,646.46,2027-04-22,True
2022-09-01,4.9,191.1,2022-10-06,True
2022-10-01,23.32,1455.17,2022-11-05,True
2022-11-01,13.88,692.89,2022-12-06,True
2022-12-01,17.91,1117.58,2023-01-05,True
2023-01-01,15.99,997.78,2023-02-05,True
2023-02-01,13.61,679.42,2023-03-08,True
2023-03-01,23.69,1478.26,2023-04-05,True
2023-04-01,21.01,2610.02,2023-05-06,False
2023-05-01,15.28,953.47,2023-06-05,True
2023-06-01,31.18,1945.63,2023-07-06,True
2023-07-01,28.09,1752.82,2023-08-05,True
2023-08-01,20.91,1304.78,2023-09-05,True
2023-09-01,22.0,1372.8,2023-10-06,True
2023-10-01,21.06,1314.14,2023-11-05,True
2023-11-01,14.02,699.88,2023-12-06,True
2023-12-01,5.29,206.3,2024-01-05,True
2024-01-01,6.77,337.96,2024-02-05,True
2024-02-01,8.08,403.36,2024-03-07,True
2024-03-01,18.86,2014.39,2024-04-05,False
2024-04-01,17.54,1094.5,2024-05-06,True
2024-05-01,11.52,575.08,2024-06-05,True
2024-06-01,29.29,1827.7,2024-07-06,True
2024-07-01,26.72,1667.33,2024-08-05,True
2024-08-01,8.0,399.36,2024-09-05,True
2022-10-01,9.27,991.08,2022-11-06,False
2022-11-01,24.57,1533.17,2022-12-07,True
2022-12-01,16.15,1007.76,2023-01-06,True
2023-01-01,11.37,567.59,2023-02-06,True
2023-02-01,7.82,796.03,2023-03-09,False
2023-03-01,16.25,1014.0,2023-04-06,True
2023-04-01,10.93,545.63,2023-05-07,True
2023-05-01,7.26,362.42,2023-06-06,True
2023-06-01,73.84,4607.62,2023-07-07,True
2023-07-01,26.67,1664.21,2023-08-06,True
2023-08-01,17.46,2057.34,2023-09-06,False
2023-09-01,6.46,322.49,2023-10-07,True
2023-10-01,18.48,1153.15,2023-11-06,True
2023-11-01,23.17,1445.81,2023-12-07,True
2023-12-01,10.11,504.7,2024-01-06,True
2024-01-01,7.12,355.43,2024-02-06,True
2024-02-01,9.86,492.22,2024-03-08,True
2024-03-01,62.17,3879.41,2024-04-06,True
2024-04-01,25.63,2694.84,2024-05-07,False
2024-05-01,9.08,453.28,2024-06-06,True
2024-06-01,18.54,1156.9,2024-07-07,True
2024-07-01,14.44,720.84,2024-08-06,True
2024-08-01,11.35,566.59,2024-09-06,True
2024-09-01,11.65,905.8,2024-10-07,False
2023-03-01,17.11,2151.33,2023-04-07,False
2023-04-01,5.65,438.29,2023-05-08,False
2023-05-01,21.4,2622.87,2023-06-07,False
2023-06-01,13.18,657.95,2023-07-08,True
2023-07-01,35.06,2187.74,2023-08-07,True
2023-08-01,15.03,1770.23,2023-09-07,False
2023-09-01,6.06,302.52,2023-10-08,True
2023-10-01,11.65,581.57,2023-11-07,True
2023-11-01,25.02,1561.25,2023-12-08,True
2023-12-01,8.61,429.82,2024-01-07,True
2024-01-01,17.44,1088.26,2024-02-07,True
2024-02-01,11.36,567.1,2024-03-09,True
2024-03-01,25.19,2687.88,2024-04-07,False
2024-04-01,15.84,988.42,2024-05-08,True
2024-05-01,17.92,1118.21,2024-06-07,True
2024-06-01,37.06,3777.15,2024-07-08,False
2024-07-01,14.03,700.38,2024-08-07,True
2024-08-01,32.44,2024.26,2024-09-07,True
2024-09-01,13.12,654.95,2024-10-08,True
2024-10-01,8.13,405.85,2024-11-07,True
2024-11-01,21.34,1331.62,2024-12-08,True
2024-12-01,11.42,570.08,2025-01-07,True
2025-01-01,18.01,1635.16,2025-02-07,False
2025-02-01,10.37,517.67,2025-03-10,True
2025-06-01,32.4,2021.76,2025-07-16,True
2025-07-01,27.81,2251.6,2025-08-15,False
2025-08-01,15.8,985.92,2025-09-15,True
2025-09-01,24.36,1520.06,2025-10-16,True
2025-10-01,23.61,1798.6,2025-11-15,False
2025-11-01,10.92,651.42,2025-12-16,False
2025-12-01,19.47,1214.93,2026-01-15,True
2026-01-01,5.76,224.64,2026-02-15,True
2026-02-01,18.7,1304.96,2026-03-18,False
2026-03-01,21.52,1470.42,2026-04-15,False
2026-04-01,25.23,1574.35,2026-05-16,True
2026-05-01,15.21,949.1,2026-06-15,True
2026-06-01,13.68,682.91,2026-07-16,True
2026-07-01,25.07,1564.37,2026-08-15,True
2026-08-01,13.69,683.4,2026-09-15,False
2026-09-01,20.07,1252.37,2026-10-16,True
2026-10-01,11.49,573.58,2026-11-15,True
2026-11-01,20.18,1259.23,2026-12-16,True
2026-12-01,20.98,1309.15,2027-01-15,True
2027-01-01,14.26,711.86,2027-02-15,False
2027-02-01,22.29,1390.9,2027-03-18,True
2027-03-01,17.09,1066.42,2027-04-15,True
2027-04-01,22.87,1427.09,2027-05-16,True
2027-05-01,10.62,530.15,2027-06-15,True
2021-08-01,23.54,1468.9,2021-09-20,True
2021-09-01,22.81,1423.34,2021-10-20,True
2021-10-01,14.67,1782.59,2021-11-20,False
2021-11-01,24.58,3695.16,2021-12-20,False
2021-12-01,14.2,708.86,2022-01-20,True
2022-01-01,4.89,190.7,2022-02-20,True
2022-02-01,18.92,1180.61,2022-03-20,True
2022-03-01,17.7,1104.48,2022-04-20,True
2022-04-01,7.47,372.9,2022-05-20,True
2022-05-01,24.57,1533.17,2022-06-20,True
2022-06-01,23.9,3329.46,2022-07-20,False
2022-07-01,35.19,2195.86,2022-08-20,True
2022-08-01,22.34,1394.02,2022-09-20,True
2022-09-01,18.21,1136.3,2022-10-20,True
2022-10-01,22.23,1387.15,2022-11-20,True
2022-11-01,16.91,1055.18,2022-12-20,True
2022-12-01,12.29,613.51,2023-01-20,True
2023-01-01,6.16,307.51,2023-02-20,True
2023-02-01,7.52,762.06,2023-03-20,False
2023-03-01,24.42,1523.81,2023-04-20,True
2023-04-01,25.64,1599.94,2023-05-20,True
2023-05-01,7.5,374.4,2023-06-20,True
2023-06-01,13.67,682.4,2023-07-20,True
2023-07-01,15.02,937.25,2023-08-20,True
2026-05-01,18.5,1214.04,2026-06-06,False
2026-06-01,31.52,2017.66,2026-07-07,False
2026-07-01,12.44,621.52,2026-08-06,False
2026-08-01,35.54,2217.7,2026-09-06,True
2026-09-01,8.98,448.28,2026-10-07,True
2026-10-01,7.18,358.43,2026-11-06,True
2026-11-01,4.84,188.76,2026-12-07,True
2026-12-01,11.04,551.11,2027-01-06,True
2027-01-01,4.86,189.55,2027-02-06,False
2027-02-01,19.76,1233.02,2027-03-09,True
2027-03-01,18.68,1165.63,2027-04-06,True
2027-04-01,20.9,1304.16,2027-05-07,True
2027-05-01,6.58,328.48,2027-06-06,True
2027-06-01,31.83,1986.19,2027-07-07,True
2027-07-01,15.64,975.94,2027-08-06,False
2027-08-01,30.87,1926.29,2027-09-06,True
2027-09-01,22.0,1372.8,2027-10-07,True
2027-10-01,7.74,386.38,2027-11-06,False
2027-11-01,24.59,1534.42,2027-12-07,True
2027-12-01,4.87,189.94,2028-01-06,False
2028-01-01,19.7,1229.28,2028-02-06,False
2028-02-01,16.34,1019.62,2028-03-08,True
2028-03-01,10.57,527.65,2028-04-06,False
2028-04-01,13.53,675.42,2028-05-07,True
2022-08-01,8.47,422.82,2022-08-30,True
2022-09-01,12.67,632.48,2022-09-30,True
2022-10-01,23.31,1454.54,2022-10-30,True
2022-11-01,23.61,1473.26,2022-11-30,True
2022-12-01,20.29,1266.1,2022-12-30,True
2023-01-01,3.97,154.82,2023-01-30,True
2023-02-01,11.21,559.61,2023-03-02,True
2023-03-01,10.82,1091.96,2023-03-30,False
2023-04-01,17.39,1085.14,2023-04-30,True
2023-05-01,9.01,449.78,2023-05-30,True
2023-06-01,22.73,1418.35,2023-06-30,True
2023-07-01,23.16,1445.18,2023-07-30,True
2023-08-01,18.5,1154.4,2023-08-30,True
2023-09-01,14.12,704.87,2023-09-30,True
2023-10-01,16.66,1039.58,2023-10-30,True
2023-11-01,18.62,1161.89,2023-11-30,True
2023-12-01,9.51,474.74,2023-12-30,True
2024-01-01,6.81,600.6,2024-01-30,False
2024-02-01,10.93,545.63,2024-03-01,True
2024-03-01,9.28,463.26,2024-03-30,True
2024-04-01,14.39,718.34,2024-04-30,True
2024-05-01,15.42,962.21,2024-05-30,True
2024-06-01,25.27,1576.85,2024-06-30,True
2024-07-01,14.63,730.33,2024-07-30,True
2025-01-01,20.04,1250.5,2025-01-24,True
2025-02-01,20.4,1272.96,2025-02-24,True
2025-03-01,16.67,1474.5,2025-03-24,False
2025-04-01,14.64,1017.06,2025-04-24,False
2025-05-01,20.42,1274.21,2025-05-24,True
2025-06-01,11.5,769.75,2025-06-24,False
2025-07-01,31.28,1951.87,2025-07-24,True
2025-08-01,10.35,516.67,2025-08-24,True
2025-09-01,7.68,383.39,2025-09-24,True
2025-10-01,17.43,1087.63,2025-10-24,True
2025-11-01,6.22,310.5,2025-11-24,True
2025-12-01,21.84,1619.48,2025-12-24,False
2026-01-01,10.89,543.62,2026-01-24,True
2026-02-01,13.44,670.92,2026-02-24,True
2026-03-01,20.73,1440.15,2026-03-24,False
2026-04-01,14.37,717.35,2026-04-24,True
2026-05-01,8.13,405.85,2026-05-24,True
2026-06-01,7.36,380.89,2026-06-24,False
2026-07-01,8.93,445.79,2026-07-24,True
2026-08-01,26.77,1670.45,2026-08-24,True
2026-09-01,5.91,230.5,2026-09-24,True
2026-10-01,11.41,569.59,2026-10-24,True
2026-11-01,16.39,1022.74,2026-11-24,False
2026-12-01,19.95,1244.88,2026-12-24,True
2025-12-01,12.21,609.53,2026-01-13,True
2026-01-01,11.23,560.6,2026-02-13,True
2026-02-01,10.09,503.69,2026-03-16,True
2026-03-01,7.04,351.43,2026-04-13,True
2026-04-01,80.52,5024.45,2026-05-14,True
2026-05-01,22.62,1411.49,2026-06-13,True
2026-06-01,26.43,1649.23,2026-07-14,True
2026-07-01,16.17,1009.01,2026-08-13,True
2026-08-01,22.02,1374.05,2026-09-13,True
2026-09-01,18.09,1128.82,2026-10-14,True
2026-10-01,19.08,1190.59,2026-11-13,True
2026-11-01,25.84,1612.42,2026-12-14,False
2026-12-01,15.57,971.57,2027-01-13,True
2027-01-01,12.28,613.02,2027-02-13,False
2027-02-01,13.04,650.95,2027-03-16,True
2027-03-01,24.84,1550.02,2027-04-13,False
2027-04-01,23.36,1457.66,2027-05-14,True
2027-05-01,20.28,1265.47,2027-06-13,True
2027-06-01,27.58,1720.99,2027-07-14,True
2027-07-01,19.45,1213.68,2027-08-13,True
2027-08-01,31.08,1939.39,2027-09-13,False
2027-09-01,10.8,539.14,2027-10-14,True
2027-10-01,20.93,1306.03,2027-11-13,True
2027-11-01,21.14,1319.14,2027-12-14,True
2026-02-01,9.06,452.28,2026-03-06,True
2026-03-01,21.76,1357.82,2026-04-03,True
2026-04-01,11.33,565.6,2026-05-04,True
2026-05-01,18.47,1152.53,2026-06-03,True
2026-06-01,9.99,498.7,2026-07-04,True
2026-07-01,34.79,2170.9,2026-08-03,True
2026-08-01,15.48,965.95,2026-09-03,True
2026-09-01,12.78,637.98,2026-10-04,True
2026-10-01,6.7,334.46,2026-11-03,True
2026-11-01,14.56,726.84,2026-12-04,True
2026-12-01,12.47,622.5,2027-01-03,True
2027-01-01,7.62,380.39,2027-02-03,True
2027-02-01,6.77,337.96,2027-03-06,True
2027-03-01,21.16,1320.38,2027-04-03,True
2027-04-01,25.36,1582.46,2027-05-04,False
2027-05-01,24.02,1498.85,2027-06-03,True
2027-06-01,9.36,467.26,2027-07-04,False
2027-07-01,27.08,1689.79,2027-08-03,True
2027-08-01,15.51,967.82,2027-09-03,True
2027-09-01,8.47,422.82,2027-10-04,True
2027-10-01,4.96,193.44,2027-11-03,True
2027-11-01,23.02,1436.45,2027-12-04,True
2027-12-01,79.96,4989.5,2028-01-03,True
2028-01-01,5.25,204.74,2028-02-03,True
2021-10-01,14.63,730.33,2021-11-16,True
2021-11-01,17.92,1118.21,2021-12-17,True
2021-12-01,17.75,1107.6,2022-01-16,True
2022-01-01,10.7,534.14,2022-02-16,True
2022-02-01,13.81,1609.75,2022-03-19,False
2022-03-01,23.32,1455.17,2022-04-16,True
2022-04-01,11.3,564.1,2022-05-17,True
2022-05-01,27.06,3817.51,2022-06-16,False
2022-06-01,13.58,677.92,2022-07-17,True
2022-07-01,32.37,2019.89,2022-08-16,True
2022-08-01,8.12,405.35,2022-09-16,True
2022-09-01,18.19,1135.06,2022-10-17,True
2022-10-01,12.68,1350.38,2022-11-16,False
2022-11-01,23.18,3048.35,2022-12-17,False
2022-12-01,15.31,955.34,2023-01-16,True
2023-01-01,17.52,2248.45,2023-02-16,False
2023-02-01,5.09,198.5,2023-03-19,True
2023-03-01,13.56,676.92,2023-04-16,True
2023-04-01,16.18,1009.63,2023-05-17,True
2023-05-01,20.88,1302.91,2023-06-16,True
2023-06-01,34.9,4204.89,2023-07-17,False
2023-07-01,9.51,474.74,2023-08-16,True
2023-08-01,25.32,1579.97,2023-09-16,True
2023-09-01,19.05,1188.72,2023-10-17,True
2024-10-01,10.22,510.18,2024-11-19,True
2024-11-01,8.89,663.82,2024-12-20,False
2024-12-01,18.5,1154.4,2025-01-19,True
2025-01-01,9.05,451.78,2025-02-19,True
2025-02-01,7.83,390.88,2025-03-20,True
2025-03-01,16.92,1055.81,2025-04-19,True
2025-04-01,12.67,866.5,2025-05-20,False
2025-05-01,18.74,1169.38,2025-06-19,True
2025-06-01,16.71,1375.5,2025-07-20,False
2025-07-01,71.3,4449.12,2025-08-19,True
2025-08-01,26.0,1622.4,2025-09-19,True
2025-09-01,15.33,956.59,2025-10-20,True
2025-10-01,13.64,680.9,2025-11-19,True
2025-11-01,25.19,1571.86,2025-12-20,True
2025-12-01,13.69,797.3,2026-01-19,False
2026-01-01,6.91,344.95,2026-02-19,True
2026-02-01,9.35,466.75,2026-03-20,True
2026-03-01,21.19,1322.26,2026-04-19,True
2026-04-01,15.07,940.37,2026-05-20,True
2026-05-01,11.11,554.62,2026-06-19,True
2026-06-01,15.59,972.82,2026-07-20,True
2026-07-01,34.44,2149.06,2026-08-19,True
2026-08-01,17.77,1108.85,2026-09-19,True
2026-09-01,10.47,522.66,2026-10-20,True
2022-11-01,17.55,1095.12,2022-12-09,True
2022-12-01,7.22,360.42,2023-01-08,True
2023-01-01,4.55,177.46,2023-02-08,True
2023-02-01,15.69,979.06,2023-03-11,True
2023-03-01,5.85,228.14,2023-04-08,True
2023-04-01,24.99,1559.38,2023-05-09,True
2023-05-01,9.58,478.24,2023-06-08,True
2023-06-01,10.38,518.17,2023-07-09,True
2023-07-01,176.49,21062.32,2023-08-08,False
2023-08-01,18.62,1161.89,2023-09-08,True
2023-09-01,12.63,630.49,2023-10-09,True
2023-10-01,21.45,1338.48,2023-11-08,True
2023-11-01,15.95,995.28,2023-12-09,True
2023-12-01,16.86,1052.06,2024-01-08,True
2024-01-01,9.63,480.73,2024-02-08,True
2024-02-01,11.52,996.81,2024-03-10,False
2024-03-01,5.45,212.54,2024-04-08,True
2024-04-01,11.81,589.56,2024-05-09,True
2024-05-01,26.73,1667.95,2024-06-08,True
2024-06-01,11.83,590.56,2024-07-09,True
2024-07-01,32.64,2036.74,2024-08-08,True
2024-08-01,26.09,1628.02,2024-09-08,True
2024-09-01,18.54,1156.9,2024-10-09,True
2024-10-01,18.0,1123.2,2024-11-08,True
2026-05-01,15.0,748.8,2026-06-03,True
2026-06-01,19.23,1199.95,2026-07-04,True
2026-07-01,9.18,458.27,2026-08-03,True
2026-08-01,20.06,1251.74,2026-09-03,False
2026-09-01,16.97,1058.93,2026-10-04,True
2026-10-01,16.7,1042.08,2026-11-03,True
2026-11-01,8.8,439.3,2026-12-04,True
2026-12-01,12.91,644.47,2027-01-03,True
2027-01-01,18.08,1128.19,2027-02-03,True
2027-02-01,17.06,1064.54,2027-03-06,False
2027-03-01,6.96,347.45,2027-04-03,False
2027-04-01,8.79,438.79,2027-05-04,True
2027-05-01,8.67,432.8,2027-06-03,True
2027-06-01,35.32,2203.97,2027-07-04,True
2027-07-01,33.41,2084.78,2027-08-03,True
2027-08-01,18.9,1179.36,2027-09-03,True
2027-09-01,9.22,460.26,2027-10-04,True
2027-10-01,25.81,1610.54,2027-11-03,True
2027-11-01,22.93,1430.83,2027-12-04,True
2027-12-01,9.49,473.74,2028-01-03,True
2028-01-01,17.36,1083.26,2028-02-03,True
2028-02-01,14.23,710.36,2028-03-05,False
2028-03-01,25.01,1560.62,2028-04-03,True
2028-04-01,19.99,1247.38,2028-05-04,False
2024-08-01,11.25,561.6,2024-08-30,True
2024-09-01,11.14,556.1,2024-09-30,True
2024-10-01,21.38,1334.11,2024-10-30,True
2024-11-01,13.27,662.44,2024-11-30,True
2024-12-01,5.47,317.34,2024-12-30,False
2025-01-01,19.57,1784.94,2025-01-30,False
2025-02-01,11.72,585.06,2025-03-02,True
2025-03-01,12.28,613.02,2025-03-30,True
2025-04-01,6.5,324.48,2025-04-30,True
2025-05-01,24.08,1502.59,2025-05-30,True
2025-06-01,19.12,1193.09,2025-06-30,True
2025-07-01,14.52,724.84,2025-07-30,True
2025-08-01,28.81,1797.74,2025-08-30,True
2025-09-01,19.99,1247.38,2025-09-30,True
2025-10-01,6.45,321.98,2025-10-30,True
2025-11-01,6.35,383.03,2025-11-30,False
2025-12-01,17.93,1118.83,2025-12-30,True
2026-01-01,4.19,163.42,2026-01-30,True
2026-02-01,11.95,596.54,2026-03-02,True
2026-03-01,12.49,623.5,2026-03-30,True
2026-04-01,24.4,1522.56,2026-04-30,True
2026-05-01,5.06,197.35,2026-05-30,True
2026-06-01,36.1,2252.64,2026-06-30,True
2026-07-01,34.59,2158.42,2026-07-30,True
2024-02-01,4.34,293.81,2024-03-07,False
2024-03-01,8.35,416.83,2024-04-05,True
2024-04-01,11.74,586.06,2024-05-06,True
2024-05-01,21.96,1370.3,2024-06-05,True
2024-06-01,9.1,742.73,2024-07-06,False
2024-07-01,12.42,998.2,2024-08-05,False
2024-08-01,28.44,1774.66,2024-09-05,True
2024-09-01,11.5,574.08,2024-10-06,True
2024-10-01,9.47,472.74,2024-11-05,True
2024-11-01,14.7,733.82,2024-12-06,True
2024-12-01,18.31,1693.82,2025-01-05,False
2025-01-01,16.18,1470.69,2025-02-05,False
2025-02-01,19.31,1204.94,2025-03-08,True
2025-03-01,17.83,1565.97,2025-04-05,False
2025-04-01,16.53,1031.47,2025-05-06,True
2025-05-01,21.52,1342.85,2025-06-05,True
2025-06-01,24.92,1555.01,2025-07-06,True
2025-07-01,19.62,1224.29,2025-08-05,True
2025-08-01,35.03,2797.91,2025-09-05,False
2025-09-01,16.53,1031.47,2025-10-06,True
2025-10-01,17.34,1082.02,2025-11-05,True
2025-11-01,21.23,1324.75,2025-12-06,True
2025-12-01,12.68,632.99,2026-01-05,True
2026-01-01,14.17,707.36,2026-02-05,True
2026-06-01,38.01,2371.82,2026-07-12,True
2026-07-01,24.86,1551.26,2026-08-11,True
2026-08-01,18.48,1153.15,2026-09-11,True
2026-09-01,6.1,304.51,2026-10-12,True
2026-10-01,23.76,1482.62,2026-11-11,True
2026-11-01,19.76,1233.02,2026-12-12,False
2026-12-01,16.32,1018.37,2027-01-11,True
2027-01-01,17.43,1087.63,2027-02-11,True
2027-02-01,21.07,1314.77,2027-03-14,False
2027-03-01,9.84,491.21,2027-04-11,True
2027-04-01,17.89,1116.34,2027-05-12,True
2027-05-01,13.49,673.42,2027-06-11,True
2027-06-01,19.5,1216.8,2027-07-12,True
2027-07-01,30.93,1930.03,2027-08-11,True
2027-08-01,14.0,698.88,2027-09-11,True
2027-09-01,5.16,201.24,2027-10-12,True
2027-10-01,18.95,1182.48,2027-11-11,True
2027-11-01,20.82,1299.17,2027-12-12,True
2027-12-01,6.73,335.96,2028-01-11,True
2028-01-01,9.6,479.23,2028-02-11,True
2028-02-01,36.01,2247.02,2028-03-13,True
2028-03-01,10.38,518.17,2028-04-11,True
2028-04-01,16.23,1012.75,2028-05-12,True
2028-05-01,7.99,398.86,2028-06-11,True
2025-05-01,10.62,530.15,2025-05-31,True
2025-06-01,28.09,2340.01,2025-07-01,False
2025-07-01,11.23,560.6,2025-07-31,True
2025-08-01,14.3,713.86,2025-08-31,True
2025-09-01,13.9,693.89,2025-10-01,True
2025-10-01,7.7,384.38,2025-10-31,True
2025-11-01,5.86,228.55,2025-12-01,True
2025-12-01,12.02,600.04,2025-12-31,True
2026-01-01,7.39,368.9,2026-01-31,True
2026-02-01,15.47,965.33,2026-03-03,True
2026-03-01,16.1,1112.64,2026-03-31,False
2026-04-01,22.35,1394.64,2026-05-01,True
2026-05-01,9.24,461.26,2026-05-31,True
2026-06-01,19.62,1224.29,2026-07-01,True
2026-07-01,33.06,2062.94,2026-07-31,True
2026-08-01,14.11,704.38,2026-08-31,False
2026-09-01,24.89,1553.14,2026-10-01,True
2026-10-01,13.23,660.44,2026-10-31,True
2026-11-01,8.63,430.81,2026-12-01,True
2026-12-01,6.01,300.02,2026-12-31,True
2027-01-01,37.23,2323.15,2027-01-31,True
2027-02-01,5.4,210.6,2027-03-03,True
2027-03-01,17.65,1101.36,2027-03-31,True
2027-04-01,82.52,5149.25,2027-05-01,True
2026-08-01,24.54,1531.3,2026-08-23,True
2026-09-01,23.94,1493.86,2026-09-23,True
2026-10-01,18.8,1173.12,2026-10-23,False
2026-11-01,15.36,958.46,2026-11-23,False
2026-12-01,11.09,553.61,2026-12-23,True
2027-01-01,14.14,705.86,2027-01-23,True
2027-02-01,7.29,363.91,2027-02-23,True
2027-03-01,19.34,1206.82,2027-03-23,True
2027-04-01,5.52,215.28,2027-04-23,True
2027-05-01,12.59,628.49,2027-05-23,False
2027-06-01,99.41,6203.18,2027-06-23,True
2027-07-01,24.59,1534.42,2027-07-23,True
2027-08-01,13.28,662.94,2027-08-23,True
2027-09-01,18.59,1160.02,2027-09-23,True
2027-10-01,20.27,1264.85,2027-10-23,True
2027-11-01,8.45,421.82,2027-11-23,True
2027-12-01,7.85,391.87,2027-12-23,True
2028-01-01,12.54,625.99,2028-01-23,True
2028-02-01,18.49,1153.78,2028-02-23,False
2028-03-01,20.29,1266.1,2028-03-23,True
2028-04-01,7.69,383.88,2028-04-23,False
2028-05-01,11.46,572.09,2028-05-23,True
2028-06-01,33.92,2116.61,2028-06-23,True
2028-07-01,21.58,1346.59,2028-07-23,True
2022-06-01,31.29,1952.5,2022-07-04,True
2022-07-01,39.82,2484.77,2022-08-03,True
2022-08-01,18.18,1134.43,2022-09-03,True
2022-09-01,22.18,3002.19,2022-10-04,False
2022-10-01,16.72,1043.33,2022-11-03,True
2022-11-01,20.93,1306.03,2022-12-04,True
2022-12-01,17.24,2251.97,2023-01-03,False
2023-01-01,16.33,2106.76,2023-02-03,False
2023-02-01,9.66,482.23,2023-03-06,True
2023-03-01,9.96,497.21,2023-04-03,True
2023-04-01,26.65,1662.96,2023-05-04,True
2023-05-01,7.63,380.89,2023-06-03,True
2023-06-01,7.11,354.94,2023-07-04,True
2023-07-01,13.56,1297.43,2023-08-03,False
2023-08-01,28.02,1748.45,2023-09-03,True
2023-09-01,23.42,2725.53,2023-10-04,False
2023-10-01,9.2,459.26,2023-11-03,True
2023-11-01,6.0,234.0,2023-12-04,True
2023-12-01,19.08,2130.16,2024-01-03,False
2024-01-01,4.66,181.75,2024-02-03,True
2024-02-01,14.95,746.3,2024-03-05,True
2024-03-01,10.67,532.64,2024-04-03,True
2024-04-01,6.17,308.0,2024-05-04,True
2024-05-01,56.56,3529.34,2024-06-03,True
2024-04-01,16.11,1005.26,2024-05-19,True
2024-05-01,15.78,1624.71,2024-06-18,False
2024-06-01,9.86,492.22,2024-07-19,True
2024-07-01,26.47,2641.39,2024-08-18,False
2024-08-01,19.11,1192.46,2024-09-18,True
2024-09-01,18.28,1140.67,2024-10-19,True
2024-10-01,10.76,537.14,2024-11-18,True
2024-11-01,9.64,720.23,2024-12-19,False
2024-12-01,12.5,624.0,2025-01-18,True
2025-01-01,18.5,1154.4,2025-02-18,True
2025-02-01,16.97,1058.93,2025-03-20,True
2025-03-01,10.8,753.0,2025-04-18,False
2025-04-01,16.63,1422.53,2025-05-19,False
2025-05-01,17.12,1068.29,2025-06-18,True
2025-06-01,27.81,1735.34,2025-07-19,True
2025-07-01,27.71,1729.1,2025-08-18,True
2025-08-01,36.79,2295.7,2025-09-18,True
2025-09-01,22.88,1775.12,2025-10-19,False
2025-10-01,17.73,1106.35,2025-11-18,True
2025-11-01,8.91,444.79,2025-12-19,True
2025-12-01,19.05,1387.83,2026-01-18,False
2026-01-01,12.91,644.47,2026-02-18,True
2026-02-01,19.16,1195.58,2026-03-20,True
2026-03-01,14.66,731.83,2026-04-18,True
2021-11-01,24.15,1506.96,2021-12-16,True
2021-12-01,10.91,544.63,2022-01-15,True
2022-01-01,9.61,479.74,2022-02-15,True
2022-02-01,14.46,1686.12,2022-03-18,False
2022-03-01,10.19,508.68,2022-04-15,True
2022-04-01,18.25,1138.8,2022-05-16,True
2022-05-01,18.49,1153.78,2022-06-15,True
2022-06-01,24.9,1553.76,2022-07-16,True
2022-07-01,8.17,901.67,2022-08-15,False
2022-08-01,23.2,1447.68,2022-09-15,True
2022-09-01,7.69,383.88,2022-10-16,True
2022-10-01,11.48,573.08,2022-11-15,True
2022-11-01,20.96,1307.9,2022-12-16,True
2022-12-01,15.31,955.34,2023-01-15,True
2023-01-01,3.65,292.86,2023-02-15,False
2023-02-01,19.32,1205.57,2023-03-18,True
2023-03-01,16.92,1055.81,2023-04-15,True
2023-04-01,11.14,556.1,2023-05-16,True
2023-05-01,12.21,609.53,2023-06-15,True
2023-06-01,14.15,706.37,2023-07-16,True
2023-07-01,34.17,4065.41,2023-08-15,False
2023-08-01,7.5,374.4,2023-09-15,True
2023-09-01,9.22,460.26,2023-10-16,True
2023-10-01,12.61,629.5,2023-11-15,True
2024-06-01,18.91,1934.18,2024-07-01,False
2024-07-01,22.95,2311.62,2024-07-31,False
2024-08-01,17.6,1744.37,2024-08-31,False
2024-09-01,51.98,3243.55,2024-10-01,True
2024-10-01,7.41,369.91,2024-10-31,True
2024-11-01,18.75,1170.0,2024-12-01,True
2024-12-01,5.01,195.38,2024-12-31,True
2025-01-01,13.48,672.92,2025-01-31,True
2025-02-01,16.67,1040.21,2025-03-03,True
2025-03-01,11.15,785.75,2025-03-31,False
2025-04-01,25.99,1621.78,2025-05-01,True
2025-05-01,23.69,1478.26,2025-05-31,True
2025-06-01,29.46,1838.3,2025-07-01,True
2025-07-01,14.84,970.46,2025-07-31,False
2025-08-01,23.44,1462.66,2025-08-31,True
2025-09-01,23.66,1476.38,2025-10-01,True
2025-10-01,16.45,1026.48,2025-10-31,True
2025-11-01,55.47,3461.33,2025-12-01,True
2025-12-01,18.26,1139.42,2025-12-31,True
2026-01-01,7.77,387.88,2026-01-31,True
2026-02-01,6.39,318.98,2026-03-03,True
2026-03-01,9.71,484.73,2026-03-31,True
2026-04-01,19.32,1205.57,2026-05-01,True
2026-05-01,22.85,1425.84,2026-05-31,True
2024-05-01,26.55,1656.72,2024-06-18,True
2024-06-01,8.41,419.83,2024-07-19,True
2024-07-01,29.21,1822.7,2024-08-18,True
2024-08-01,30.94,1930.66,2024-09-18,True
2024-09-01,19.42,1211.81,2024-10-19,True
2024-10-01,20.37,1271.09,2024-11-18,True
2024-11-01,5.47,319.3,2024-12-19,False
2024-12-01,14.2,708.86,2025-01-18,True
2025-01-01,5.31,207.1,2025-02-18,True
2025-02-01,4.3,167.7,2025-03-20,True
2025-03-01,21.73,1355.95,2025-04-18,True
2025-04-01,9.8,489.22,2025-05-19,True
2025-05-01,12.91,644.47,2025-06-18,True
2025-06-01,17.96,1120.7,2025-07-19,True
2025-07-01,155.62,9710.69,2025-08-18,True
2025-08-01,32.32,2016.77,2025-09-18,True
2025-09-01,9.0,449.28,2025-10-19,True
2025-10-01,15.7,979.68,2025-11-18,True
2025-11-01,12.71,756.63,2025-12-19,False
2025-12-01,19.19,1197.46,2026-01-18,True
2026-01-01,7.99,398.86,2026-02-18,True
2026-02-01,11.66,582.07,2026-03-20,True
2026-03-01,5.6,218.4,2026-04-18,True
2026-04-01,10.74,536.14,2026-05-19,True
2025-01-01,9.18,458.27,2025-02-05,True
2025-02-01,11.29,563.59,2025-03-08,True
2025-03-01,19.38,1209.31,2025-04-05,True
2025-04-01,5.74,223.87,2025-05-06,True
2025-05-01,23.92,2024.97,2025-06-05,False
2025-06-01,12.18,809.19,2025-07-06,False
2025-07-01,21.9,1366.56,2025-08-05,True
2025-08-01,27.01,1685.42,2025-09-05,True
2025-09-01,13.67,855.84,2025-10-06,False
2025-10-01,8.38,418.33,2025-11-05,True
2025-11-01,11.07,552.61,2025-12-06,True
2025-12-01,16.11,1005.26,2026-01-05,True
2026-01-01,6.69,384.89,2026-02-05,False
2026-02-01,10.32,515.17,2026-03-08,True
2026-03-01,12.68,632.99,2026-04-05,True
2026-04-01,8.03,431.93,2026-05-06,False
2026-05-01,26.29,1640.5,2026-06-05,True
2026-06-01,17.08,1065.79,2026-07-06,True
2026-07-01,42.53,2653.87,2026-08-05,True
2026-08-01,18.86,1176.86,2026-09-05,False
2026-09-01,8.09,403.85,2026-10-06,True
2026-10-01,13.19,658.44,2026-11-05,True
2026-11-01,14.44,720.84,2026-12-06,True
2026-12-01,10.31,514.68,2027-01-05,False
2021-08-01,12.64,630.98,2021-09-16,True
2021-09-01,7.13,876.48,2021-10-17,False
2021-10-01,20.35,3095.24,2021-11-16,False
2021-11-01,14.54,1750.46,2021-12-17,False
2021-12-01,17.21,1073.9,2022-01-16,True
2022-01-01,5.73,223.46,2022-02-16,True
2022-02-01,19.95,2906.79,2022-03-19,False
2022-03-01,26.63,3841.32,2022-04-16,False
2022-04-01,21.17,3019.61,2022-05-17,False
2022-05-01,7.33,365.92,2022-06-16,True
2022-06-01,21.56,1345.34,2022-07-17,True
2022-07-01,32.4,4468.09,2022-08-16,False
2022-08-01,31.1,1940.64,2022-09-16,True
2022-09-01,15.19,947.86,2022-10-17,True
2022-10-01,21.76,1357.82,2022-11-16,True
2022-11-01,23.6,1472.64,2022-12-17,True
2022-12-01,7.99,398.86,2023-01-16,True
2023-01-01,8.35,857.28,2023-02-16,False
2023-02-01,16.49,1028.98,2023-03-19,True
2023-03-01,16.47,1027.73,2023-04-16,True
2023-04-01,10.83,540.64,2023-05-17,True
2023-05-01,20.67,1289.81,2023-06-16,True
2023-06-01,23.73,1480.75,2023-07-17,True
2023-07-01,26.2,3115.81,2023-08-16,False
2024-08-01,12.88,642.97,2024-09-16,True
2024-09-01,20.16,1257.98,2024-10-17,True
2024-10-01,23.8,1485.12,2024-11-16,True
2024-11-01,15.05,939.12,2024-12-17,True
2024-12-01,14.7,733.82,2025-01-16,True
2025-01-01,14.41,719.35,2025-02-16,True
2025-02-01,18.17,1133.81,2025-03-19,True
2025-03-01,21.35,1862.92,2025-04-16,False
2025-04-01,17.3,1079.52,2025-05-17,True
2025-05-01,7.75,386.88,2025-06-16,True
2025-06-01,25.57,1595.57,2025-07-17,True
2025-07-01,34.74,2167.78,2025-08-16,True
2025-08-01,11.35,566.59,2025-09-16,True
2025-09-01,12.61,783.73,2025-10-17,False
2025-10-01,13.73,685.4,2025-11-16,True
2025-11-01,10.48,624.74,2025-12-17,False
2025-12-01,9.58,478.24,2026-01-16,True
2026-01-01,13.95,696.38,2026-02-16,True
2026-02-01,6.54,326.47,2026-03-19,True
2026-03-01,20.21,1261.1,2026-04-16,True
2026-04-01,10.75,573.31,2026-05-17,False
2026-05-01,21.58,1404.94,2026-06-16,False
2026-06-01,22.17,1383.41,2026-07-17,True
2026-07-01,7.54,376.39,2026-08-16,True
2024-02-01,10.44,521.16,2024-02-28,True
2024-03-01,17.95,1120.08,2024-03-28,True
2024-04-01,12.03,600.54,2024-04-28,True
2024-05-01,10.71,534.65,2024-05-28,True
2024-06-01,20.28,2077.48,2024-06-28,False
2024-07-01,34.33,2142.19,2024-07-28,True
2024-08-01,14.87,742.31,2024-08-28,True
2024-09-01,11.1,867.18,2024-09-28,False
2024-10-01,15.57,1496.22,2024-10-28,False
2024-11-01,13.4,1012.87,2024-11-28,False
2024-12-01,12.06,602.04,2024-12-28,True
2025-01-01,14.27,712.36,2025-01-28,True
2025-02-01,5.61,218.78,2025-02-28,True
2025-03-01,23.85,1488.24,2025-03-28,True
2025-04-01,16.78,1453.68,2025-04-28,False
2025-05-01,16.38,1022.11,2025-05-28,True
2025-06-01,28.35,1769.04,2025-06-28,True
2025-07-01,12.56,627.0,2025-07-28,True
2025-08-01,27.46,2204.7,2025-08-28,False
2025-09-01,6.84,341.45,2025-09-28,True
2025-10-01,5.82,226.99,2025-10-28,True
2025-11-01,9.41,568.4,2025-11-28,False
2025-12-01,13.72,684.9,2025-12-28,True
2026-01-01,14.34,829.79,2026-01-28,False
2026-04-01,6.58,328.48,2026-04-28,True
2026-05-01,8.78,464.23,2026-05-28,False
2026-06-01,9.95,496.7,2026-06-28,True
2026-07-01,30.99,1933.78,2026-07-28,True
2026-08-01,11.55,576.58,2026-08-28,True
2026-09-01,15.14,944.74,2026-09-28,True
2026-10-01,7.34,366.41,2026-10-28,False
2026-11-01,10.56,527.16,2026-11-28,True
2026-12-01,21.06,1314.14,2026-12-28,True
2027-01-01,13.09,653.45,2027-01-28,True
2027-02-01,13.13,655.45,2027-02-28,True
2027-03-01,14.24,710.86,2027-03-28,True
2027-04-01,11.26,562.1,2027-04-28,False
2027-05-01,12.89,643.46,2027-05-28,True
2027-06-01,18.09,1128.82,2027-06-28,True
2027-07-01,25.67,1601.81,2027-07-28,True
2027-08-01,24.23,1511.95,2027-08-28,True
2027-09-01,25.29,1578.1,2027-09-28,True
2027-10-01,8.45,421.82,2027-10-28,True
2027-11-01,5.76,224.64,2027-11-28,True
2027-12-01,8.35,416.83,2027-12-28,True
2028-01-01,11.8,589.06,2028-01-28,True
2028-02-01,17.18,1072.03,2028-02-28,True
2028-03-01,15.03,937.87,2028-03-28,False
2022-04-01,17.42,1087.01,2022-04-25,True
2022-05-01,16.99,1060.18,2022-05-25,True
2022-06-01,20.77,1296.05,2022-06-25,True
2022-07-01,7.37,367.91,2022-07-25,True
2022-08-01,20.08,2759.71,2022-08-25,False
2022-09-01,18.35,1145.04,2022-09-25,True
2022-10-01,8.7,934.47,2022-10-25,False
2022-11-01,15.53,969.07,2022-11-25,True
2022-12-01,8.11,404.86,2022-12-25,True
2023-01-01,9.13,455.77,2023-01-25,True
2023-02-01,11.2,559.1,2023-02-25,True
2023-03-01,20.45,1276.08,2023-03-25,True
2023-04-01,18.17,2267.62,2023-04-25,False
2023-05-01,16.52,1030.85,2023-05-25,True
2023-06-01,25.57,1595.57,2023-06-25,True
2023-07-01,18.84,2262.09,2023-07-25,False
2023-08-01,34.96,2181.5,2023-08-25,True
2023-09-01,23.37,1458.29,2023-09-25,True
2023-10-01,22.75,2622.71,2023-10-25,False
2023-11-01,15.92,993.41,2023-11-25,True
2023-12-01,8.47,422.82,2023-12-25,True
2024-01-01,13.66,681.91,2024-01-25,True
2024-02-01,10.17,507.68,2024-02-25,True
2024-03-01,13.62,679.91,2024-03-25,True
2026-01-01,4.74,184.87,2026-01-28,True
2026-02-01,7.16,357.43,2026-02-28,True
2026-03-01,8.46,468.79,2026-03-28,False
2026-04-01,19.3,1204.32,2026-04-28,True
2026-05-01,14.79,781.99,2026-05-28,False
2026-06-01,21.76,1357.82,2026-06-28,True
2026-07-01,29.79,1858.9,2026-07-28,True
2026-08-01,33.18,2070.43,2026-08-28,False
2026-09-01,6.24,311.5,2026-09-28,True
2026-10-01,20.97,1308.53,2026-10-28,False
2026-11-01,24.36,1520.06,2026-11-28,True
2026-12-01,15.94,994.66,2026-12-28,True
2027-01-01,6.2,309.5,2027-01-28,True
2027-02-01,6.48,323.48,2027-02-28,True
2027-03-01,12.52,625.0,2027-03-28,True
2027-04-01,15.46,964.7,2027-04-28,False
2027-05-01,12.29,613.51,2027-05-28,True
2027-06-01,8.08,403.36,2027-06-28,True
2027-07-01,26.89,1677.94,2027-07-28,False
2027-08-01,31.31,1953.74,2027-08-28,False
2027-09-01,17.29,1078.9,2027-09-28,True
2027-10-01,7.9,394.37,2027-10-28,True
2027-11-01,15.67,977.81,2027-11-28,True
2027-12-01,8.84,441.29,2027-12-28,True
2025-12-01,15.12,943.49,2026-01-06,True
2026-01-01,18.55,1157.52,2026-02-06,True
2026-02-01,11.48,573.08,2026-03-09,True
2026-03-01,17.58,1096.99,2026-04-06,True
2026-04-01,11.81,634.76,2026-05-07,False
2026-05-01,65.87,4322.65,2026-06-06,False
2026-06-01,21.3,1329.12,2026-07-07,True
2026-07-01,24.37,1520.69,2026-08-06,True
2026-08-01,14.77,737.32,2026-09-06,True
2026-09-01,9.24,461.26,2026-10-07,True
2026-10-01,11.17,557.6,2026-11-06,True
2026-11-01,22.38,1396.51,2026-12-07,True
2026-12-01,7.73,385.88,2027-01-06,False
2027-01-01,14.09,703.37,2027-02-06,True
2027-02-01,11.77,587.56,2027-03-09,True
2027-03-01,5.41,210.98,2027-04-06,True
2027-04-01,90.99,5677.78,2027-05-07,True
2027-05-01,7.98,398.36,2027-06-06,True
2027-06-01,20.6,1285.44,2027-07-07,False
2027-07-01,19.06,1189.34,2027-08-06,False
2027-08-01,7.85,391.87,2027-09-06,True
2027-09-01,21.75,1357.2,2027-10-07,True
2027-10-01,9.74,486.22,2027-11-06,False
2027-11-01,17.42,1087.01,2027-12-07,True
2026-07-01,17.15,1079.97,2026-07-27,False
2026-08-01,26.43,1649.23,2026-08-27,True
2026-09-01,24.28,1515.07,2026-09-27,False
2026-10-01,83.08,5184.19,2026-10-27,True
2026-11-01,42.08,2625.79,2026-11-27,False
2026-12-01,4.55,177.46,2026-12-27,True
2027-01-01,13.38,667.93,2027-01-27,True
2027-02-01,15.86,989.66,2027-02-27,True
2027-03-01,25.37,1583.09,2027-03-27,True
2027-04-01,6.87,342.95,2027-04-27,False
2027-05-01,23.59,1472.02,2027-05-27,False
2027-06-01,31.85,1987.44,2027-06-27,False
2027-07-01,9.22,460.26,2027-07-27,True
2027-08-01,34.78,2170.27,2027-08-27,True
2027-09-01,8.91,444.79,2027-09-27,True
2027-10-01,5.88,229.32,2027-10-27,False
2027-11-01,13.11,654.46,2027-11-27,False
2027-12-01,7.92,395.36,2027-12-27,False
2028-01-01,8.24,411.34,2028-01-27,False
2028-02-01,9.71,484.73,2028-02-27,True
2028-03-01,14.59,728.33,2028-03-27,True
2028-04-01,22.74,1418.98,2028-04-27,True
2028-05-01,13.41,669.43,2028-05-27,True
2028-06-01,16.1,1004.64,2028-06-27,False
2025-01-01,6.86,495.71,2025-02-16,False
2025-02-01,7.56,536.54,2025-03-19,False
2025-03-01,5.08,198.12,2025-04-16,True
2025-04-01,17.85,1113.84,2025-05-17,True
2025-05-01,10.13,505.69,2025-06-16,True
2025-06-01,15.35,957.84,2025-07-17,True
2025-07-01,17.01,1061.42,2025-08-16,True
2025-08-01,13.08,829.8,2025-09-16,False
2025-09-01,15.64,975.94,2025-10-17,True
2025-10-01,6.44,321.48,2025-11-16,True
2025-11-01,11.54,576.07,2025-12-17,True
2025-12-01,68.26,4259.42,2026-01-16,True
2026-01-01,5.57,248.35,2026-02-16,False
2026-02-01,19.82,1236.77,2026-03-19,True
2026-03-01,10.39,518.66,2026-04-16,True
2026-04-01,24.99,1559.38,2026-05-17,True
2026-05-01,10.9,544.13,2026-06-16,True
2026-06-01,25.45,1588.08,2026-07-17,True
2026-07-01,15.96,995.9,2026-08-16,True
2026-08-01,24.82,1548.77,2026-09-16,True
2026-09-01,8.41,419.83,2026-10-17,True
2026-10-01,7.5,374.4,2026-11-16,False
2026-11-01,17.6,1098.24,2026-12-17,False
2026-12-01,18.8,1173.12,2027-01-16,False
2022-09-01,16.79,2264.78,2022-10-13,False
2022-10-01,10.22,510.18,2022-11-12,True
2022-11-01,9.91,494.71,2022-12-13,True
2022-12-01,19.02,2475.57,2023-01-12,False
2023-01-01,9.46,472.25,2023-02-12,True
2023-02-01,6.02,611.31,2023-03-15,False
2023-03-01,25.07,1564.37,2023-04-12,True
2023-04-01,22.84,1425.22,2023-05-13,True
2023-05-01,9.88,966.69,2023-06-12,False
2023-06-01,12.99,1254.23,2023-07-13,False
2023-07-01,29.68,1852.03,2023-08-12,True
2023-08-01,31.33,1954.99,2023-09-12,True
2023-09-01,9.43,470.75,2023-10-13,True
2023-10-01,16.38,1873.02,2023-11-12,False
2023-11-01,16.18,1009.63,2023-12-13,True
2023-12-01,11.73,1043.27,2024-01-12,False
2024-01-01,11.86,592.06,2024-02-12,True
2024-02-01,8.16,704.72,2024-03-14,False
2024-03-01,14.16,706.87,2024-04-12,True
2024-04-01,11.36,567.1,2024-05-13,True
2024-05-01,19.81,1236.14,2024-06-12,True
2024-06-01,31.33,1954.99,2024-07-13,True
2024-07-01,12.12,605.03,2024-08-12,True
2024-08-01,9.75,486.72,2024-09-12,True
2021-10-01,17.01,1061.42,2021-11-04,True
2021-11-01,24.33,1518.19,2021-12-05,True
2021-12-01,6.35,759.72,2022-01-04,False
2022-01-01,10.75,536.64,2022-02-04,True
2022-02-01,16.43,1025.23,2022-03-07,True
2022-03-01,15.95,995.28,2022-04-04,True
2022-04-01,6.2,309.5,2022-05-05,True
2022-05-01,9.1,454.27,2022-06-04,True
2022-06-01,32.59,2033.62,2022-07-05,True
2022-07-01,9.15,1014.03,2022-08-04,False
2022-08-01,25.35,1581.84,2022-09-04,True
2022-09-01,18.16,1133.18,2022-10-05,True
2022-10-01,15.71,980.3,2022-11-04,True
2022-11-01,25.59,3381.27,2022-12-05,False
2022-12-01,10.96,547.13,2023-01-04,True
2023-01-01,17.97,1121.33,2023-02-04,True
2023-02-01,12.24,611.02,2023-03-07,True
2023-03-01,19.46,1214.3,2023-04-04,True
2023-04-01,7.5,374.4,2023-05-05,True
2023-05-01,6.83,670.55,2023-06-04,False
2023-06-01,23.63,1474.51,2023-07-05,True
2023-07-01,23.3,1453.92,2023-08-04,True
2023-08-01,21.13,2491.98,2023-09-04,False
2023-09-01,24.08,1502.59,2023-10-05,True
2023-12-01,16.13,1006.51,2023-12-30,True
2024-01-01,7.85,391.87,2024-01-30,True
2024-02-01,9.13,793.42,2024-03-01,False
2024-03-01,19.69,2109.2,2024-03-30,False
2024-04-01,23.8,2511.09,2024-04-30,False
2024-05-01,8.93,445.79,2024-05-30,True
2024-06-01,16.93,1056.43,2024-06-30,True
2024-07-01,30.22,1885.73,2024-07-30,True
2024-08-01,38.32,3799.97,2024-08-30,False
2024-09-01,130.66,8153.18,2024-09-30,True
2024-10-01,20.6,1285.44,2024-10-30,True
2024-11-01,25.73,1605.55,2024-11-30,True
2024-12-01,6.01,300.02,2024-12-30,True
2025-01-01,4.53,176.66,2025-01-30,True
2025-02-01,10.6,529.15,2025-03-02,True
2025-03-01,21.59,1347.22,2025-03-30,True
2025-04-01,19.26,1201.82,2025-04-30,True
2025-05-01,5.73,304.28,2025-05-30,False
2025-06-01,8.12,405.35,2025-06-30,True
2025-07-01,10.68,533.15,2025-07-30,True
2025-08-01,10.94,546.12,2025-08-30,True
2025-09-01,6.51,324.98,2025-09-30,True
2025-10-01,7.78,388.38,2025-10-30,True
2025-11-01,8.3,414.34,2025-11-30,True
2021-11-01,14.02,699.88,2021-12-08,True
2021-12-01,9.33,465.76,2022-01-07,True
2022-01-01,10.9,544.13,2022-02-07,True
2022-02-01,4.52,412.94,2022-03-10,False
2022-03-01,14.36,716.86,2022-04-07,True
2022-04-01,25.29,1578.1,2022-05-08,True
2022-05-01,9.69,483.72,2022-06-07,True
2022-06-01,18.83,1174.99,2022-07-08,True
2022-07-01,27.57,3814.92,2022-08-07,False
2022-08-01,18.57,1158.77,2022-09-07,True
2022-09-01,5.14,434.16,2022-10-08,False
2022-10-01,23.89,1490.74,2022-11-07,True
2022-11-01,7.11,354.94,2022-12-08,True
2022-12-01,13.13,655.45,2023-01-07,True
2023-01-01,9.86,492.22,2023-02-07,True
2023-02-01,12.62,629.99,2023-03-10,True
2023-03-01,7.36,367.42,2023-04-07,True
2023-04-01,25.14,3120.49,2023-05-08,False
2023-05-01,23.65,1475.76,2023-06-07,True
2023-06-01,11.3,1093.41,2023-07-08,False
2023-07-01,27.01,3224.77,2023-08-07,False
2023-08-01,18.51,1155.02,2023-09-07,True
2023-09-01,8.22,410.34,2023-10-08,True
2023-10-01,10.86,542.14,2023-11-07,True
2022-10-01,23.86,3191.12,2022-11-04,False
2022-11-01,24.14,3189.67,2022-12-05,False
2022-12-01,10.23,510.68,2023-01-04,True
2023-01-01,9.52,982.16,2023-02-04,False
2023-02-01,9.04,451.27,2023-03-07,True
2023-03-01,15.4,1938.74,2023-04-04,False
2023-04-01,9.18,458.27,2023-05-05,True
2023-05-01,8.9,444.29,2023-06-04,True
2023-06-01,30.95,1931.28,2023-07-05,True
2023-07-01,13.9,693.89,2023-08-04,True
2023-08-01,13.39,668.42,2023-09-04,True
2023-09-01,5.5,214.51,2023-10-05,True
2023-10-01,13.51,674.42,2023-11-04,True
2023-11-01,23.3,1453.92,2023-12-05,True
2023-12-01,21.48,2396.99,2024-01-04,False
2024-01-01,6.83,340.96,2024-02-04,True
2024-02-01,19.06,2065.49,2024-03-06,False
2024-03-01,23.84,1487.62,2024-04-04,True
2024-04-01,21.79,1359.7,2024-05-05,True
2024-05-01,12.29,613.51,2024-06-04,True
2024-06-01,29.3,1828.32,2024-07-05,True
2024-07-01,13.33,665.44,2024-08-04,True
2024-08-01,23.57,2331.17,2024-09-04,False
2024-09-01,7.17,558.06,2024-10-05,False
2026-01-01,16.81,1048.94,2026-01-31,True
2026-02-01,19.59,1222.42,2026-03-03,True
2026-03-01,23.62,1473.89,2026-03-31,True
2026-04-01,15.09,941.62,2026-05-01,True
2026-05-01,16.15,1007.76,2026-05-31,True
2026-06-01,57.82,3607.97,2026-07-01,True
2026-07-01,72.15,4502.16,2026-07-31,True
2026-08-01,33.49,2089.78,2026-08-31,True
2026-09-01,83.27,5196.05,2026-10-01,False
2026-10-01,12.95,646.46,2026-10-31,True
2026-11-01,26.56,1657.34,2026-12-01,True
2026-12-01,19.15,1194.96,2026-12-31,False
2027-01-01,4.74,184.87,2027-01-31,True
2027-02-01,10.18,508.19,2027-03-03,True
2027-03-01,10.09,503.69,2027-03-31,False
2027-04-01,15.47,965.33,2027-05-01,True
2027-05-01,6.87,342.95,2027-05-31,True
2027-06-01,34.24,2136.58,2027-07-01,True
2027-07-01,9.67,482.72,2027-07-31,True
2027-08-01,17.75,1107.6,2027-08-31,False
2027-09-01,7.82,390.37,2027-10-01,False
2027-10-01,5.89,229.7,2027-10-31,True
2027-11-01,8.09,403.85,2027-12-01,True
2027-12-01,18.49,1153.78,2027-12-31,True
2021-12-01,21.57,1345.97,2022-01-18,True
2022-01-01,6.12,305.51,2022-02-18,True
2022-02-01,15.76,983.42,2022-03-20,True
2022-03-01,7.2,359.42,2022-04-18,True
2022-04-01,5.69,221.9,2022-05-19,True
2022-05-01,7.03,350.94,2022-06-18,True
2022-06-01,7.67,382.88,2022-07-19,True
2022-07-01,23.78,1483.87,2022-08-18,True
2022-08-01,26.95,1681.68,2022-09-18,True
2022-09-01,21.03,1312.27,2022-10-19,True
2022-10-01,18.66,1164.38,2022-11-18,True
2022-11-01,13.6,678.91,2022-12-19,True
2022-12-01,9.37,467.75,2023-01-18,True
2023-01-01,4.95,193.06,2023-02-18,True
2023-02-01,105.7,6595.68,2023-03-20,True
2023-03-01,9.5,474.24,2023-04-18,True
2023-04-01,21.56,1345.34,2023-05-19,True
2023-05-01,6.74,657.78,2023-06-18,False
2023-06-01,24.87,2993.85,2023-07-19,False
2023-07-01,9.23,877.36,2023-08-18,False
2023-08-01,11.4,1068.94,2023-09-18,False
2023-09-01,23.67,1477.01,2023-10-19,True
2023-10-01,12.71,634.49,2023-11-18,True
2023-11-01,16.92,1055.81,2023-12-19,True
2026-03-01,22.08,1533.94,2026-03-24,False
2026-04-01,14.42,719.84,2026-04-24,True
2026-05-01,9.47,472.74,2026-05-24,True
2026-06-01,31.63,1973.71,2026-06-24,True
2026-07-01,9.73,485.72,2026-07-24,True
2026-08-01,13.57,677.41,2026-08-24,True
2026-09-01,7.26,362.42,2026-09-24,False
2026-10-01,17.42,1087.01,2026-10-24,True
2026-11-01,20.17,1258.61,2026-11-24,False
2026-12-01,88.26,5507.42,2026-12-24,False
2027-01-01,11.07,552.61,2027-01-24,True
2027-02-01,6.89,343.94,2027-02-24,True
2027-03-01,18.76,1170.62,2027-03-24,True
2027-04-01,17.69,1103.86,2027-04-24,True
2027-05-01,10.43,520.67,2027-05-24,True
2027-06-01,23.45,1463.28,2027-06-24,False
2027-07-01,10.16,507.19,2027-07-24,True
2027-08-01,17.99,1122.58,2027-08-24,False
2027-09-01,21.3,1329.12,2027-09-24,True
2027-10-01,24.86,1551.26,2027-10-24,False
2027-11-01,21.03,1312.27,2027-11-24,True
2027-12-01,8.2,409.34,2027-12-24,True
2028-01-01,18.6,1160.64,2028-01-24,False
2028-02-01,7.2,359.42,2028-02-24,True
2026-02-01,11.82,590.05,2026-02-27,True
2026-03-01,14.99,831.24,2026-03-27,False
2026-04-01,15.56,970.94,2026-04-27,True
2026-05-01,16.83,1113.2,2026-05-27,False
2026-06-01,21.67,1352.21,2026-06-27,True
2026-07-01,8.84,445.34,2026-07-27,False
2026-08-01,24.11,1504.46,2026-08-27,True
2026-09-01,24.71,1541.9,2026-09-27,True
2026-10-01,18.82,1174.37,2026-10-27,False
2026-11-01,24.39,1521.94,2026-11-27,True
2026-12-01,10.85,541.63,2026-12-27,True
2027-01-01,10.91,544.63,2027-01-27,False
2027-02-01,11.88,593.05,2027-02-27,True
2027-03-01,8.58,428.32,2027-03-27,False
2027-04-01,24.46,1526.3,2027-04-27,True
2027-05-01,19.88,1240.51,2027-05-27,True
2027-06-01,17.04,1063.3,2027-06-27,True
2027-07-01,122.21,7625.9,2027-07-27,False
2027-08-01,19.28,1203.07,2027-08-27,False
2027-09-01,25.33,1580.59,2027-09-27,True
2027-10-01,16.39,1022.74,2027-10-27,True
2027-11-01,21.08,1315.39,2027-11-27,False
2027-12-01,37.18,2320.03,2027-12-27,True
2028-01-01,15.89,991.54,2028-01-27,True
2023-03-01,7.93,395.87,2023-04-09,True
2023-04-01,9.2,459.26,2023-05-10,True
2023-05-01,20.16,1257.98,2023-06-09,True
2023-06-01,21.51,1342.22,2023-07-10,True
2023-07-01,7.97,397.86,2023-08-09,True
2023-08-01,24.64,1537.54,2023-09-09,True
2023-09-01,24.0,1497.6,2023-10-10,True
2023-10-01,25.21,1573.1,2023-11-09,True
2023-11-01,5.68,221.52,2023-12-10,True
2023-12-01,12.68,632.99,2024-01-09,True
2024-01-01,12.02,600.04,2024-02-09,True
2024-02-01,7.8,389.38,2024-03-11,True
2024-03-01,14.89,743.3,2024-04-09,True
2024-04-01,17.88,1115.71,2024-05-10,True
2024-05-01,11.26,562.1,2024-06-09,True
2024-06-01,139.26,8689.82,2024-07-10,True
2024-07-01,31.64,1974.34,2024-08-09,True
2024-08-01,13.86,1093.78,2024-09-09,False
2024-09-01,13.45,671.42,2024-10-10,True
2024-10-01,17.15,1070.16,2024-11-09,True
2024-11-01,22.61,1410.86,2024-12-10,True
2024-12-01,11.66,582.07,2025-01-09,True
2025-01-01,12.06,874.96,2025-02-09,False
2025-02-01,3.87,150.94,2025-03-12,True
2025-09-01,18.26,1139.42,2025-09-23,True
2025-10-01,9.61,594.88,2025-10-23,False
2025-11-01,10.24,511.18,2025-11-23,True
2025-12-01,9.06,537.84,2025-12-23,False
2026-01-01,18.18,1134.43,2026-01-23,True
2026-02-01,18.33,1143.79,2026-02-23,True
2026-03-01,13.33,665.44,2026-03-23,True
2026-04-01,8.93,445.79,2026-04-23,True
2026-05-01,13.4,711.3,2026-05-23,False
2026-06-01,27.79,1734.1,2026-06-23,True
2026-07-01,11.77,594.9,2026-07-23,False
2026-08-01,10.44,521.16,2026-08-23,True
2026-09-01,8.92,445.28,2026-09-23,True
2026-10-01,16.18,1009.63,2026-10-23,True
2026-11-01,14.02,699.88,2026-11-23,True
2026-12-01,12.67,632.48,2026-12-23,False
2027-01-01,9.36,467.26,2027-01-23,True
2027-02-01,7.17,357.92,2027-02-23,True
2027-03-01,7.35,366.91,2027-03-23,True
2027-04-01,9.78,488.22,2027-04-23,True
2027-05-01,25.9,1616.16,2027-05-23,True
2027-06-01,8.89,443.78,2027-06-23,True
2027-07-01,188.7,11774.88,2027-07-23,True
2027-08-01,19.15,1194.96,2027-08-23,True
2023-05-01,21.49,1340.98,2023-05-23,True
2023-06-01,16.6,1035.84,2023-06-23,True
2023-07-01,28.39,1771.54,2023-07-23,True
2023-08-01,18.27,2166.09,2023-08-23,False
2023-09-01,13.86,1296.74,2023-09-23,False
2023-10-01,6.66,332.47,2023-10-23,True
2023-11-01,20.74,2359.72,2023-11-23,False
2023-12-01,18.5,2076.0,2023-12-23,False
2024-01-01,7.85,391.87,2024-01-23,True
2024-02-01,5.99,408.06,2024-02-23,False
2024-03-01,8.24,411.34,2024-03-23,True
2024-04-01,19.96,1245.5,2024-04-23,True
2024-05-01,36.84,2298.82,2024-05-23,True
2024-06-01,20.62,1286.69,2024-06-23,True
2024-07-01,36.28,2263.87,2024-07-23,True
2024-08-01,30.59,1908.82,2024-08-23,True
2024-09-01,25.46,1588.7,2024-09-23,True
2024-10-01,13.6,678.91,2024-10-23,True
2024-11-01,23.39,2216.07,2024-11-23,False
2024-12-01,10.27,512.68,2024-12-23,True
2025-01-01,19.49,1216.18,2025-01-23,True
2025-02-01,20.37,1271.09,2025-02-23,True
2025-03-01,17.93,1586.87,2025-03-23,False
2025-04-01,7.49,373.9,2025-04-23,True
2023-10-01,6.43,320.99,2023-11-16,True
2023-11-01,20.72,1292.93,2023-12-17,True
2023-12-01,6.15,307.01,2024-01-16,True
2024-01-01,17.95,1120.08,2024-02-16,True
2024-02-01,6.22,310.5,2024-03-18,True
2024-03-01,5.4,210.6,2024-04-16,True
2024-04-01,22.0,1372.8,2024-05-17,True
2024-05-01,7.85,391.87,2024-06-16,True
2024-06-01,29.99,3042.55,2024-07-17,False
2024-07-01,10.91,544.63,2024-08-16,True
2024-08-01,18.9,1857.49,2024-09-16,False
2024-09-01,16.62,1037.09,2024-10-17,True
2024-10-01,14.7,1118.46,2024-11-16,False
2024-11-01,15.92,993.41,2024-12-17,True
2024-12-01,4.27,166.54,2025-01-16,True
2025-01-01,15.76,1423.5,2025-02-16,False
2025-02-01,4.97,193.82,2025-03-19,True
2025-03-01,21.42,1336.61,2025-04-16,True
2025-04-01,19.24,1647.8,2025-05-17,False
2025-05-01,9.49,638.36,2025-06-16,False
2025-06-01,8.93,445.79,2025-07-17,True
2025-07-01,20.85,1301.04,2025-08-16,True
2025-08-01,11.88,593.05,2025-09-16,True
2025-09-01,14.47,722.34,2025-10-17,True
2021-12-01,18.5,1154.4,2022-01-15,True
2022-01-01,13.11,1545.62,2022-02-15,False
2022-02-01,17.3,1079.52,2022-03-18,True
2022-03-01,5.38,209.82,2022-04-15,True
2022-04-01,25.44,1587.46,2022-05-16,True
2022-05-01,20.49,2891.72,2022-06-15,False
2022-06-01,32.79,2046.1,2022-07-16,True
2022-07-01,9.01,449.78,2022-08-15,True
2022-08-01,31.54,1968.1,2022-09-15,True
2022-09-01,24.83,1549.39,2022-10-16,True
2022-10-01,26.98,1683.55,2022-11-15,True
2022-11-01,10.55,1110.37,2022-12-16,False
2022-12-01,19.49,1216.18,2023-01-15,True
2023-01-01,19.76,1233.02,2023-02-15,True
2023-02-01,5.83,461.96,2023-03-18,False
2023-03-01,11.46,572.09,2023-04-15,True
2023-04-01,14.09,1394.43,2023-05-16,False
2023-05-01,22.71,2773.97,2023-06-15,False
2023-06-01,22.14,1381.54,2023-07-16,True
2023-07-01,8.38,797.62,2023-08-15,False
2023-08-01,19.01,2231.08,2023-09-15,False
2023-09-01,16.26,1014.62,2023-10-16,True
2023-10-01,21.03,1312.27,2023-11-15,True
2023-11-01,17.99,2025.32,2023-12-16,False
2022-11-01,15.59,972.82,2022-12-12,True
2022-12-01,12.76,636.98,2023-01-11,True
2023-01-01,18.32,1143.17,2023-02-11,True
2023-02-01,16.98,1059.55,2023-03-14,True
2023-03-01,5.61,218.78,2023-04-11,True
2023-04-01,21.1,1316.64,2023-05-12,True
2023-05-01,5.49,419.81,2023-06-11,False
2023-06-01,30.37,3667.0,2023-07-12,False
2023-07-01,13.14,655.94,2023-08-11,True
2023-08-01,32.62,3835.2,2023-09-11,False
2023-09-01,20.95,1307.28,2023-10-12,True
2023-10-01,12.68,632.99,2023-11-11,True
2023-11-01,13.24,1194.65,2023-12-12,False
2023-12-01,11.59,578.57,2024-01-11,True
2024-01-01,12.59,1104.05,2024-02-11,False
2024-02-01,21.85,1363.44,2024-03-13,True
2024-03-01,25.97,1620.53,2024-04-11,True
2024-04-01,5.9,230.11,2024-05-12,True
2024-05-01,10.65,531.65,2024-06-11,True
2024-06-01,19.03,1187.47,2024-07-12,True
2024-07-01,9.38,468.25,2024-08-11,True
2024-08-01,21.29,1328.5,2024-09-11,True
2024-09-01,10.45,521.66,2024-10-12,True
2024-10-01,7.47,372.9,2024-11-11,True
2025-10-01,15.74,982.18,2025-10-28,True
2025-11-01,5.45,257.17,2025-11-28,False
2025-12-01,11.64,581.06,2025-12-28,True
2026-01-01,4.63,180.58,2026-01-28,True
2026-02-01,6.19,309.0,2026-02-28,True
2026-03-01,20.65,1288.56,2026-03-28,True
2026-04-01,26.14,1631.14,2026-04-28,True
2026-05-01,20.56,1282.94,2026-05-28,True
2026-06-01,24.19,1509.46,2026-06-28,True
2026-07-01,29.75,1856.4,2026-07-28,True
2026-08-01,31.82,1985.57,2026-08-28,True
2026-09-01,19.83,1237.39,2026-09-28,True
2026-10-01,22.61,1410.86,2026-10-28,True
2026-11-01,7.6,379.39,2026-11-28,False
2026-12-01,9.74,486.22,2026-12-28,True
2027-01-01,6.61,329.98,2027-01-28,True
2027-02-01,17.73,1106.35,2027-02-28,True
2027-03-01,9.74,486.22,2027-03-28,False
2027-04-01,15.15,945.36,2027-04-28,True
2027-05-01,13.67,682.4,2027-05-28,True
2027-06-01,27.27,1701.65,2027-06-28,True
2027-07-01,25.7,1603.68,2027-07-28,True
2027-08-01,16.58,1034.59,2027-08-28,True
2027-09-01,12.3,614.02,2027-09-28,True
2021-11-01,5.5,518.76,2021-12-09,False
2021-12-01,10.12,505.19,2022-01-08,True
2022-01-01,5.79,225.82,2022-02-08,True
2022-02-01,14.55,726.34,2022-03-11,True
2022-03-01,10.07,502.69,2022-04-08,True
2022-04-01,6.94,346.44,2022-05-09,True
2022-05-01,16.64,1038.34,2022-06-08,True
2022-06-01,14.45,1617.0,2022-07-09,False
2022-07-01,33.16,2069.18,2022-08-08,True
2022-08-01,17.08,1065.79,2022-09-08,True
2022-09-01,10.83,1170.49,2022-10-09,False
2022-10-01,12.69,1355.65,2022-11-08,False
2022-11-01,17.31,2283.6,2022-12-09,False
2022-12-01,10.98,548.12,2023-01-08,True
2023-01-01,12.22,1258.67,2023-02-08,False
2023-02-01,7.0,711.98,2023-03-11,False
2023-03-01,20.88,2624.28,2023-04-08,False
2023-04-01,17.38,1084.51,2023-05-09,True
2023-05-01,18.9,1179.36,2023-06-08,True
2023-06-01,32.68,2039.23,2023-07-09,True
2023-07-01,19.08,1190.59,2023-08-08,True
2023-08-01,29.06,1813.34,2023-09-08,True
2023-09-01,26.07,3027.15,2023-10-09,False
2023-10-01,9.27,462.76,2023-11-08,True
2025-11-01,9.23,460.76,2025-12-14,True
2025-12-01,16.66,1039.58,2026-01-13,True
2026-01-01,5.84,227.76,2026-02-13,True
2026-02-01,5.88,256.84,2026-03-16,False
2026-03-01,15.28,953.47,2026-04-13,True
2026-04-01,11.88,635.06,2026-05-14,False
2026-05-01,12.68,632.99,2026-06-13,True
2026-06-01,24.33,1548.55,2026-07-14,False
2026-07-01,16.02,999.65,2026-08-13,True
2026-08-01,26.08,1627.39,2026-09-13,True
2026-09-01,20.4,1272.96,2026-10-14,True
2026-10-01,15.69,979.06,2026-11-13,True
2026-11-01,8.06,402.36,2026-12-14,True
2026-12-01,14.06,701.88,2027-01-13,False
2027-01-01,10.56,527.16,2027-02-13,True
2027-02-01,11.07,552.61,2027-03-16,False
2027-03-01,13.09,653.45,2027-04-13,False
2027-04-01,12.9,643.97,2027-05-14,True
2027-05-01,17.88,1115.71,2027-06-13,True
2027-06-01,15.19,947.86,2027-07-14,True
2027-07-01,13.64,680.9,2027-08-13,True
2027-08-01,163.74,10217.38,2027-09-13,True
2027-09-01,20.67,1289.81,2027-10-14,True
2027-10-01,21.92,1367.81,2027-11-13,True
2025-02-01,4.75,267.08,2025-02-23,False
2025-03-01,8.77,437.8,2025-03-23,True
2025-04-01,21.33,1853.4,2025-04-23,False
2025-05-01,56.47,3523.73,2025-05-23,True
2025-06-01,35.44,2967.04,2025-06-23,False
2025-07-01,29.83,1861.39,2025-07-23,True
2025-08-01,6.83,340.96,2025-08-23,True
2025-09-01,9.28,586.02,2025-09-23,False
2025-10-01,9.99,618.39,2025-10-23,False
2025-11-01,23.81,1485.74,2025-11-23,True
2025-12-01,13.93,826.93,2025-12-23,False
2026-01-01,7.98,398.36,2026-01-23,True
2026-02-01,17.07,1211.63,2026-02-23,False
2026-03-01,23.33,1455.79,2026-03-23,True
2026-04-01,12.71,690.54,2026-04-23,False
2026-05-01,15.46,964.7,2026-05-23,True
2026-06-01,27.03,1686.67,2026-06-23,True
2026-07-01,12.46,629.79,2026-07-23,False
2026-08-01,29.96,1869.5,2026-08-23,True
2026-09-01,21.09,1316.02,2026-09-23,False
2026-10-01,11.69,583.56,2026-10-23,True
2026-11-01,6.65,331.97,2026-11-23,True
2026-12-01,11.65,581.57,2026-12-23,True
2027-01-01,10.32,515.17,2027-01-23,True
2022-06-01,13.18,657.95,2022-06-21,True
2022-07-01,24.76,3447.97,2022-07-21,False
2022-08-01,7.81,389.88,2022-08-21,True
2022-09-01,21.59,2936.94,2022-09-21,False
2022-10-01,12.41,619.51,2022-10-21,True
2022-11-01,8.66,920.46,2022-11-21,False
2022-12-01,19.06,1189.34,2022-12-21,True
2023-01-01,5.98,233.23,2023-01-21,True
2023-02-01,5.08,198.12,2023-02-21,True
2023-03-01,11.78,588.06,2023-03-21,True
2023-04-01,10.92,545.12,2023-04-21,True
2023-05-01,16.29,1016.5,2023-05-21,True
2023-06-01,33.18,2070.43,2023-06-21,True
2023-07-01,33.17,2069.81,2023-07-21,True
2023-08-01,11.41,1083.17,2023-08-21,False
2023-09-01,12.53,625.5,2023-09-21,True
2023-10-01,18.4,1148.16,2023-10-21,True
2023-11-01,11.41,569.59,2023-11-21,True
2023-12-01,4.94,192.67,2023-12-21,True
2024-01-01,18.32,2028.17,2024-01-21,False
2024-02-01,17.05,1063.92,2024-02-21,True
2024-03-01,10.72,535.14,2024-03-21,True
2024-04-01,10.8,539.14,2024-04-21,True
2024-05-01,38.45,2399.28,2024-05-21,True
2024-10-01,24.61,1535.66,2024-10-28,True
2024-11-01,24.09,1503.22,2024-11-28,True
2024-12-01,6.72,335.46,2024-12-28,True
2025-01-01,9.56,698.36,2025-01-28,False
2025-02-01,18.45,1151.28,2025-02-28,True
2025-03-01,5.95,232.06,2025-03-28,True
2025-04-01,12.53,625.5,2025-04-28,True
2025-05-01,16.62,1413.9,2025-05-28,False
2025-06-01,7.18,358.43,2025-06-28,True
2025-07-01,13.76,686.9,2025-07-28,True
2025-08-01,20.76,1666.77,2025-08-28,False
2025-09-01,16.34,1019.62,2025-09-28,True
2025-10-01,18.39,1147.54,2025-10-28,True
2025-11-01,18.85,1176.24,2025-11-28,True
2025-12-01,19.09,1411.6,2025-12-28,False
2026-01-01,18.22,1136.93,2026-01-28,True
2026-02-01,11.14,556.1,2026-02-28,True
2026-03-01,5.75,224.26,2026-03-28,True
2026-04-01,99.6,6215.04,2026-04-28,True
2026-05-01,19.69,1228.66,2026-05-28,True
2026-06-01,15.17,946.61,2026-06-28,True
2026-07-01,11.09,553.61,2026-07-28,True
2026-08-01,44.12,2753.09,2026-08-28,True
2026-09-01,9.8,489.22,2026-09-28,True
2026-04-01,11.54,576.07,2026-05-09,True
2026-05-01,22.53,1405.87,2026-06-08,True
2026-06-01,24.47,1563.83,2026-07-09,False
2026-07-01,11.36,567.1,2026-08-08,True
2026-08-01,12.13,605.53,2026-09-08,False
2026-09-01,10.43,520.67,2026-10-09,True
2026-10-01,19.53,1218.67,2026-11-08,True
2026-11-01,7.02,350.44,2026-12-09,True
2026-12-01,4.4,171.6,2027-01-08,False
2027-01-01,4.65,181.34,2027-02-08,False
2027-02-01,14.72,734.82,2027-03-11,False
2027-03-01,20.92,1305.41,2027-04-08,True
2027-04-01,13.11,654.46,2027-05-09,True
2027-05-01,23.26,1451.42,2027-06-08,True
2027-06-01,21.99,1372.18,2027-07-09,True
2027-07-01,8.95,446.78,2027-08-08,True
2027-08-01,29.16,1819.58,2027-09-08,True
2027-09-01,9.38,468.25,2027-10-09,True
2027-10-01,21.62,1349.09,2027-11-08,False
2027-11-01,14.71,734.33,2027-12-09,True
2027-12-01,14.91,744.31,2028-01-08,True
2028-01-01,15.55,970.32,2028-02-08,False
2028-02-01,20.48,1277.95,2028-03-10,True
2028-03-01,11.45,571.58,2028-04-08,True
2021-12-01,11.83,590.56,2022-01-05,True
2022-01-01,3.73,145.46,2022-02-05,True
2022-02-01,16.31,1017.74,2022-03-08,True
2022-03-01,9.05,451.78,2022-04-05,True
2022-04-01,8.54,426.31,2022-05-06,True
2022-05-01,54.47,3398.93,2022-06-05,True
2022-06-01,11.32,1268.16,2022-07-06,False
2022-07-01,9.92,495.2,2022-08-05,True
2022-08-01,6.82,340.45,2022-09-05,True
2022-09-01,13.02,649.96,2022-10-06,True
2022-10-01,33.74,2105.38,2022-11-05,True
2022-11-01,24.53,1530.67,2022-12-06,True
2022-12-01,13.06,651.96,2023-01-05,True
2023-01-01,11.01,549.62,2023-02-05,True
2023-02-01,15.92,993.41,2023-03-08,True
2023-03-01,20.94,2635.1,2023-04-05,False
2023-04-01,20.88,1302.91,2023-05-06,True
2023-05-01,8.83,866.54,2023-06-05,False
2023-06-01,32.79,2046.1,2023-07-06,True
2023-07-01,123.59,7712.02,2023-08-05,True
2023-08-01,21.31,2512.1,2023-09-05,False
2023-09-01,10.27,512.68,2023-10-06,True
2023-10-01,14.38,717.85,2023-11-05,True
2023-11-01,13.3,663.94,2023-12-06,True
2024-04-01,76.85,4795.44,2024-04-29,True
2024-05-01,13.98,697.88,2024-05-29,True
2024-06-01,19.84,1238.02,2024-06-29,True
2024-07-01,12.61,1017.17,2024-07-29,False
2024-08-01,34.9,3462.64,2024-08-29,False
2024-09-01,19.09,1191.22,2024-09-29,True
2024-10-01,21.08,2024.6,2024-10-29,False
2024-11-01,25.14,1568.74,2024-11-29,True
2024-12-01,9.08,453.28,2024-12-29,True
2025-01-01,15.82,987.17,2025-01-29,True
2025-02-01,14.13,705.37,2025-03-01,True
2025-03-01,26.04,1624.9,2025-03-29,True
2025-04-01,14.16,706.87,2025-04-29,True
2025-05-01,16.7,1042.08,2025-05-29,True
2025-06-01,33.43,2086.03,2025-06-29,True
2025-07-01,22.53,1405.87,2025-07-29,True
2025-08-01,20.91,1304.78,2025-08-29,True
2025-09-01,22.87,1798.13,2025-09-29,False
2025-10-01,8.91,444.79,2025-10-29,True
2025-11-01,8.66,522.73,2025-11-29,False
2025-12-01,7.78,388.38,2025-12-29,True
2026-01-01,6.3,314.5,2026-01-29,True
2026-02-01,8.65,489.02,2026-03-01,False
2026-03-01,16.74,1044.58,2026-03-29,True
2026-03-01,12.11,604.54,2026-04-01,True
2026-04-01,20.04,1250.5,2026-05-02,True
2026-05-01,13.83,690.4,2026-06-01,True
2026-06-01,19.51,1217.42,2026-07-02,True
2026-07-01,148.09,9240.82,2026-08-01,True
2026-08-01,23.14,1443.94,2026-09-01,True
2026-09-01,17.46,1089.5,2026-10-02,True
2026-10-01,9.98,498.2,2026-11-01,False
2026-11-01,10.34,516.17,2026-12-02,False
2026-12-01,15.33,956.59,2027-01-01,False
2027-01-01,10.4,519.17,2027-02-01,True
2027-02-01,4.79,186.82,2027-03-04,True
2027-03-01,12.74,635.98,2027-04-01,False
2027-04-01,16.4,1023.36,2027-05-02,True
2027-05-01,8.85,441.79,2027-06-01,False
2027-06-01,10.14,506.18,2027-07-02,False
2027-07-01,34.1,2127.84,2027-08-01,True
2027-08-01,35.64,2223.94,2027-09-01,True
2027-09-01,23.96,1495.1,2027-10-02,True
2027-10-01,25.49,1590.58,2027-11-01,True
2027-11-01,12.29,613.51,2027-12-02,True
2027-12-01,13.29,663.43,2028-01-01,True
2028-01-01,14.58,727.84,2028-02-01,False
2028-02-01,12.17,607.52,2028-03-03,False
2024-06-01,28.6,1784.64,2024-07-19,True
2024-07-01,21.87,1364.69,2024-08-18,True
2024-08-01,8.62,430.31,2024-09-18,True
2024-09-01,20.34,1269.22,2024-10-19,True
2024-10-01,6.05,302.02,2024-11-18,True
2024-11-01,24.2,1510.08,2024-12-19,True
2024-12-01,4.41,171.98,2025-01-18,True
2025-01-01,7.96,574.53,2025-02-18,False
2025-02-01,18.35,1145.04,2025-03-20,True
2025-03-01,8.18,408.35,2025-04-18,True
2025-04-01,23.24,1987.96,2025-05-19,False
2025-05-01,46.37,2893.49,2025-06-18,True
2025-06-01,22.02,1374.05,2025-07-19,True
2025-07-01,21.05,1313.52,2025-08-18,True
2025-08-01,30.49,1902.58,2025-09-18,True
2025-09-01,16.13,1006.51,2025-10-19,True
2025-10-01,8.61,429.82,2025-11-18,True
2025-11-01,23.35,1457.04,2025-12-19,True
2025-12-01,4.76,185.64,2026-01-18,True
2026-01-01,15.44,963.46,2026-02-18,True
2026-02-01,14.44,804.94,2026-03-20,False
2026-03-01,7.49,408.49,2026-04-18,False
2026-04-01,22.43,1492.94,2026-05-19,False
2026-05-01,7.08,353.44,2026-06-18,True
2024-10-01,12.89,643.46,2024-11-04,True
2024-11-01,20.46,1925.69,2024-12-05,False
2024-12-01,19.73,1231.15,2025-01-04,True
2025-01-01,12.88,642.97,2025-02-04,True
2025-02-01,7.41,529.59,2025-03-07,False
2025-03-01,7.26,362.42,2025-04-04,True
2025-04-01,24.17,2085.1,2025-05-05,False
2025-05-01,13.35,666.43,2025-06-04,True
2025-06-01,14.0,930.68,2025-07-05,False
2025-07-01,95.1,5934.24,2025-08-04,True
2025-08-01,32.05,1999.92,2025-09-04,True
2025-09-01,16.31,1017.74,2025-10-05,True
2025-10-01,19.48,1215.55,2025-11-04,True
2025-11-01,10.49,523.66,2025-12-05,True
2025-12-01,7.46,439.13,2026-01-04,False
2026-01-01,14.92,859.0,2026-02-04,False
2026-02-01,9.9,557.22,2026-03-07,False
2026-03-01,15.38,1059.68,2026-04-04,False
2026-04-01,6.28,338.06,2026-05-05,False
2026-05-01,8.84,441.29,2026-06-04,True
2026-06-01,24.78,1588.79,2026-07-05,False
2026-07-01,23.59,1475.7,2026-08-04,False
2026-08-01,24.96,1557.5,2026-09-04,False
2026-09-01,8.57,427.81,2026-10-05,True
2024-10-01,14.76,736.82,2024-11-18,True
2024-11-01,16.38,1022.11,2024-12-19,True
2024-12-01,10.38,518.17,2025-01-18,True
2025-01-01,14.26,711.86,2025-02-18,True
2025-02-01,14.13,705.37,2025-03-20,True
2025-03-01,6.08,303.52,2025-04-18,True
2025-04-01,23.49,1465.78,2025-05-19,True
2025-05-01,8.45,421.82,2025-06-18,True
2025-06-01,15.74,982.18,2025-07-19,True
2025-07-01,8.55,426.82,2025-08-18,True
2025-08-01,34.95,2180.88,2025-09-18,True
2025-09-01,13.33,665.44,2025-10-19,True
2025-10-01,16.79,1276.45,2025-11-18,False
2025-11-01,24.08,1502.59,2025-12-19,True
2025-12-01,10.51,524.66,2026-01-18,True
2026-01-01,9.77,556.81,2026-02-18,False
2026-02-01,8.3,414.34,2026-03-20,True
2026-03-01,19.13,1193.71,2026-04-18,True
2026-04-01,14.54,725.83,2026-05-19,True
2026-05-01,26.57,1657.97,2026-06-18,True
2026-06-01,26.72,1667.33,2026-07-19,True
2026-07-01,17.4,1085.76,2026-08-18,True
2026-08-01,28.36,1769.66,2026-09-18,True
2026-09-01,12.27,612.52,2026-10-19,False
2024-08-01,11.22,881.69,2024-09-17,False
2024-09-01,21.51,1342.22,2024-10-18,True
2024-10-01,6.53,325.98,2024-11-17,True
2024-11-01,22.97,1433.33,2024-12-18,True
2024-12-01,7.76,387.38,2025-01-17,True
2025-01-01,13.96,696.89,2025-02-17,True
2025-02-01,9.05,641.9,2025-03-20,False
2025-03-01,24.41,1523.18,2025-04-17,True
2025-04-01,5.54,216.07,2025-05-18,True
2025-05-01,22.93,1926.85,2025-06-17,False
2025-06-01,30.75,1918.8,2025-07-18,True
2025-07-01,26.43,2137.13,2025-08-17,False
2025-08-01,62.02,3870.05,2025-09-17,True
2025-09-01,10.51,524.66,2025-10-18,True
2025-10-01,22.57,1717.04,2025-11-17,False
2025-11-01,18.29,1141.3,2025-12-18,True
2025-12-01,15.03,937.87,2026-01-17,True
2026-01-01,19.22,1199.33,2026-02-17,True
2026-02-01,8.96,447.29,2026-03-20,True
2026-03-01,10.76,587.27,2026-04-17,False
2026-04-01,22.76,1420.22,2026-05-18,True
2026-05-01,10.07,502.69,2026-06-17,True
2026-06-01,19.64,1225.54,2026-07-18,True
2026-07-01,33.64,2099.14,2026-08-17,True
2022-06-01,26.23,1636.75,2022-07-12,True
2022-07-01,19.6,1223.04,2022-08-11,True
2022-08-01,10.94,546.12,2022-09-11,True
2022-09-01,13.66,1474.63,2022-10-12,False
2022-10-01,17.83,1112.59,2022-11-11,True
2022-11-01,10.26,512.18,2022-12-12,True
2022-12-01,9.68,483.23,2023-01-11,True
2023-01-01,18.42,1149.41,2023-02-11,True
2023-02-01,17.78,1109.47,2023-03-14,True
2023-03-01,15.14,944.74,2023-04-11,True
2023-04-01,15.77,1954.16,2023-05-12,False
2023-05-01,14.19,708.36,2023-06-11,True
2023-06-01,23.31,1454.54,2023-07-12,True
2023-07-01,17.64,1100.74,2023-08-11,True
2023-08-01,33.74,2105.38,2023-09-11,True
2023-09-01,17.78,1109.47,2023-10-12,True
2023-10-01,19.43,1212.43,2023-11-11,True
2023-11-01,16.4,1023.36,2023-12-12,True
2023-12-01,12.78,1137.2,2024-01-11,False
2024-01-01,13.33,1168.96,2024-02-11,False
2024-02-01,3.8,256.51,2024-03-13,False
2024-03-01,8.69,433.8,2024-04-11,True
2024-04-01,10.44,521.16,2024-05-12,True
2024-05-01,12.01,599.54,2024-06-11,True
2025-02-01,12.42,889.7,2025-03-03,False
2025-03-01,4.94,192.67,2025-03-31,True
2025-04-01,11.47,572.58,2025-05-01,True
2025-05-01,14.47,722.34,2025-05-31,True
2025-06-01,30.85,1925.04,2025-07-01,True
2025-07-01,16.6,1035.84,2025-07-31,True
2025-08-01,7.86,392.38,2025-08-31,True
2025-09-01,29.04,1812.1,2025-10-01,True
2025-10-01,16.47,1027.73,2025-10-31,True
2025-11-01,22.32,1392.77,2025-12-01,True
2025-12-01,13.58,677.92,2025-12-31,True
2026-01-01,13.99,807.79,2026-01-31,False
2026-02-01,15.4,960.96,2026-03-03,True
2026-03-01,5.45,212.54,2026-03-31,True
2026-04-01,8.25,411.84,2026-05-01,True
2026-05-01,20.65,1288.56,2026-05-31,True
2026-06-01,35.52,2216.45,2026-07-01,True
2026-07-01,11.15,559.86,2026-07-31,False
2026-08-01,23.28,1452.67,2026-08-31,True
2026-09-01,25.57,1595.57,2026-10-01,False
2026-10-01,26.23,1636.75,2026-10-31,True
2026-11-01,22.38,1396.51,2026-12-01,True
2026-12-01,4.04,157.56,2026-12-31,False
2027-01-01,12.3,614.02,2027-01-31,True
2023-11-01,24.08,2719.69,2023-12-09,False
2023-12-01,12.44,621.0,2024-01-08,True
2024-01-01,17.54,1094.5,2024-02-08,True
2024-02-01,16.71,1042.7,2024-03-10,True
2024-03-01,11.02,550.12,2024-04-08,True
2024-04-01,12.44,1045.35,2024-05-09,False
2024-05-01,15.27,952.85,2024-06-08,True
2024-06-01,9.13,455.77,2024-07-09,True
2024-07-01,12.06,602.04,2024-08-08,True
2024-08-01,32.19,2008.66,2024-09-08,True
2024-09-01,21.45,1338.48,2024-10-09,True
2024-10-01,6.22,310.5,2024-11-08,True
2024-11-01,20.63,1287.31,2024-12-09,True
2024-12-01,13.51,998.14,2025-01-08,False
2025-01-01,10.47,522.66,2025-02-08,True
2025-02-01,18.46,1151.9,2025-03-11,True
2025-03-01,21.78,1359.07,2025-04-08,True
2025-04-01,110.7,6907.68,2025-05-09,True
2025-05-01,16.94,1057.06,2025-06-08,True
2025-06-01,14.92,744.8,2025-07-09,True
2025-07-01,7.91,394.87,2025-08-08,True
2025-08-01,9.96,497.21,2025-09-08,True
2025-09-01,13.78,687.9,2025-10-09,True
2025-10-01,17.23,1318.85,2025-11-08,False
2022-04-01,10.25,511.68,2022-04-21,True
2022-05-01,16.22,1012.13,2022-05-21,True
2022-06-01,12.19,1373.23,2022-06-21,False
2022-07-01,9.95,496.7,2022-07-21,True
2022-08-01,17.39,1085.14,2022-08-21,True
2022-09-01,19.03,1187.47,2022-09-21,True
2022-10-01,13.91,1496.41,2022-10-21,False
2022-11-01,12.91,644.47,2022-11-21,True
2022-12-01,5.72,223.08,2022-12-21,True
2023-01-01,15.01,936.62,2023-01-21,True
2023-02-01,14.72,1508.22,2023-02-21,False
2023-03-01,19.29,1203.7,2023-03-21,True
2023-04-01,17.33,1081.39,2023-04-21,True
2023-05-01,10.86,1072.53,2023-05-21,False
2023-06-01,10.59,528.65,2023-06-21,True
2023-07-01,27.49,1715.38,2023-07-21,True
2023-08-01,12.98,647.96,2023-08-21,True
2023-09-01,9.83,490.72,2023-09-21,True
2023-10-01,16.94,1057.06,2023-10-21,True
2023-11-01,25.95,1619.28,2023-11-21,True
2023-12-01,11.02,550.12,2023-12-21,True
2024-01-01,6.84,341.45,2024-01-21,True
2024-02-01,17.42,1087.01,2024-02-21,True
2024-03-01,18.37,1146.29,2024-03-21,True
2021-08-01,18.16,1133.18,2021-09-16,True
2021-09-01,17.44,1088.26,2021-10-17,True
2021-10-01,5.88,229.32,2021-11-16,True
2021-11-01,21.78,1359.07,2021-12-17,True
2021-12-01,13.49,673.42,2022-01-16,True
2022-01-01,17.61,1098.86,2022-02-16,True
2022-02-01,20.72,1292.93,2022-03-19,True
2022-03-01,17.84,1113.22,2022-04-16,True
2022-04-01,20.42,2912.63,2022-05-17,False
2022-05-01,9.1,1027.03,2022-06-16,False
2022-06-01,35.82,4995.6,2022-07-17,False
2022-07-01,10.12,505.19,2022-08-16,True
2022-08-01,22.75,1419.6,2022-09-16,True
2022-09-01,10.3,1109.77,2022-10-17,False
2022-10-01,17.31,1080.14,2022-11-16,True
2022-11-01,22.04,1375.3,2022-12-17,True
2022-12-01,4.0,324.87,2023-01-16,False
2023-01-01,14.76,736.82,2023-02-16,True
2023-02-01,9.27,462.76,2023-03-19,True
2023-03-01,20.26,1264.22,2023-04-16,True
2023-04-01,19.54,1219.3,2023-05-17,True
2023-05-01,17.45,1088.88,2023-06-16,True
2023-06-01,8.89,443.78,2023-07-17,True
2023-07-01,24.32,2892.24,2023-08-16,False
2023-04-01,23.04,1437.7,2023-05-12,True
2023-05-01,14.23,710.36,2023-06-11,True
2023-06-01,17.62,1099.49,2023-07-12,True
2023-07-01,36.33,4329.95,2023-08-11,False
2023-08-01,38.97,4581.78,2023-09-11,False
2023-09-01,132.08,15315.99,2023-10-12,False
2023-10-01,14.68,1343.52,2023-11-11,False
2023-11-01,5.95,419.45,2023-12-12,False
2023-12-01,8.46,752.8,2024-01-11,False
2024-01-01,6.12,305.51,2024-02-11,True
2024-02-01,14.1,703.87,2024-03-13,True
2024-03-01,66.21,7051.09,2024-04-11,False
2024-04-01,5.69,372.98,2024-05-12,False
2024-05-01,85.19,5315.86,2024-06-11,True
2024-06-01,7.54,376.39,2024-07-12,True
2024-07-01,14.25,711.36,2024-08-11,True
2024-08-01,24.7,1541.28,2024-09-11,True
2024-09-01,22.95,1432.08,2024-10-12,True
2024-10-01,23.32,2223.98,2024-11-11,False
2024-11-01,14.99,1124.32,2024-12-12,False
2024-12-01,12.61,629.5,2025-01-11,True
2025-01-01,19.72,1230.53,2025-02-11,True
2025-02-01,8.65,615.69,2025-03-14,False
2025-03-01,5.84,227.76,2025-04-11,True
2023-12-01,16.7,1042.08,2024-01-13,True
2024-01-01,5.53,215.66,2024-02-13,True
2024-02-01,6.0,404.62,2024-03-15,False
2024-03-01,18.1,1925.7,2024-04-13,False
2024-04-01,21.61,1348.46,2024-05-14,True
2024-05-01,23.96,1495.1,2024-06-13,True
2024-06-01,29.47,2994.39,2024-07-14,False
2024-07-01,22.8,1422.72,2024-08-13,True
2024-08-01,17.26,1077.02,2024-09-13,True
2024-09-01,7.14,356.42,2024-10-14,True
2024-10-01,65.7,4099.68,2024-11-13,True
2024-11-01,18.94,1773.77,2024-12-14,False
2024-12-01,9.53,702.11,2025-01-13,False
2025-01-01,19.24,1200.58,2025-02-13,True
2025-02-01,5.72,317.7,2025-03-16,False
2025-03-01,6.26,312.5,2025-04-13,True
2025-04-01,24.35,1519.44,2025-05-14,True
2025-05-01,10.85,541.63,2025-06-13,True
2025-06-01,23.22,1448.93,2025-07-14,True
2025-07-01,15.05,939.12,2025-08-13,True
2025-08-01,16.39,1022.74,2025-09-13,True
2025-09-01,12.38,770.97,2025-10-14,False
2025-10-01,9.76,595.63,2025-11-13,False
2025-11-01,25.86,1613.66,2025-12-14,True
2023-05-01,14.71,734.33,2023-06-08,True
2023-06-01,31.86,1988.06,2023-07-09,True
2023-07-01,22.36,1395.26,2023-08-08,True
2023-08-01,16.68,1040.83,2023-09-08,True
2023-09-01,13.71,684.41,2023-10-09,True
2023-10-01,10.5,524.16,2023-11-08,True
2023-11-01,15.55,970.32,2023-12-09,True
2023-12-01,11.51,1025.63,2024-01-08,False
2024-01-01,12.28,1078.4,2024-02-08,False
2024-02-01,20.87,1302.29,2024-03-10,True
2024-03-01,20.25,2159.7,2024-04-08,False
2024-04-01,23.68,1477.63,2024-05-09,True
2024-05-01,8.31,414.84,2024-06-08,True
2024-06-01,20.17,1258.61,2024-07-09,True
2024-07-01,11.9,954.94,2024-08-08,False
2024-08-01,13.93,695.39,2024-09-08,True
2024-09-01,25.23,1574.35,2024-10-09,True
2024-10-01,9.02,450.28,2024-11-08,True
2024-11-01,9.55,717.49,2024-12-09,False
2024-12-01,18.82,1174.37,2025-01-08,True
2025-01-01,18.43,1672.34,2025-02-08,False
2025-02-01,12.18,608.03,2025-03-11,True
2025-03-01,18.87,1177.49,2025-04-08,True
2025-04-01,11.42,570.08,2025-05-09,True
2025-03-01,5.24,204.36,2025-04-01,True
2025-04-01,5.07,197.74,2025-05-02,True
2025-05-01,19.74,1231.78,2025-06-01,True
2025-06-01,12.34,616.01,2025-07-02,True
2025-07-01,9.47,472.74,2025-08-01,True
2025-08-01,26.43,1649.23,2025-09-01,True
2025-09-01,23.09,1440.82,2025-10-02,True
2025-10-01,10.39,639.25,2025-11-01,False
2025-11-01,6.7,334.46,2025-12-02,True
2025-12-01,13.45,793.39,2026-01-01,False
2026-01-01,61.41,3831.98,2026-02-01,True
2026-02-01,9.74,486.22,2026-03-04,True
2026-03-01,18.06,1126.94,2026-04-01,True
2026-04-01,26.32,1642.37,2026-05-02,True
2026-05-01,7.7,405.84,2026-06-01,False
2026-06-01,12.0,599.04,2026-07-02,True
2026-07-01,24.02,1498.85,2026-08-01,True
2026-08-01,18.12,1130.69,2026-09-01,True
2026-09-01,23.9,1491.36,2026-10-02,False
2026-10-01,12.06,602.04,2026-11-01,True
2026-11-01,11.67,582.56,2026-12-02,False
2026-12-01,15.21,949.1,2027-01-01,False
2027-01-01,13.84,690.89,2027-02-01,True
2027-02-01,16.2,1010.88,2027-03-04,True
2021-11-01,5.62,219.19,2021-12-18,True
2021-12-01,15.95,995.28,2022-01-17,True
2022-01-01,10.24,511.18,2022-02-17,True
2022-02-01,4.47,174.34,2022-03-20,True
2022-03-01,5.04,196.56,2022-04-17,True
2022-04-01,9.05,1032.32,2022-05-18,False
2022-05-01,18.91,2666.75,2022-06-17,False
2022-06-01,34.87,2175.89,2022-07-18,True
2022-07-01,27.11,1691.66,2022-08-17,True
2022-08-01,16.34,2226.17,2022-09-17,False
2022-09-01,7.72,385.38,2022-10-18,True
2022-10-01,19.66,1226.78,2022-11-17,True
2022-11-01,17.0,1060.8,2022-12-18,True
2022-12-01,21.4,2779.77,2023-01-17,False
2023-01-01,18.65,1163.76,2023-02-17,True
2023-02-01,17.38,1084.51,2023-03-20,True
2023-03-01,5.24,204.36,2023-04-17,True
2023-04-01,17.72,1105.73,2023-05-18,True
2023-05-01,22.32,1392.77,2023-06-17,True
2023-06-01,31.7,1978.08,2023-07-18,True
2023-07-01,16.9,1054.56,2023-08-17,True
2023-08-01,24.12,2828.31,2023-09-17,False
2023-09-01,20.29,2346.51,2023-10-18,False
2023-10-01,7.39,368.9,2023-11-17,True
2026-05-01,9.53,475.74,2026-06-10,True
2026-06-01,26.76,1669.82,2026-07-11,True
2026-07-01,31.55,1968.72,2026-08-10,True
2026-08-01,33.95,2118.48,2026-09-10,False
2026-09-01,11.36,567.1,2026-10-11,True
2026-10-01,23.83,1486.99,2026-11-10,True
2026-11-01,20.5,1279.2,2026-12-11,True
2026-12-01,5.04,196.56,2027-01-10,True
2027-01-01,6.99,348.94,2027-02-10,False
2027-02-01,12.56,627.0,2027-03-13,True
2027-03-01,11.97,597.54,2027-04-10,True
2027-04-01,6.53,325.98,2027-05-11,True
2027-05-01,6.93,345.95,2027-06-10,True
2027-06-01,15.09,941.62,2027-07-11,True
2027-07-01,22.87,1427.09,2027-08-10,False
2027-08-01,38.89,2426.74,2027-09-10,False
2027-09-01,20.03,1249.87,2027-10-11,False
2027-10-01,13.74,685.9,2027-11-10,True
2027-11-01,13.79,688.39,2027-12-11,True
2027-12-01,21.28,1327.87,2028-01-10,True
2028-01-01,10.29,513.67,2028-02-10,True
2028-02-01,4.86,189.55,2028-03-12,True
2028-03-01,7.52,375.4,2028-04-10,False
2028-04-01,5.21,203.18,2028-05-11,True
2026-01-01,11.21,559.61,2026-01-23,True
2026-02-01,9.67,482.72,2026-02-23,True
2026-03-01,12.96,720.83,2026-03-23,False
2026-04-01,22.83,1424.59,2026-04-23,True
2026-05-01,8.62,430.31,2026-05-23,True
2026-06-01,7.27,362.92,2026-06-23,True
2026-07-01,23.79,1503.06,2026-07-23,False
2026-08-01,30.68,1914.43,2026-08-23,False
2026-09-01,6.47,322.98,2026-09-23,False
2026-10-01,6.96,347.45,2026-10-23,False
2026-11-01,10.61,529.66,2026-11-23,False
2026-12-01,82.58,5152.99,2026-12-23,True
2027-01-01,16.04,1000.9,2027-01-23,True
2027-02-01,12.32,615.01,2027-02-23,True
2027-03-01,9.65,481.73,2027-03-23,True
2027-04-01,20.92,1305.41,2027-04-23,True
2027-05-01,9.61,479.74,2027-05-23,False
2027-06-01,31.95,1993.68,2027-06-23,True
2027-07-01,23.54,1468.9,2027-07-23,True
2027-08-01,28.68,1789.63,2027-08-23,True
2027-09-01,19.39,1209.94,2027-09-23,True
2027-10-01,20.37,1271.09,2027-10-23,True
2027-11-01,10.76,537.14,2027-11-23,False
2027-12-01,9.75,486.72,2027-12-23,True
2021-10-01,24.33,1518.19,2021-11-10,True
2021-11-01,21.88,1365.31,2021-12-11,True
2021-12-01,20.11,1254.86,2022-01-10,True
2022-01-01,10.07,502.69,2022-02-10,True
2022-02-01,9.69,483.72,2022-03-13,True
2022-03-01,12.87,642.47,2022-04-10,True
2022-04-01,16.3,1017.12,2022-05-11,True
2022-05-01,5.27,205.54,2022-06-10,True
2022-06-01,35.42,4950.87,2022-07-11,False
2022-07-01,33.59,4642.68,2022-08-10,False
2022-08-01,21.43,1337.23,2022-09-10,True
2022-09-01,5.31,448.03,2022-10-11,False
2022-10-01,8.58,428.32,2022-11-10,True
2022-11-01,23.04,1437.7,2022-12-11,True
2022-12-01,13.97,697.38,2023-01-10,True
2023-01-01,12.67,632.48,2023-02-10,True
2023-02-01,12.49,623.5,2023-03-13,True
2023-03-01,9.88,493.21,2023-04-10,True
2023-04-01,14.1,1398.36,2023-05-11,False
2023-05-01,12.31,614.52,2023-06-10,True
2023-06-01,23.93,1493.23,2023-07-11,True
2023-07-01,31.57,1969.97,2023-08-10,True
2023-08-01,26.44,1649.86,2023-09-10,True
2023-09-01,19.48,2259.91,2023-10-11,False
2023-05-01,15.55,1912.34,2023-05-30,False
2023-06-01,31.63,1973.71,2023-06-30,True
2023-07-01,15.14,944.74,2023-07-30,True
2023-08-01,29.89,3532.89,2023-08-30,False
2023-09-01,19.58,1221.79,2023-09-30,True
2023-10-01,10.8,539.14,2023-10-30,True
2023-11-01,11.15,556.61,2023-11-30,True
2023-12-01,76.59,4779.22,2023-12-30,True
2024-01-01,16.24,1790.3,2024-01-30,False
2024-02-01,16.71,1042.7,2024-03-01,True
2024-03-01,23.12,2476.62,2024-03-30,False
2024-04-01,7.02,350.44,2024-04-30,True
2024-05-01,22.29,2317.01,2024-05-30,False
2024-06-01,31.49,1964.98,2024-06-30,True
2024-07-01,24.77,1545.65,2024-07-30,True
2024-08-01,32.29,2014.9,2024-08-30,True
2024-09-01,8.27,645.41,2024-09-30,False
2024-10-01,65.98,4117.15,2024-10-30,True
2024-11-01,8.6,429.31,2024-11-30,True
2024-12-01,5.16,299.34,2024-12-30,False
2025-01-01,18.75,1170.0,2025-01-30,True
2025-02-01,16.97,1520.45,2025-03-02,False
2025-03-01,6.62,466.79,2025-03-30,False
2025-04-01,14.56,1007.88,2025-04-30,False
2022-07-01,25.15,1569.36,2022-08-18,True
2022-08-01,16.67,1040.21,2022-09-18,True
2022-09-01,23.07,1439.57,2022-10-19,True
2022-10-01,20.14,1256.74,2022-11-18,True
2022-11-01,13.68,1438.09,2022-12-19,False
2022-12-01,9.36,467.26,2023-01-18,True
2023-01-01,8.86,442.3,2023-02-18,True
2023-02-01,14.97,747.3,2023-03-20,True
2023-03-01,16.41,1023.98,2023-04-18,True
2023-04-01,47.15,2942.16,2023-05-19,True
2023-05-01,5.45,212.54,2023-06-18,True
2023-06-01,13.85,691.39,2023-07-19,True
2023-07-01,10.86,542.14,2023-08-18,True
2023-08-01,8.64,431.3,2023-09-18,True
2023-09-01,17.08,1065.79,2023-10-19,True
2023-10-01,24.68,1540.03,2023-11-18,True
2023-11-01,19.25,2164.16,2023-12-19,False
2023-12-01,5.94,231.67,2024-01-18,True
2024-01-01,20.13,2199.24,2024-02-18,False
2024-02-01,16.79,1047.7,2024-03-20,True
2024-03-01,21.5,1341.6,2024-04-18,True
2024-04-01,10.02,837.83,2024-05-19,False
2024-05-01,8.14,670.46,2024-06-18,False
2024-06-01,14.9,743.81,2024-07-19,True
2026-05-01,13.67,682.4,2026-05-31,True
2026-06-01,32.16,2006.78,2026-07-01,True
2026-07-01,18.76,1170.62,2026-07-31,True
2026-08-01,19.32,1205.57,2026-08-31,True
2026-09-01,10.42,520.16,2026-10-01,True
2026-10-01,17.91,1117.58,2026-10-31,True
2026-11-01,9.38,468.25,2026-12-01,True
2026-12-01,18.57,1158.77,2026-12-31,True
2027-01-01,8.8,439.3,2027-01-31,True
2027-02-01,16.71,1042.7,2027-03-03,True
2027-03-01,5.48,213.72,2027-03-31,True
2027-04-01,15.16,945.98,2027-05-01,False
2027-05-01,9.37,467.75,2027-05-31,True
2027-06-01,14.31,714.36,2027-07-01,True
2027-07-01,20.97,1308.53,2027-07-31,False
2027-08-01,9.83,490.72,2027-08-31,True
2027-09-01,19.02,1186.85,2027-10-01,True
2027-10-01,26.02,1623.65,2027-10-31,True
2027-11-01,21.57,1345.97,2027-12-01,False
2027-12-01,10.62,530.15,2027-12-31,False
2028-01-01,18.29,1141.3,2028-01-31,True
2028-02-01,16.23,1012.75,2028-03-02,False
2028-03-01,23.41,1460.78,2028-03-31,True
2028-04-01,21.83,1362.19,2028-05-01,True
2025-06-01,28.37,1770.29,2025-06-22,True
2025-07-01,15.43,962.83,2025-07-22,True
2025-08-01,27.72,1729.73,2025-08-22,True
2025-09-01,10.27,512.68,2025-09-22,True
2025-10-01,57.88,3611.71,2025-10-22,True
2025-11-01,24.75,1544.4,2025-11-22,True
2025-12-01,16.16,1199.97,2025-12-22,False
2026-01-01,6.03,301.02,2026-01-22,True
2026-02-01,12.42,620.0,2026-02-22,True
2026-03-01,18.53,1289.24,2026-03-22,False
2026-04-01,7.15,356.93,2026-04-22,True
2026-05-01,20.98,1393.15,2026-05-22,False
2026-06-01,30.22,1885.73,2026-06-22,True
2026-07-01,26.58,1658.59,2026-07-22,True
2026-08-01,29.32,1829.57,2026-08-22,True
2026-09-01,13.76,686.9,2026-09-22,True
2026-10-01,16.7,1042.08,2026-10-22,True
2026-11-01,10.1,504.19,2026-11-22,True
2026-12-01,21.11,1317.26,2026-12-22,True
2027-01-01,18.16,1133.18,2027-01-22,False
2027-02-01,10.8,539.14,2027-02-22,True
2027-03-01,17.71,1105.1,2027-03-22,False
2027-04-01,6.94,346.44,2027-04-22,True
2027-05-01,25.75,1606.8,2027-05-22,True
2023-03-01,4.82,187.99,2023-03-29,True
2023-04-01,8.54,851.2,2023-04-29,False
2023-05-01,15.65,976.56,2023-05-29,True
2023-06-01,17.17,1071.41,2023-06-29,True
2023-07-01,31.44,3768.41,2023-07-29,False
2023-08-01,19.95,2359.05,2023-08-29,False
2023-09-01,10.45,975.07,2023-09-29,False
2023-10-01,21.07,1314.77,2023-10-29,True
2023-11-01,8.11,404.86,2023-11-29,True
2023-12-01,11.91,594.55,2023-12-29,True
2024-01-01,7.27,362.92,2024-01-29,True
2024-02-01,16.67,1811.7,2024-02-29,False
2024-03-01,67.48,4210.75,2024-03-29,True
2024-04-01,17.64,1100.74,2024-04-29,True
2024-05-01,15.81,986.54,2024-05-29,True
2024-06-01,21.01,2151.17,2024-06-29,False
2024-07-01,19.04,1919.77,2024-07-29,False
2024-08-01,10.86,862.0,2024-08-29,False
2024-09-01,9.58,478.24,2024-09-29,True
2024-10-01,6.03,301.02,2024-10-29,True
2024-11-01,8.09,403.85,2024-11-29,True
2024-12-01,13.97,697.38,2024-12-29,True
2025-01-01,20.93,1306.03,2025-01-29,True
2025-02-01,14.12,704.87,2025-03-01,True
2024-12-01,4.23,245.82,2024-12-27,False
2025-01-01,4.7,183.31,2025-01-27,True
2025-02-01,15.41,961.58,2025-02-27,True
2025-03-01,17.02,1062.05,2025-03-27,True
2025-04-01,12.23,610.52,2025-04-27,True
2025-05-01,23.51,2001.26,2025-05-27,False
2025-06-01,31.61,1972.46,2025-06-27,True
2025-07-01,21.97,1370.93,2025-07-27,True
2025-08-01,16.62,1335.25,2025-08-27,False
2025-09-01,21.21,1669.82,2025-09-27,False
2025-10-01,23.9,1491.36,2025-10-27,True
2025-11-01,21.08,1592.72,2025-11-27,False
2025-12-01,11.99,598.54,2025-12-27,True
2026-01-01,32.56,2356.82,2026-01-27,False
2026-02-01,21.54,1344.1,2026-02-27,True
2026-03-01,4.93,213.57,2026-03-27,False
2026-04-01,12.57,627.49,2026-04-27,True
2026-05-01,23.09,1440.82,2026-05-27,True
2026-06-01,16.21,1011.5,2026-06-27,True
2026-07-01,17.43,1087.63,2026-07-27,True
2026-08-01,23.14,1443.94,2026-08-27,True
2026-09-01,21.98,1371.55,2026-09-27,False
2026-10-01,23.3,1453.92,2026-10-27,True
2026-11-01,19.03,1187.47,2026-11-27,True
2022-09-01,8.99,448.78,2022-10-16,True
2022-10-01,19.66,2618.15,2022-11-15,False
2022-11-01,15.39,960.34,2022-12-16,True
2022-12-01,6.43,320.99,2023-01-15,True
2023-01-01,12.62,1296.2,2023-02-15,False
2023-02-01,14.14,1434.07,2023-03-18,False
2023-03-01,6.21,622.6,2023-04-15,False
2023-04-01,5.82,226.99,2023-05-16,True
2023-05-01,14.41,719.35,2023-06-15,True
2023-06-01,23.26,1451.42,2023-07-16,True
2023-07-01,14.3,713.86,2023-08-15,True
2023-08-01,11.2,559.1,2023-09-15,True
2023-09-01,15.19,947.86,2023-10-16,True
2023-10-01,7.24,661.4,2023-11-15,False
2023-11-01,15.7,979.68,2023-12-16,True
2023-12-01,17.55,1095.12,2024-01-15,True
2024-01-01,13.84,1211.36,2024-02-15,False
2024-02-01,11.06,953.79,2024-03-17,False
2024-03-01,24.86,1551.26,2024-04-15,True
2024-04-01,10.84,541.13,2024-05-16,True
2024-05-01,12.53,625.5,2024-06-15,True
2024-06-01,12.62,629.99,2024-07-16,True
2024-07-01,36.99,3696.93,2024-08-15,False
2024-08-01,28.41,1772.78,2024-09-15,True
2022-10-01,10.38,518.17,2022-10-28,True
2022-11-01,8.15,863.88,2022-11-28,False
2022-12-01,5.05,196.94,2022-12-28,True
2023-01-01,12.22,610.02,2023-01-28,True
2023-02-01,17.42,1087.01,2023-02-28,True
2023-03-01,22.59,2852.13,2023-03-28,False
2023-04-01,21.87,1364.69,2023-04-28,True
2023-05-01,12.31,1212.14,2023-05-28,False
2023-06-01,11.75,586.56,2023-06-28,True
2023-07-01,10.2,509.18,2023-07-28,True
2023-08-01,30.21,1885.1,2023-08-28,True
2023-09-01,7.14,356.42,2023-09-28,True
2023-10-01,9.52,475.24,2023-10-28,True
2023-11-01,17.92,1118.21,2023-11-28,True
2023-12-01,17.44,1088.26,2023-12-28,True
2024-01-01,8.08,403.36,2024-01-28,True
2024-02-01,18.55,1157.52,2024-02-28,True
2024-03-01,9.12,455.27,2024-03-28,True
2024-04-01,20.34,1269.22,2024-04-28,True
2024-05-01,20.36,2118.49,2024-05-28,False
2024-06-01,18.47,1152.53,2024-06-28,True
2024-07-01,9.4,758.62,2024-07-28,False
2024-08-01,15.18,947.23,2024-08-28,True
2024-09-01,15.71,980.3,2024-09-28,True
2022-10-01,17.21,2301.73,2022-11-04,False
2022-11-01,18.74,2476.16,2022-12-05,False
2022-12-01,15.59,2035.63,2023-01-04,False
2023-01-01,22.36,2883.54,2023-02-04,False
2023-02-01,17.29,1078.9,2023-03-07,True
2023-03-01,16.01,999.02,2023-04-04,True
2023-04-01,12.23,610.52,2023-05-05,True
2023-05-01,6.75,336.96,2023-06-04,True
2023-06-01,10.24,992.12,2023-07-05,False
2023-07-01,13.34,665.93,2023-08-04,True
2023-08-01,17.22,1074.53,2023-09-04,True
2023-09-01,24.62,1536.29,2023-10-05,True
2023-10-01,13.65,681.41,2023-11-04,True
2023-11-01,9.51,474.74,2023-12-05,True
2023-12-01,17.06,1064.54,2024-01-04,True
2024-01-01,16.46,1027.1,2024-02-04,True
2024-02-01,7.58,657.15,2024-03-06,False
2024-03-01,21.03,1312.27,2024-04-04,True
2024-04-01,16.76,1763.95,2024-05-05,False
2024-05-01,6.94,346.44,2024-06-04,True
2024-06-01,27.02,1686.05,2024-07-05,True
2024-07-01,27.65,1725.36,2024-08-04,True
2024-08-01,13.85,691.39,2024-09-04,True
2024-09-01,12.29,613.51,2024-10-05,True
2026-05-01,12.8,638.98,2026-06-05,True
2026-06-01,11.67,598.09,2026-07-06,False
2026-07-01,14.42,719.84,2026-08-05,True
2026-08-01,23.85,1488.24,2026-09-05,False
2026-09-01,11.89,593.54,2026-10-06,True
2026-10-01,6.73,335.96,2026-11-05,True
2026-11-01,19.1,1191.84,2026-12-06,True
2026-12-01,7.91,394.87,2027-01-05,True
2027-01-01,5.42,211.38,2027-02-05,False
2027-02-01,17.52,1093.25,2027-03-08,False
2027-03-01,10.92,545.12,2027-04-05,True
2027-04-01,149.32,9317.57,2027-05-06,True
2027-05-01,12.62,629.99,2027-06-05,True
2027-06-01,10.21,509.69,2027-07-06,False
2027-07-01,30.55,1906.32,2027-08-05,False
2027-08-01,29.04,1812.1,2027-09-05,True
2027-09-01,10.26,512.18,2027-10-06,True
2027-10-01,21.08,1315.39,2027-11-05,True
2027-11-01,11.61,579.58,2027-12-06,True
2027-12-01,17.47,1090.13,2028-01-05,True
2028-01-01,16.31,1017.74,2028-02-05,True
2028-02-01,13.39,668.42,2028-03-07,False
2028-03-01,21.18,1321.63,2028-04-05,True
2028-04-01,6.93,345.95,2028-05-06,True
2021-11-01,24.56,1532.54,2021-11-29,True
2021-12-01,5.29,206.3,2021-12-29,True
2022-01-01,4.61,179.78,2022-01-29,True
2022-02-01,6.97,817.66,2022-03-01,False
2022-03-01,7.16,357.43,2022-03-29,True
2022-04-01,21.44,1337.86,2022-04-29,True
2022-05-01,20.26,2877.15,2022-05-29,False
2022-06-01,25.72,1604.93,2022-06-29,True
2022-07-01,12.18,608.03,2022-07-29,True
2022-08-01,14.66,731.83,2022-08-29,True
2022-09-01,15.67,977.81,2022-09-29,True
2022-10-01,11.2,559.1,2022-10-29,True
2022-11-01,22.2,2940.26,2022-11-29,False
2022-12-01,4.82,394.31,2022-12-29,False
2023-01-01,11.22,1160.34,2023-01-29,False
2023-02-01,21.94,1369.06,2023-03-01,True
2023-03-01,14.26,711.86,2023-03-29,True
2023-04-01,20.16,1257.98,2023-04-29,True
2023-05-01,5.92,230.88,2023-05-29,True
2023-06-01,36.78,2295.07,2023-06-29,True
2023-07-01,24.16,1507.58,2023-07-29,True
2023-08-01,17.82,1111.97,2023-08-29,True
2023-09-01,26.54,1656.1,2023-09-29,True
2023-10-01,16.65,1038.96,2023-10-29,True
2026-04-01,21.48,1340.35,2026-04-29,True
2026-05-01,19.84,1238.02,2026-05-29,True
2026-06-01,36.4,2345.18,2026-06-29,False
2026-07-01,12.78,637.98,2026-07-29,True
2026-08-01,24.49,1528.18,2026-08-29,True
2026-09-01,24.71,1541.9,2026-09-29,True
2026-10-01,15.22,949.73,2026-10-29,True
2026-11-01,15.75,982.8,2026-11-29,False
2026-12-01,15.05,939.12,2026-12-29,False
2027-01-01,14.86,741.82,2027-01-29,True
2027-02-01,20.31,1267.34,2027-03-01,False
2027-03-01,11.29,563.59,2027-03-29,True
2027-04-01,8.97,447.78,2027-04-29,False
2027-05-01,17.98,1121.95,2027-05-29,False
2027-06-01,31.36,1956.86,2027-06-29,False
2027-07-01,17.84,1113.22,2027-07-29,True
2027-08-01,10.27,512.68,2027-08-29,True
2027-09-01,14.78,737.82,2027-09-29,False
2027-10-01,13.61,679.42,2027-10-29,False
2027-11-01,6.65,331.97,2027-11-29,False
2027-12-01,4.76,185.64,2027-12-29,True
2028-01-01,20.3,1266.72,2028-01-29,True
2028-02-01,18.58,1159.39,2028-02-29,True
2028-03-01,17.26,1077.02,2028-03-29,False
2025-03-01,18.48,1153.15,2025-04-07,True
2025-04-01,11.77,810.83,2025-05-08,False
2025-05-01,23.78,1483.87,2025-06-07,True
2025-06-01,24.64,1537.54,2025-07-08,True
2025-07-01,33.77,2107.25,2025-08-07,True
2025-08-01,152.04,9487.3,2025-09-07,True
2025-09-01,11.28,705.28,2025-10-08,False
2025-10-01,19.87,1239.89,2025-11-07,True
2025-11-01,17.76,1108.22,2025-12-08,True
2025-12-01,9.48,473.24,2026-01-07,True
2026-01-01,14.6,838.76,2026-02-07,False
2026-02-01,4.77,209.27,2026-03-10,False
2026-03-01,18.62,1161.89,2026-04-07,True
2026-04-01,12.55,626.5,2026-05-08,True
2026-05-01,13.13,655.45,2026-06-07,True
2026-06-01,12.64,630.98,2026-07-08,True
2026-07-01,28.0,1747.2,2026-08-07,False
2026-08-01,11.47,572.58,2026-09-07,True
2026-09-01,17.05,1063.92,2026-10-08,True
2026-10-01,5.82,226.99,2026-11-07,False
2026-11-01,22.64,1412.74,2026-12-08,True
2026-12-01,19.19,1197.46,2027-01-07,True
2027-01-01,21.13,1318.51,2027-02-07,True
2027-02-01,16.65,1038.96,2027-03-10,True
2023-08-01,8.12,405.35,2023-09-01,True
2023-09-01,13.65,681.41,2023-10-02,True
2023-10-01,11.44,571.08,2023-11-01,True
2023-11-01,64.04,3996.1,2023-12-02,True
2023-12-01,7.46,372.41,2024-01-01,True
2024-01-01,18.64,1163.14,2024-02-01,True
2024-02-01,5.73,223.46,2024-03-03,True
2024-03-01,7.71,660.09,2024-04-01,False
2024-04-01,11.23,560.6,2024-05-02,True
2024-05-01,25.96,1619.9,2024-06-01,True
2024-06-01,6.67,332.96,2024-07-02,True
2024-07-01,23.09,2324.52,2024-08-01,False
2024-08-01,14.99,748.3,2024-09-01,True
2024-09-01,7.21,562.09,2024-10-02,False
2024-10-01,23.5,2253.37,2024-11-01,False
2024-11-01,12.14,606.02,2024-12-02,True
2024-12-01,6.75,336.96,2025-01-01,True
2025-01-01,6.6,329.47,2025-02-01,True
2025-02-01,9.94,496.2,2025-03-04,True
2025-03-01,20.01,1248.62,2025-04-01,True
2025-04-01,6.19,309.0,2025-05-02,True
2025-05-01,19.57,1221.17,2025-06-01,True
2025-06-01,30.47,1901.33,2025-07-02,True
2025-07-01,35.35,2887.81,2025-08-01,False
2026-06-01,17.81,1111.34,2026-07-02,True
2026-07-01,23.91,1491.98,2026-08-01,True
2026-08-01,14.77,737.32,2026-09-01,True
2026-09-01,14.93,745.31,2026-10-02,True
2026-10-01,15.63,975.31,2026-11-01,False
2026-11-01,20.13,1256.11,2026-12-02,True
2026-12-01,10.82,540.13,2027-01-01,False
2027-01-01,19.27,1202.45,2027-02-01,True
2027-02-01,13.77,687.4,2027-03-04,True
2027-03-01,21.49,1340.98,2027-04-01,False
2027-04-01,22.4,1397.76,2027-05-02,True
2027-05-01,15.14,944.74,2027-06-01,True
2027-06-01,30.46,1900.7,2027-07-02,True
2027-07-01,15.93,994.03,2027-08-01,False
2027-08-01,17.21,1073.9,2027-09-01,True
2027-09-01,91.55,5712.72,2027-10-02,False
2027-10-01,40.3,2514.72,2027-11-01,True
2027-11-01,25.14,1568.74,2027-12-02,True
2027-12-01,9.63,480.73,2028-01-01,True
2028-01-01,16.52,1030.85,2028-02-01,True
2028-02-01,15.21,949.1,2028-03-03,True
2028-03-01,9.99,498.7,2028-04-01,False
2028-04-01,13.28,662.94,2028-05-02,False
2028-05-01,7.97,397.86,2028-06-01,True
2025-12-01,12.31,614.52,2026-01-10,True
2026-01-01,4.76,185.64,2026-02-10,True
2026-02-01,11.26,562.1,2026-03-13,True
2026-03-01,16.87,1052.69,2026-04-10,True
2026-04-01,12.83,640.48,2026-05-11,True
2026-05-01,23.46,1463.9,2026-06-10,True
2026-06-01,32.5,2028.0,2026-07-11,True
2026-07-01,25.39,1584.34,2026-08-10,False
2026-08-01,13.65,681.41,2026-09-10,True
2026-09-01,20.15,1257.36,2026-10-11,True
2026-10-01,7.27,362.92,2026-11-10,True
2026-11-01,10.74,536.14,2026-12-11,True
2026-12-01,8.87,442.79,2027-01-10,True
2027-01-01,63.07,3935.57,2027-02-10,True
2027-02-01,49.48,3087.55,2027-03-13,True
2027-03-01,11.87,592.55,2027-04-10,False
2027-04-01,9.71,484.73,2027-05-11,True
2027-05-01,12.23,610.52,2027-06-10,True
2027-06-01,36.71,2290.7,2027-07-11,True
2027-07-01,24.31,1516.94,2027-08-10,True
2027-08-01,13.18,657.95,2027-09-10,False
2027-09-01,7.92,395.36,2027-10-11,False
2027-10-01,23.6,1472.64,2027-11-10,True
2027-11-01,8.34,416.33,2027-12-11,False
2024-05-01,20.59,1284.82,2024-05-22,True
2024-06-01,22.54,1406.5,2024-06-22,True
2024-07-01,11.12,555.11,2024-07-22,True
2024-08-01,32.53,2029.87,2024-08-22,True
2024-09-01,23.83,2334.57,2024-09-22,False
2024-10-01,26.53,1655.47,2024-10-22,True
2024-11-01,23.65,2241.93,2024-11-22,False
2024-12-01,5.77,225.02,2024-12-22,True
2025-01-01,18.33,1143.79,2025-01-22,True
2025-02-01,4.24,165.36,2025-02-22,True
2025-03-01,7.02,497.33,2025-03-22,False
2025-04-01,12.27,612.52,2025-04-22,True
2025-05-01,6.42,438.52,2025-05-22,False
2025-06-01,8.22,410.34,2025-06-22,True
2025-07-01,19.23,1580.93,2025-07-22,False
2025-08-01,17.89,1116.34,2025-08-22,True
2025-09-01,18.23,1137.55,2025-09-22,True
2025-10-01,54.62,3408.29,2025-10-22,True
2025-11-01,26.74,1668.58,2025-11-22,True
2025-12-01,4.3,167.7,2025-12-22,True
2026-01-01,15.67,977.81,2026-01-22,True
2026-02-01,5.17,201.62,2026-02-22,True
2026-03-01,15.27,1062.43,2026-03-22,False
2026-04-01,10.77,537.64,2026-04-22,True
2022-05-01,9.43,470.75,2022-06-11,True
2022-06-01,27.39,1709.14,2022-07-12,True
2022-07-01,28.01,1747.82,2022-08-11,True
2022-08-01,9.48,473.24,2022-09-11,True
2022-09-01,25.77,1608.05,2022-10-12,True
2022-10-01,12.47,622.5,2022-11-11,True
2022-11-01,91.63,5717.71,2022-12-12,True
2022-12-01,13.89,693.38,2023-01-11,True
2023-01-01,10.33,515.68,2023-02-11,True
2023-02-01,17.28,2194.28,2023-03-14,False
2023-03-01,10.43,520.67,2023-04-11,True
2023-04-01,18.43,1150.03,2023-05-12,True
2023-05-01,13.67,682.4,2023-06-11,True
2023-06-01,12.49,623.5,2023-07-12,True
2023-07-01,24.97,1558.13,2023-08-11,True
2023-08-01,12.65,631.49,2023-09-11,True
2023-09-01,18.74,1169.38,2023-10-12,True
2023-10-01,12.14,1111.04,2023-11-11,False
2023-11-01,7.17,357.92,2023-12-12,True
2023-12-01,6.27,313.0,2024-01-11,True
2024-01-01,8.57,427.81,2024-02-11,True
2024-02-01,8.43,420.83,2024-03-13,True
2024-03-01,20.47,1277.33,2024-04-11,True
2024-04-01,6.28,313.5,2024-05-12,True
2024-08-01,27.26,2686.19,2024-09-11,False
2024-09-01,10.05,501.7,2024-10-12,True
2024-10-01,15.53,1481.06,2024-11-11,False
2024-11-01,17.2,1073.28,2024-12-12,True
2024-12-01,8.46,422.33,2025-01-11,True
2025-01-01,20.25,1834.33,2025-02-11,False
2025-02-01,5.89,229.7,2025-03-14,True
2025-03-01,5.65,220.34,2025-04-11,True
2025-04-01,19.18,1196.83,2025-05-12,True
2025-05-01,14.86,741.82,2025-06-11,True
2025-06-01,30.01,1872.62,2025-07-12,True
2025-07-01,11.99,598.54,2025-08-11,True
2025-08-01,14.52,924.17,2025-09-11,False
2025-09-01,24.12,1880.11,2025-10-12,False
2025-10-01,23.79,1484.5,2025-11-11,True
2025-11-01,13.6,813.56,2025-12-12,False
2025-12-01,12.28,719.28,2026-01-11,False
2026-01-01,15.94,1141.37,2026-02-11,False
2026-02-01,5.64,219.96,2026-03-14,True
2026-03-01,12.36,617.02,2026-04-11,True
2026-04-01,24.73,1543.15,2026-05-12,True
2026-05-01,25.43,1586.83,2026-06-11,True
2026-06-01,28.77,1795.25,2026-07-12,True
2026-07-01,31.28,1951.87,2026-08-11,True
2024-06-01,36.36,2268.86,2024-07-10,True
2024-07-01,25.49,2555.53,2024-08-09,False
2024-08-01,25.82,2546.99,2024-09-09,False
2024-09-01,7.36,367.42,2024-10-10,True
2024-10-01,71.49,6825.3,2024-11-09,False
2024-11-01,9.67,726.09,2024-12-10,False
2024-12-01,20.68,1290.43,2025-01-09,True
2025-01-01,15.42,962.21,2025-02-09,True
2025-02-01,9.5,676.98,2025-03-12,False
2025-03-01,21.51,1884.7,2025-04-09,False
2025-04-01,16.24,1396.78,2025-05-10,False
2025-05-01,5.4,210.6,2025-06-09,True
2025-06-01,10.66,706.43,2025-07-10,False
2025-07-01,34.54,2807.28,2025-08-09,False
2025-08-01,27.81,1735.34,2025-09-09,True
2025-09-01,23.84,1487.62,2025-10-10,True
2025-10-01,18.79,1172.5,2025-11-09,True
2025-11-01,24.0,1497.6,2025-12-10,True
2025-12-01,10.83,540.64,2026-01-09,True
2026-01-01,6.84,341.45,2026-02-09,True
2026-02-01,19.77,1233.65,2026-03-12,True
2026-03-01,7.97,397.86,2026-04-09,True
2026-04-01,20.52,1280.45,2026-05-10,True
2026-05-01,6.48,339.38,2026-06-09,False
2022-08-01,31.26,1950.62,2022-09-15,True
2022-09-01,22.11,1379.66,2022-10-16,True
2022-10-01,24.41,1523.18,2022-11-15,True
2022-11-01,18.65,2453.59,2022-12-16,False
2022-12-01,13.48,1401.92,2023-01-15,False
2023-01-01,13.68,682.91,2023-02-15,True
2023-02-01,19.95,1244.88,2023-03-18,True
2023-03-01,19.3,1204.32,2023-04-15,True
2023-04-01,14.89,1473.59,2023-05-16,False
2023-05-01,16.34,1995.91,2023-06-15,False
2023-06-01,25.37,1583.09,2023-07-16,True
2023-07-01,12.07,602.53,2023-08-15,True
2023-08-01,35.13,2192.11,2023-09-15,True
2023-09-01,13.4,668.93,2023-10-16,True
2023-10-01,21.63,1349.71,2023-11-15,True
2023-11-01,10.47,522.66,2023-12-16,True
2023-12-01,19.38,1209.31,2024-01-15,True
2024-01-01,14.42,719.84,2024-02-15,True
2024-02-01,20.35,1269.84,2024-03-17,True
2024-03-01,21.36,1332.86,2024-04-15,True
2024-04-01,17.04,1783.69,2024-05-16,False
2024-05-01,9.86,492.22,2024-06-15,True
2024-06-01,20.08,2038.2,2024-07-16,False
2024-07-01,16.9,1054.56,2024-08-15,True
2024-08-01,25.85,1613.04,2024-09-18,True
2024-09-01,11.53,575.58,2024-10-19,True
2024-10-01,17.17,1631.22,2024-11-18,False
2024-11-01,23.8,1485.12,2024-12-19,True
2024-12-01,12.72,634.98,2025-01-18,True
2025-01-01,5.11,199.3,2025-02-18,True
2025-02-01,6.42,320.48,2025-03-20,True
2025-03-01,7.65,381.89,2025-04-18,True
2025-04-01,17.07,1460.17,2025-05-19,False
2025-05-01,6.8,339.46,2025-06-18,True
2025-06-01,33.62,2769.21,2025-07-19,False
2025-07-01,32.75,2043.6,2025-08-18,True
2025-08-01,22.31,1392.14,2025-09-18,True
2025-09-01,17.53,1360.05,2025-10-19,False
2025-10-01,9.09,453.77,2025-11-18,True
2025-11-01,34.41,2560.51,2025-12-19,False
2025-12-01,12.19,608.52,2026-01-18,True
2026-01-01,12.75,636.48,2026-02-18,True
2026-02-01,9.71,484.73,2026-03-20,True
2026-03-01,10.86,542.14,2026-04-18,True
2026-04-01,17.22,1074.53,2026-05-19,True
2026-05-01,8.05,401.86,2026-06-18,True
2026-06-01,11.29,563.59,2026-07-19,True
2026-07-01,21.49,1340.98,2026-08-18,True
2021-08-01,33.61,2097.26,2021-08-29,True
2021-09-01,89.32,5573.57,2021-09-29,True
2021-10-01,8.8,439.3,2021-10-29,True
2021-11-01,9.86,492.22,2021-11-29,True
2021-12-01,11.33,565.6,2021-12-29,True
2022-01-01,15.8,985.92,2022-01-29,True
2022-02-01,15.31,955.34,2022-03-01,True
2022-03-01,8.03,932.67,2022-03-29,False
2022-04-01,24.2,1510.08,2022-04-29,True
2022-05-01,5.25,204.74,2022-05-29,True
2022-06-01,31.03,1936.27,2022-06-29,True
2022-07-01,31.4,4359.58,2022-07-29,False
2022-08-01,7.41,813.49,2022-08-29,False
2022-09-01,17.03,2309.54,2022-09-29,False
2022-10-01,14.99,748.3,2022-10-29,True
2022-11-01,21.2,1322.88,2022-11-29,True
2022-12-01,15.32,955.97,2022-12-29,True
2023-01-01,15.02,937.25,2023-01-29,True
2023-02-01,8.96,447.29,2023-03-01,True
2023-03-01,5.62,219.19,2023-03-29,True
2023-04-01,5.79,450.89,2023-04-29,False
2023-05-01,7.77,387.88,2023-05-29,True
2023-06-01,14.03,1362.82,2023-06-29,False
2023-07-01,28.58,3425.59,2023-07-29,False
2022-08-01,32.82,2047.97,2022-09-04,True
2022-09-01,24.9,1553.76,2022-10-05,True
2022-10-01,7.68,383.39,2022-11-04,True
2022-11-01,7.2,359.42,2022-12-05,True
2022-12-01,9.35,466.75,2023-01-04,True
2023-01-01,9.3,464.26,2023-02-04,True
2023-02-01,14.99,748.3,2023-03-07,True
2023-03-01,54.71,3413.9,2023-04-04,True
2023-04-01,8.77,871.95,2023-05-05,False
2023-05-01,26.24,1637.38,2023-06-04,True
2023-06-01,26.16,3168.18,2023-07-05,False
2023-07-01,13.58,677.92,2023-08-04,True
2023-08-01,8.95,446.78,2023-09-04,True
2023-09-01,26.05,1625.52,2023-10-05,True
2023-10-01,12.15,1115.51,2023-11-04,False
2023-11-01,14.29,1293.54,2023-12-05,False
2023-12-01,16.98,1894.83,2024-01-04,False
2024-01-01,16.9,1054.56,2024-02-04,True
2024-02-01,4.58,178.63,2024-03-06,True
2024-03-01,7.64,653.11,2024-04-04,False
2024-04-01,7.71,384.89,2024-05-05,True
2024-05-01,9.08,753.2,2024-06-04,False
2024-06-01,16.85,1719.98,2024-07-05,False
2024-07-01,30.16,1881.98,2024-08-04,True
2024-09-01,9.36,467.26,2024-10-10,True
2024-10-01,8.67,432.8,2024-11-09,True
2024-11-01,17.6,1098.24,2024-12-10,True
2024-12-01,20.55,1282.32,2025-01-09,True
2025-01-01,19.2,1741.21,2025-02-09,False
2025-02-01,67.6,4218.24,2025-03-12,True
2025-03-01,26.05,1625.52,2025-04-09,True
2025-04-01,21.58,1856.05,2025-05-10,False
2025-05-01,19.98,1246.75,2025-06-09,True
2025-06-01,18.16,1504.3,2025-07-10,False
2025-07-01,12.63,821.21,2025-08-09,False
2025-08-01,14.17,903.06,2025-09-09,False
2025-09-01,23.77,1855.3,2025-10-10,False
2025-10-01,16.71,1278.18,2025-11-09,False
2025-11-01,60.11,3750.86,2025-12-10,True
2025-12-01,4.68,182.52,2026-01-09,True
2026-01-01,17.16,1230.5,2026-02-09,False
2026-02-01,17.84,1113.22,2026-03-12,True
2026-03-01,18.95,1182.48,2026-04-09,True
2026-04-01,11.56,619.88,2026-05-10,False
2026-05-01,9.71,508.56,2026-06-09,False
2026-06-01,35.4,2208.96,2026-07-10,True
2026-07-01,9.35,466.75,2026-08-09,True
2026-08-01,22.96,1432.7,2026-09-09,True
2025-05-01,16.33,1018.99,2025-05-24,True
2025-06-01,17.32,1449.13,2025-06-24,False
2025-07-01,12.65,631.49,2025-07-24,True
2025-08-01,18.58,1159.39,2025-08-24,True
2025-09-01,17.33,1081.39,2025-09-24,True
2025-10-01,16.76,1295.95,2025-10-24,False
2025-11-01,5.92,280.13,2025-11-24,False
2025-12-01,10.89,646.0,2025-12-24,False
2026-01-01,9.8,489.22,2026-01-24,True
2026-02-01,4.71,183.7,2026-02-24,True
2026-03-01,25.96,1619.9,2026-03-24,True
2026-04-01,6.83,340.96,2026-04-24,True
2026-05-01,17.54,1094.5,2026-05-24,True
2026-06-01,37.7,2352.48,2026-06-24,True
2026-07-01,35.3,2228.42,2026-07-24,False
2026-08-01,38.77,2419.25,2026-08-24,False
2026-09-01,25.87,1614.29,2026-09-24,False
2026-10-01,94.93,5923.63,2026-10-24,False
2026-11-01,14.65,731.33,2026-11-24,True
2026-12-01,13.5,673.92,2026-12-24,True
2027-01-01,12.1,604.03,2027-01-24,True
2027-02-01,15.07,940.37,2027-02-24,True
2027-03-01,14.21,709.37,2027-03-24,True
2027-04-01,19.46,1214.3,2027-04-24,False
2022-08-01,25.0,1560.0,2022-09-12,True
2022-09-01,14.06,1517.23,2022-10-13,False
2022-10-01,17.34,2311.92,2022-11-12,False
2022-11-01,10.03,500.7,2022-12-13,True
2022-12-01,12.92,644.96,2023-01-12,True
2023-01-01,11.06,1137.37,2023-02-12,False
2023-02-01,11.08,553.12,2023-03-15,True
2023-03-01,8.81,439.8,2023-04-12,True
2023-04-01,22.2,2749.78,2023-05-13,False
2023-05-01,19.08,1190.59,2023-06-12,True
2023-06-01,38.31,4623.7,2023-07-13,False
2023-07-01,13.77,687.4,2023-08-12,True
2023-08-01,33.38,2082.91,2023-09-12,True
2023-09-01,14.81,1373.29,2023-10-13,False
2023-10-01,11.7,584.06,2023-11-12,True
2023-11-01,12.08,1089.49,2023-12-13,False
2023-12-01,12.24,1088.63,2024-01-12,False
2024-01-01,8.89,779.2,2024-02-12,False
2024-02-01,17.99,1122.58,2024-03-14,True
2024-03-01,5.24,204.36,2024-04-12,True
2024-04-01,20.95,1307.28,2024-05-13,True
2024-05-01,14.97,747.3,2024-06-12,True
2024-06-01,16.99,1060.18,2024-07-13,True
2024-07-01,9.9,792.8,2024-08-12,False
2026-04-01,12.16,607.03,2026-05-11,True
2026-05-01,15.94,1042.74,2026-06-10,False
2026-06-01,30.4,1896.96,2026-07-11,True
2026-07-01,9.15,456.77,2026-08-10,True
2026-08-01,7.53,375.9,2026-09-10,True
2026-09-01,17.66,1101.98,2026-10-11,False
2026-10-01,14.99,748.3,2026-11-10,True
2026-11-01,19.55,1219.92,2026-12-11,True
2026-12-01,15.26,952.22,2027-01-10,True
2027-01-01,3.86,150.54,2027-02-10,True
2027-02-01,8.29,413.83,2027-03-13,True
2027-03-01,13.39,668.42,2027-04-10,True
2027-04-01,44.61,2783.66,2027-05-11,True
2027-05-01,16.54,1032.1,2027-06-10,True
2027-06-01,12.94,645.96,2027-07-11,False
2027-07-01,111.85,6979.44,2027-08-10,False
2027-08-01,8.96,447.29,2027-09-10,False
2027-09-01,9.72,485.22,2027-10-11,True
2027-10-01,22.48,1402.75,2027-11-10,True
2027-11-01,13.32,664.93,2027-12-11,True
2027-12-01,10.49,523.66,2028-01-10,True
2028-01-01,80.98,5053.15,2028-02-10,True
2028-02-01,12.76,636.98,2028-03-12,True
2028-03-01,17.69,1103.86,2028-04-10,True
2024-02-01,14.92,744.8,2024-03-01,True
2024-03-01,22.9,1428.96,2024-03-30,True
2024-04-01,16.23,1012.75,2024-04-30,True
2024-05-01,17.7,1839.88,2024-05-30,False
2024-06-01,15.31,1566.76,2024-06-30,False
2024-07-01,28.41,1772.78,2024-07-30,True
2024-08-01,26.02,1623.65,2024-08-30,True
2024-09-01,16.05,1565.71,2024-09-30,False
2024-10-01,16.16,1008.38,2024-10-30,True
2024-11-01,23.21,1448.3,2024-11-30,True
2024-12-01,16.09,1004.02,2024-12-30,True
2025-01-01,19.14,1194.34,2025-01-30,True
2025-02-01,21.28,1327.87,2025-03-02,True
2025-03-01,9.36,467.26,2025-03-30,True
2025-04-01,14.28,988.5,2025-04-30,False
2025-05-01,25.49,2165.84,2025-05-30,False
2025-06-01,12.81,639.48,2025-06-30,True
2025-07-01,30.96,1931.9,2025-07-30,True
2025-08-01,24.99,1559.38,2025-08-30,True
2025-09-01,21.52,1690.87,2025-09-30,False
2025-10-01,110.27,6880.85,2025-10-30,True
2025-11-01,11.89,717.19,2025-11-30,False
2025-12-01,15.9,1174.06,2025-12-30,False
2026-01-01,9.54,476.23,2026-01-30,True
2021-09-01,8.73,435.8,2021-10-02,True
2021-10-01,16.72,1043.33,2021-11-01,True
2021-11-01,14.12,704.87,2021-12-02,True
2021-12-01,20.11,3010.62,2022-01-01,False
2022-01-01,8.91,444.79,2022-02-01,True
2022-02-01,14.71,734.33,2022-03-04,True
2022-03-01,22.56,1407.74,2022-04-01,True
2022-04-01,16.23,2327.64,2022-05-02,False
2022-05-01,19.52,1218.05,2022-06-01,True
2022-06-01,15.43,2163.96,2022-07-02,False
2022-07-01,32.13,2004.91,2022-08-01,True
2022-08-01,12.59,628.49,2022-09-01,True
2022-09-01,18.05,1126.32,2022-10-02,True
2022-10-01,20.07,1252.37,2022-11-01,True
2022-11-01,18.71,1167.5,2022-12-02,True
2022-12-01,5.55,453.48,2023-01-01,False
2023-01-01,5.41,210.98,2023-02-01,True
2023-02-01,5.02,400.06,2023-03-04,False
2023-03-01,13.17,1328.03,2023-04-01,False
2023-04-01,8.1,806.34,2023-05-02,False
2023-05-01,24.76,1545.02,2023-06-01,True
2023-06-01,27.45,3328.7,2023-07-02,False
2023-07-01,22.83,1424.59,2023-08-01,True
2023-08-01,16.79,1982.77,2023-09-01,False
2022-03-01,13.03,650.46,2022-04-09,True
2022-04-01,22.3,1391.52,2022-05-10,True
2022-05-01,7.02,794.33,2022-06-09,False
2022-06-01,17.17,1071.41,2022-07-10,True
2022-07-01,28.15,3892.24,2022-08-09,False
2022-08-01,33.46,2087.9,2022-09-09,True
2022-09-01,15.34,957.22,2022-10-10,True
2022-10-01,9.82,490.21,2022-11-09,True
2022-11-01,23.55,1469.52,2022-12-10,True
2022-12-01,16.75,1045.2,2023-01-09,True
2023-01-01,16.99,1060.18,2023-02-09,True
2023-02-01,11.84,591.05,2023-03-12,True
2023-03-01,13.85,691.39,2023-04-09,True
2023-04-01,16.25,2015.33,2023-05-10,False
2023-05-01,8.51,424.82,2023-06-09,True
2023-06-01,18.47,1152.53,2023-07-10,True
2023-07-01,17.8,2123.33,2023-08-09,False
2023-08-01,34.7,4083.36,2023-09-09,False
2023-09-01,14.05,1304.57,2023-10-10,False
2023-10-01,12.38,1134.05,2023-11-09,False
2023-11-01,22.09,1378.42,2023-12-10,True
2023-12-01,6.27,313.0,2024-01-09,True
2024-01-01,11.54,1012.92,2024-02-09,False
2024-02-01,7.21,359.93,2024-03-11,True
2025-11-01,22.31,1392.14,2025-11-29,True
2025-12-01,4.62,180.19,2025-12-29,True
2026-01-01,5.16,201.24,2026-01-29,True
2026-02-01,6.49,323.98,2026-03-01,True
2026-03-01,10.48,580.27,2026-03-29,False
2026-04-01,17.15,1159.34,2026-04-29,False
2026-05-01,9.63,480.73,2026-05-29,True
2026-06-01,17.56,1095.74,2026-06-29,True
2026-07-01,22.92,1430.21,2026-07-29,True
2026-08-01,25.63,1599.31,2026-08-29,True
2026-09-01,8.55,426.82,2026-09-29,False
2026-10-01,9.02,450.28,2026-10-29,True
2026-11-01,17.02,1062.05,2026-11-29,True
2026-12-01,19.03,1187.47,2026-12-29,True
2027-01-01,14.94,745.8,2027-01-29,False
2027-02-01,46.09,2876.02,2027-03-01,True
2027-03-01,18.23,1137.55,2027-03-29,True
2027-04-01,17.24,1075.78,2027-04-29,False
2027-05-01,11.32,565.09,2027-05-29,False
2027-06-01,32.17,2007.41,2027-06-29,True
2027-07-01,11.61,579.58,2027-07-29,True
2027-08-01,28.39,1771.54,2027-08-29,False
2027-09-01,7.83,390.88,2027-09-29,True
2027-10-01,14.04,700.87,2027-10-29,True
2022-04-01,18.87,2710.19,2022-04-28,False
2022-05-01,20.54,1281.7,2022-05-28,True
2022-06-01,26.97,3787.99,2022-06-28,False
2022-07-01,16.86,1052.06,2022-07-28,True
2022-08-01,28.88,3964.64,2022-08-28,False
2022-09-01,6.08,303.52,2022-09-28,True
2022-10-01,20.68,1290.43,2022-10-28,True
2022-11-01,19.02,1186.85,2022-11-28,True
2022-12-01,13.15,656.45,2022-12-28,True
2023-01-01,8.22,410.34,2023-01-28,True
2023-02-01,16.6,1035.84,2023-02-28,True
2023-03-01,13.83,1396.91,2023-03-28,False
2023-04-01,91.9,5734.56,2023-04-28,True
2023-05-01,20.59,1284.82,2023-05-28,True
2023-06-01,19.92,1243.01,2023-06-28,True
2023-07-01,23.86,1488.86,2023-07-28,True
2023-08-01,19.57,1221.17,2023-08-28,True
2023-09-01,24.47,1526.93,2023-09-28,True
2023-10-01,13.38,667.93,2023-10-28,True
2023-11-01,11.12,555.11,2023-11-28,True
2023-12-01,5.02,195.79,2023-12-28,True
2024-01-01,3.78,260.71,2024-01-28,False
2024-02-01,7.2,626.29,2024-02-28,False
2024-03-01,21.67,2323.55,2024-03-28,False
2023-08-01,28.38,1770.91,2023-09-06,True
2023-09-01,20.83,1299.79,2023-10-07,True
2023-10-01,5.34,208.26,2023-11-06,True
2023-11-01,19.48,2202.17,2023-12-07,False
2023-12-01,21.03,1312.27,2024-01-06,True
2024-01-01,11.48,573.08,2024-02-06,True
2024-02-01,14.11,1222.1,2024-03-08,False
2024-03-01,5.87,228.94,2024-04-06,True
2024-04-01,18.31,1142.54,2024-05-07,True
2024-05-01,13.77,687.4,2024-06-06,True
2024-06-01,14.43,1177.17,2024-07-07,False
2024-07-01,8.31,414.84,2024-08-06,True
2024-08-01,22.81,1423.34,2024-09-06,True
2024-09-01,5.16,201.24,2024-10-07,True
2024-10-01,23.49,2246.31,2024-11-06,False
2024-11-01,10.77,537.64,2024-12-07,True
2024-12-01,18.58,1717.83,2025-01-06,False
2025-01-01,13.33,665.44,2025-02-06,True
2025-02-01,5.38,209.82,2025-03-09,True
2025-03-01,6.67,332.96,2025-04-06,True
2025-04-01,22.35,1394.64,2025-05-07,True
2025-05-01,15.95,995.28,2025-06-06,True
2025-06-01,13.8,688.9,2025-07-07,True
2025-07-01,30.35,1893.84,2025-08-06,True
2022-08-01,25.12,1567.49,2022-09-01,True
2022-09-01,15.17,946.61,2022-10-02,True
2022-10-01,22.55,3019.44,2022-11-01,False
2022-11-01,20.54,2717.2,2022-12-02,False
2022-12-01,7.77,387.88,2023-01-01,True
2023-01-01,20.09,1253.62,2023-02-01,True
2023-02-01,9.47,472.74,2023-03-04,True
2023-03-01,8.63,430.81,2023-04-01,True
2023-04-01,5.48,213.72,2023-05-02,True
2023-05-01,21.37,2625.86,2023-06-01,False
2023-06-01,16.31,1017.74,2023-07-02,True
2023-07-01,12.66,631.99,2023-08-01,True
2023-08-01,18.88,1178.11,2023-09-01,True
2023-09-01,23.02,1436.45,2023-10-02,True
2023-10-01,22.01,2529.38,2023-11-01,False
2023-11-01,24.74,2803.25,2023-12-02,False
2023-12-01,10.33,515.68,2024-01-01,True
2024-01-01,55.35,6096.03,2024-02-01,False
2024-02-01,7.86,392.38,2024-03-03,True
2024-03-01,10.12,505.19,2024-04-01,True
2024-04-01,6.59,328.97,2024-05-02,True
2024-05-01,19.37,2011.46,2024-06-01,False
2024-06-01,36.59,2283.22,2024-07-02,True
2024-07-01,13.2,658.94,2024-08-01,True
2024-10-01,10.14,781.2,2024-10-24,False
2024-11-01,13.68,682.91,2024-11-24,True
2024-12-01,5.57,217.22,2024-12-24,True
2025-01-01,11.55,576.58,2025-01-24,True
2025-02-01,6.35,316.99,2025-02-24,True
2025-03-01,20.18,1259.23,2025-03-24,True
2025-04-01,19.43,1212.43,2025-04-24,True
2025-05-01,19.08,1190.59,2025-05-24,True
2025-06-01,31.64,1974.34,2025-06-24,True
2025-07-01,25.93,1618.03,2025-07-24,True
2025-08-01,20.69,1291.06,2025-08-24,True
2025-09-01,22.89,1428.34,2025-09-24,True
2025-10-01,7.44,371.4,2025-10-24,True
2025-11-01,11.86,592.06,2025-11-24,True
2025-12-01,5.68,221.52,2025-12-24,True
2026-01-01,70.65,4408.56,2026-01-24,True
2026-02-01,7.94,450.53,2026-02-24,False
2026-03-01,22.24,1545.06,2026-03-24,False
2026-04-01,6.97,378.38,2026-04-24,False
2026-05-01,8.52,451.9,2026-05-24,False
2026-06-01,31.07,1938.77,2026-06-24,True
2026-07-01,31.81,1984.94,2026-07-24,True
2026-08-01,15.8,985.92,2026-08-24,True
2026-09-01,15.57,971.57,2026-09-24,True
2026-07-01,23.37,1458.29,2026-07-22,True
2026-08-01,24.52,1530.05,2026-08-22,True
2026-09-01,23.95,1494.48,2026-09-22,True
2026-10-01,68.53,4276.27,2026-10-22,True
2026-11-01,24.88,1552.51,2026-11-22,True
2026-12-01,13.67,682.4,2026-12-22,False
2027-01-01,18.23,1137.55,2027-01-22,False
2027-02-01,15.75,982.8,2027-02-22,True
2027-03-01,22.21,1385.9,2027-03-22,True
2027-04-01,19.22,1199.33,2027-04-22,True
2027-05-01,21.4,1335.36,2027-05-22,False
2027-06-01,25.97,1620.53,2027-06-22,False
2027-07-01,29.79,1858.9,2027-07-22,True
2027-08-01,21.35,1332.24,2027-08-22,False
2027-09-01,20.23,1262.35,2027-09-22,True
2027-10-01,21.03,1312.27,2027-10-22,True
2027-11-01,24.55,1531.92,2027-11-22,False
2027-12-01,6.05,302.02,2027-12-22,True
2028-01-01,9.33,465.76,2028-01-22,False
2028-02-01,18.21,1136.3,2028-02-22,True
2028-03-01,17.47,1090.13,2028-03-22,False
2028-04-01,23.73,1480.75,2028-04-22,True
2028-05-01,23.38,1458.91,2028-05-22,True
2028-06-01,30.76,1919.42,2028-06-22,True
2022-12-01,7.55,791.18,2022-12-27,False
2023-01-01,11.83,590.56,2023-01-27,True
2023-02-01,8.75,894.35,2023-02-27,False
2023-03-01,20.2,1260.48,2023-03-27,True
2023-04-01,11.08,553.12,2023-04-27,True
2023-05-01,10.68,533.15,2023-05-27,True
2023-06-01,24.7,1541.28,2023-06-27,True
2023-07-01,30.48,1901.95,2023-07-27,True
2023-08-01,20.34,1269.22,2023-08-27,True
2023-09-01,21.4,1335.36,2023-09-27,True
2023-10-01,11.18,558.11,2023-10-27,True
2023-11-01,20.8,1297.92,2023-11-27,True
2023-12-01,5.7,222.3,2023-12-27,True
2024-01-01,7.28,363.42,2024-01-27,True
2024-02-01,5.35,208.66,2024-02-27,True
2024-03-01,22.15,1382.16,2024-03-27,True
2024-04-01,45.54,2841.7,2024-04-27,True
2024-05-01,7.78,388.38,2024-05-27,True
2024-06-01,37.03,2310.67,2024-06-27,True
2024-07-01,10.34,834.9,2024-07-27,False
2024-08-01,30.41,3020.31,2024-08-27,False
2024-09-01,16.57,1033.97,2024-09-27,True
2024-10-01,20.35,1956.61,2024-10-27,False
2024-11-01,10.51,524.66,2024-11-27,True
2021-12-01,4.64,180.96,2022-01-15,True
2022-01-01,15.78,984.67,2022-02-15,True
2022-02-01,16.39,2388.95,2022-03-18,False
2022-03-01,8.9,444.29,2022-04-15,True
2022-04-01,18.61,1161.26,2022-05-16,True
2022-05-01,13.03,650.46,2022-06-15,True
2022-06-01,19.98,2787.53,2022-07-16,False
2022-07-01,11.19,558.6,2022-08-15,True
2022-08-01,8.83,440.8,2022-09-15,True
2022-09-01,5.52,215.28,2022-10-16,True
2022-10-01,11.21,559.61,2022-11-15,True
2022-11-01,16.7,2197.05,2022-12-16,False
2022-12-01,4.4,171.6,2023-01-15,True
2023-01-01,8.42,420.32,2023-02-15,True
2023-02-01,12.57,627.49,2023-03-18,True
2023-03-01,9.26,462.26,2023-04-15,True
2023-04-01,20.59,1284.82,2023-05-16,True
2023-05-01,11.34,566.09,2023-06-15,True
2023-06-01,29.54,3560.64,2023-07-16,False
2023-07-01,23.91,2844.71,2023-08-15,False
2023-08-01,27.48,1714.75,2023-09-15,True
2023-09-01,25.98,1621.15,2023-10-16,True
2023-10-01,16.15,1007.76,2023-11-15,True
2023-11-01,6.78,338.46,2023-12-16,True
2025-02-01,13.47,672.42,2025-03-11,True
2025-03-01,5.55,216.46,2025-04-08,True
2025-04-01,20.23,1262.35,2025-05-09,True
2025-05-01,22.04,1375.3,2025-06-08,True
2025-06-01,26.85,1675.44,2025-07-09,True
2025-07-01,17.96,1120.7,2025-08-08,True
2025-08-01,22.74,1812.75,2025-09-08,False
2025-09-01,10.36,647.34,2025-10-09,False
2025-10-01,24.84,1550.02,2025-11-08,True
2025-11-01,18.28,1140.67,2025-12-09,True
2025-12-01,15.85,1162.95,2026-01-08,False
2026-01-01,9.03,450.78,2026-02-08,True
2026-02-01,21.22,1324.13,2026-03-11,True
2026-03-01,12.08,603.04,2026-04-08,True
2026-04-01,20.42,1369.78,2026-05-09,False
2026-05-01,8.79,460.73,2026-06-08,False
2026-06-01,33.61,2097.26,2026-07-09,True
2026-07-01,17.22,1074.53,2026-08-08,True
2026-08-01,102.32,6384.77,2026-09-08,False
2026-09-01,21.99,1372.18,2026-10-09,True
2026-10-01,10.47,522.66,2026-11-08,True
2026-11-01,22.24,1387.78,2026-12-09,False
2026-12-01,7.37,367.91,2027-01-08,True
2027-01-01,6.39,318.98,2027-02-08,False
2025-12-01,8.49,423.82,2026-01-14,True
2026-01-01,6.98,348.44,2026-02-14,True
2026-02-01,16.24,1013.38,2026-03-17,True
2026-03-01,15.56,970.94,2026-04-14,True
2026-04-01,16.36,1092.32,2026-05-15,False
2026-05-01,12.72,634.98,2026-06-14,True
2026-06-01,28.88,1802.11,2026-07-15,True
2026-07-01,32.61,2034.86,2026-08-14,True
2026-08-01,14.63,730.33,2026-09-14,False
2026-09-01,5.88,229.32,2026-10-15,True
2026-10-01,11.16,557.11,2026-11-14,True
2026-11-01,23.08,1440.19,2026-12-15,True
2026-12-01,16.92,1055.81,2027-01-14,True
2027-01-01,3.84,149.76,2027-02-14,True
2027-02-01,13.42,669.92,2027-03-17,True
2027-03-01,13.31,664.44,2027-04-14,True
2027-04-01,23.93,1493.23,2027-05-15,False
2027-05-01,20.69,1291.06,2027-06-14,True
2027-06-01,36.29,2264.5,2027-07-15,True
2027-07-01,18.08,1128.19,2027-08-14,True
2027-08-01,64.65,4034.16,2027-09-14,True
2027-09-01,14.21,709.37,2027-10-15,True
2027-10-01,24.51,1529.42,2027-11-14,True
2027-11-01,8.15,406.85,2027-12-15,True
2024-09-01,21.23,1324.75,2024-10-15,True
2024-10-01,19.79,1234.9,2024-11-14,True
2024-11-01,20.37,1271.09,2024-12-15,True
2024-12-01,16.77,1046.45,2025-01-14,True
2025-01-01,13.95,696.38,2025-02-14,True
2025-02-01,15.26,952.22,2025-03-17,True
2025-03-01,21.74,1356.58,2025-04-14,True
2025-04-01,23.88,1490.11,2025-05-15,True
2025-05-01,20.67,1740.17,2025-06-14,False
2025-06-01,15.08,940.99,2025-07-15,True
2025-07-01,33.58,2095.39,2025-08-14,True
2025-08-01,20.83,1299.79,2025-09-14,True
2025-09-01,7.13,355.93,2025-10-15,True
2025-10-01,8.08,403.36,2025-11-14,True
2025-11-01,12.78,637.98,2025-12-15,True
2025-12-01,7.81,389.88,2026-01-14,True
2026-01-01,11.66,582.07,2026-02-14,True
2026-02-01,18.41,1148.78,2026-03-17,True
2026-03-01,12.79,638.47,2026-04-14,True
2026-04-01,12.9,689.05,2026-05-15,False
2026-05-01,9.0,469.5,2026-06-14,False
2026-06-01,25.36,1612.79,2026-07-15,False
2026-07-01,20.04,1250.5,2026-08-14,True
2026-08-01,27.16,1694.78,2026-09-14,False
2023-09-01,23.76,2774.97,2023-09-26,False
2023-10-01,17.91,1117.58,2023-10-26,True
2023-11-01,19.01,1186.22,2023-11-26,True
2023-12-01,19.09,1191.22,2023-12-26,True
2024-01-01,17.69,1103.86,2024-01-26,True
2024-02-01,6.62,330.47,2024-02-26,True
2024-03-01,9.99,857.76,2024-03-26,False
2024-04-01,19.43,1212.43,2024-04-26,True
2024-05-01,17.42,1814.4,2024-05-26,False
2024-06-01,22.9,2348.26,2024-06-26,False
2024-07-01,32.91,2053.58,2024-07-26,True
2024-08-01,28.48,2830.11,2024-08-26,False
2024-09-01,18.69,1166.26,2024-09-26,True
2024-10-01,9.36,467.26,2024-10-26,True
2024-11-01,24.38,1521.31,2024-11-26,True
2024-12-01,16.45,1026.48,2024-12-26,True
2025-01-01,12.21,609.53,2025-01-26,True
2025-02-01,7.14,356.42,2025-02-26,True
2025-03-01,13.8,688.9,2025-03-26,True
2025-04-01,11.95,596.54,2025-04-26,True
2025-05-01,21.39,1334.74,2025-05-26,True
2025-06-01,13.62,679.91,2025-06-26,True
2025-07-01,8.56,427.32,2025-07-26,True
2025-08-01,13.83,690.4,2025-08-26,True
2024-03-01,18.98,1184.35,2024-04-07,True
2024-04-01,19.48,1215.55,2024-05-08,True
2024-05-01,24.17,2502.37,2024-06-07,False
2024-06-01,17.26,1077.02,2024-07-08,True
2024-07-01,13.54,675.91,2024-08-07,True
2024-08-01,17.81,1758.7,2024-09-07,False
2024-09-01,24.81,1548.14,2024-10-08,True
2024-10-01,5.85,228.14,2024-11-07,True
2024-11-01,15.79,1483.7,2024-12-08,False
2024-12-01,7.55,376.9,2025-01-07,True
2025-01-01,15.84,988.42,2025-02-07,True
2025-02-01,14.5,723.84,2025-03-10,True
2025-03-01,17.0,1060.8,2025-04-07,True
2025-04-01,6.82,469.82,2025-05-08,False
2025-05-01,11.16,557.11,2025-06-07,True
2025-06-01,28.7,2380.38,2025-07-08,False
2025-07-01,15.64,975.94,2025-08-07,True
2025-08-01,34.1,2127.84,2025-09-07,True
2025-09-01,69.53,4338.67,2025-10-08,True
2025-10-01,19.89,1241.14,2025-11-07,True
2025-11-01,23.83,1486.99,2025-12-08,True
2025-12-01,6.54,326.47,2026-01-07,True
2026-01-01,14.89,743.3,2026-02-07,True
2026-02-01,13.18,657.95,2026-03-10,True
2023-07-01,14.2,1351.56,2023-08-15,False
2023-08-01,14.63,730.33,2023-09-15,True
2023-09-01,8.84,441.29,2023-10-16,True
2023-10-01,5.3,378.24,2023-11-15,False
2023-11-01,10.14,506.18,2023-12-16,True
2023-12-01,6.09,304.01,2024-01-15,True
2024-01-01,6.69,585.54,2024-02-15,False
2024-02-01,4.5,175.49,2024-03-17,True
2024-03-01,10.2,509.18,2024-04-15,True
2024-04-01,10.67,532.64,2024-05-16,True
2024-05-01,8.51,424.82,2024-06-15,True
2024-06-01,28.04,1749.7,2024-07-16,True
2024-07-01,13.64,680.9,2024-08-15,True
2024-08-01,29.92,2942.1,2024-09-15,False
2024-09-01,9.76,487.22,2024-10-16,True
2024-10-01,23.92,2276.23,2024-11-15,False
2024-11-01,21.05,1313.52,2024-12-16,True
2024-12-01,11.75,586.56,2025-01-15,True
2025-01-01,10.49,523.66,2025-02-15,True
2025-02-01,7.01,349.94,2025-03-18,True
2025-03-01,8.51,424.82,2025-04-15,True
2025-04-01,9.67,662.94,2025-05-16,False
2025-05-01,21.07,1314.77,2025-06-15,True
2025-06-01,13.68,682.91,2025-07-16,True
2026-06-01,26.78,1671.07,2026-06-25,True
2026-07-01,23.92,1492.61,2026-07-25,True
2026-08-01,26.84,1674.82,2026-08-25,True
2026-09-01,20.1,1254.24,2026-09-25,True
2026-10-01,25.57,1595.57,2026-10-25,True
2026-11-01,12.55,626.5,2026-11-25,True
2026-12-01,19.86,1239.26,2026-12-25,False
2027-01-01,9.81,489.72,2027-01-25,False
2027-02-01,7.93,395.87,2027-02-25,True
2027-03-01,11.94,596.04,2027-03-25,True
2027-04-01,16.87,1052.69,2027-04-25,True
2027-05-01,5.98,233.23,2027-05-25,True
2027-06-01,33.35,2081.04,2027-06-25,True
2027-07-01,11.18,558.11,2027-07-25,True
2027-08-01,15.13,944.11,2027-08-25,True
2027-09-01,23.34,1456.42,2027-09-25,False
2027-10-01,10.48,523.16,2027-10-25,True
2027-11-01,18.24,1138.18,2027-11-25,True
2027-12-01,11.18,558.11,2027-12-25,True
2028-01-01,9.79,488.71,2028-01-25,False
2028-02-01,9.63,480.73,2028-02-25,False
2028-03-01,22.73,1418.35,2028-03-25,False
2028-04-01,5.83,227.38,2028-04-25,False
2028-05-01,9.42,470.24,2028-05-25,True
2023-11-01,16.45,1026.48,2023-12-18,True
2023-12-01,5.35,208.66,2024-01-17,True
2024-01-01,9.89,493.7,2024-02-17,True
2024-02-01,8.91,444.79,2024-03-19,True
2024-03-01,18.88,1178.11,2024-04-17,True
2024-04-01,12.47,1043.21,2024-05-18,False
2024-05-01,17.72,1825.38,2024-06-17,False
2024-06-01,9.9,494.21,2024-07-18,True
2024-07-01,31.88,1989.31,2024-08-17,True
2024-08-01,20.08,1252.99,2024-09-17,True
2024-09-01,147.84,9225.22,2024-10-18,True
2024-10-01,24.81,1548.14,2024-11-17,True
2024-11-01,74.74,4663.78,2024-12-18,True
2024-12-01,19.8,1235.52,2025-01-17,True
2025-01-01,12.98,937.38,2025-02-17,False
2025-02-01,15.22,1349.41,2025-03-20,False
2025-03-01,13.69,683.4,2025-04-17,True
2025-04-01,19.58,1221.79,2025-05-18,True
2025-05-01,23.8,1485.12,2025-06-17,True
2025-06-01,18.75,1170.0,2025-07-18,True
2025-07-01,31.54,1968.1,2025-08-17,True
2025-08-01,15.34,957.22,2025-09-17,True
2025-09-01,6.39,396.86,2025-10-18,False
2025-10-01,10.08,503.2,2025-11-17,True
2024-04-01,24.01,1498.22,2024-04-27,True
2024-05-01,7.99,665.43,2024-05-27,False
2024-06-01,12.13,605.53,2024-06-27,True
2024-07-01,25.77,2601.02,2024-07-27,False
2024-08-01,24.02,1498.85,2024-08-27,True
2024-09-01,9.87,492.71,2024-09-27,True
2024-10-01,7.75,596.12,2024-10-27,False
2024-11-01,12.69,633.48,2024-11-27,True
2024-12-01,10.45,521.66,2024-12-27,True
2025-01-01,14.84,740.81,2025-01-27,True
2025-02-01,20.7,1291.68,2025-02-27,True
2025-03-01,20.2,1260.48,2025-03-27,True
2025-04-01,9.23,460.76,2025-04-27,True
2025-05-01,5.61,218.78,2025-05-27,True
2025-06-01,31.34,1955.62,2025-06-27,True
2025-07-01,20.69,1291.06,2025-07-27,True
2025-08-01,8.6,429.31,2025-08-27,True
2025-09-01,6.84,341.45,2025-09-27,True
2025-10-01,15.33,956.59,2025-10-27,True
2025-11-01,9.74,486.22,2025-11-27,True
2025-12-01,10.06,595.53,2025-12-27,False
2026-01-01,6.18,308.51,2026-01-27,True
2026-02-01,12.17,607.52,2026-02-27,True
2026-03-01,12.79,709.23,2026-03-27,False
2022-12-01,13.06,651.96,2022-12-28,True
2023-01-01,12.92,1336.68,2023-01-28,False
2023-02-01,16.52,1030.85,2023-02-28,True
2023-03-01,24.94,1556.26,2023-03-28,True
2023-04-01,88.7,5534.88,2023-04-28,True
2023-05-01,21.43,1337.23,2023-05-28,True
2023-06-01,30.52,1904.45,2023-06-28,True
2023-07-01,7.71,739.63,2023-07-28,False
2023-08-01,11.26,562.1,2023-08-28,True
2023-09-01,25.84,1612.42,2023-09-28,True
2023-10-01,11.3,564.1,2023-10-28,True
2023-11-01,19.24,2184.06,2023-11-28,False
2023-12-01,13.93,695.39,2023-12-28,True
2024-01-01,11.54,1018.68,2024-01-28,False
2024-02-01,8.09,403.85,2024-02-28,True
2024-03-01,11.73,585.56,2024-03-28,True
2024-04-01,15.15,1600.02,2024-04-28,False
2024-05-01,11.43,570.59,2024-05-28,True
2024-06-01,16.77,1046.45,2024-06-28,True
2024-07-01,34.05,2124.72,2024-07-28,True
2024-08-01,26.73,1667.95,2024-08-28,True
2024-09-01,21.14,1319.14,2024-09-28,True
2024-10-01,16.44,1025.86,2024-10-28,True
2024-11-01,24.5,1528.8,2024-11-28,True
2022-01-01,11.37,567.59,2022-01-25,True
2022-02-01,4.29,167.3,2022-02-25,True
2022-03-01,8.13,405.85,2022-03-25,True
2022-04-01,23.59,1472.02,2022-04-25,True
2022-05-01,20.57,1283.57,2022-05-25,True
2022-06-01,20.91,1304.78,2022-06-25,True
2022-07-01,8.51,424.82,2022-07-25,True
2022-08-01,28.73,1792.75,2022-08-25,True
2022-09-01,20.39,1272.34,2022-09-25,True
2022-10-01,14.09,703.37,2022-10-25,True
2022-11-01,17.05,2261.72,2022-11-25,False
2022-12-01,19.2,1198.08,2022-12-25,True
2023-01-01,12.43,620.51,2023-01-25,True
2023-02-01,13.18,657.95,2023-02-25,True
2023-03-01,23.41,1460.78,2023-03-25,True
2023-04-01,18.99,1184.98,2023-04-25,True
2023-05-01,20.5,1279.2,2023-05-25,True
2023-06-01,21.2,1322.88,2023-06-25,True
2023-07-01,27.72,1729.73,2023-07-25,True
2023-08-01,18.89,1178.74,2023-08-25,True
2023-09-01,14.02,699.88,2023-09-25,True
2023-10-01,12.73,635.48,2023-10-25,True
2023-11-01,7.31,364.92,2023-11-25,True
2023-12-01,65.16,4065.98,2023-12-25,True
2025-07-01,13.89,693.38,2025-07-31,True
2025-08-01,8.29,413.83,2025-08-31,True
2025-09-01,20.94,1306.66,2025-10-01,True
2025-10-01,17.3,1079.52,2025-10-31,True
2025-11-01,22.78,1421.47,2025-12-01,True
2025-12-01,17.33,1081.39,2025-12-31,True
2026-01-01,16.77,1046.45,2026-01-31,True
2026-02-01,9.37,467.75,2026-03-03,True
2026-03-01,20.64,1426.39,2026-03-31,False
2026-04-01,25.8,1609.92,2026-05-01,True
2026-05-01,24.2,1510.08,2026-05-31,True
2026-06-01,68.47,4272.53,2026-07-01,True
2026-07-01,15.94,994.66,2026-07-31,True
2026-08-01,19.55,1219.92,2026-08-31,True
2026-09-01,25.3,1578.72,2026-10-01,False
2026-10-01,11.42,570.08,2026-10-31,False
2026-11-01,12.35,616.51,2026-12-01,False
2026-12-01,5.11,199.3,2026-12-31,True
2027-01-01,8.79,438.79,2027-01-31,True
2027-02-01,12.85,641.47,2027-03-03,True
2027-03-01,18.68,1165.63,2027-03-31,True
2027-04-01,20.24,1262.98,2027-05-01,True
2027-05-01,6.51,324.98,2027-05-31,True
2027-06-01,24.9,1553.76,2027-07-01,True
2022-04-01,22.88,3267.08,2022-05-14,False
2022-05-01,19.28,2722.95,2022-06-13,False
2022-06-01,31.84,1986.82,2022-07-14,True
2022-07-01,34.89,2177.14,2022-08-13,True
2022-08-01,57.69,3599.86,2022-09-13,True
2022-09-01,11.78,588.06,2022-10-14,True
2022-10-01,23.47,3127.99,2022-11-13,False
2022-11-01,9.74,486.22,2022-12-14,True
2022-12-01,13.43,1397.85,2023-01-13,False
2023-01-01,4.1,329.24,2023-02-13,False
2023-02-01,4.34,344.16,2023-03-16,False
2023-03-01,19.87,1239.89,2023-04-13,True
2023-04-01,24.74,1543.78,2023-05-14,True
2023-05-01,14.75,1442.57,2023-06-13,False
2023-06-01,25.66,1601.18,2023-07-14,True
2023-07-01,17.09,1066.42,2023-08-13,True
2023-08-01,26.35,1644.24,2023-09-13,True
2023-09-01,16.27,1015.25,2023-10-14,True
2023-10-01,10.55,526.66,2023-11-13,True
2023-11-01,16.26,1014.62,2023-12-14,True
2023-12-01,10.28,913.89,2024-01-13,False
2024-01-01,4.04,157.56,2024-02-13,True
2024-02-01,14.68,732.83,2024-03-15,True
2024-03-01,9.9,494.21,2024-04-13,True
2022-08-01,23.57,1470.77,2022-09-10,True
2022-09-01,23.75,1482.0,2022-10-11,True
2022-10-01,7.43,370.91,2022-11-10,True
2022-11-01,21.96,2894.76,2022-12-11,False
2022-12-01,11.66,582.07,2023-01-10,True
2023-01-01,17.15,1070.16,2023-02-10,True
2023-02-01,10.35,516.67,2023-03-13,True
2023-03-01,5.77,225.02,2023-04-10,True
2023-04-01,10.23,1014.55,2023-05-11,False
2023-05-01,11.77,1152.6,2023-06-10,False
2023-06-01,10.09,503.69,2023-07-11,True
2023-07-01,21.08,1315.39,2023-08-10,True
2023-08-01,19.55,2299.55,2023-09-10,False
2023-09-01,9.92,495.2,2023-10-11,True
2023-10-01,25.42,1586.21,2023-11-10,True
2023-11-01,12.86,641.98,2023-12-11,True
2023-12-01,11.82,590.05,2024-01-10,True
2024-01-01,7.11,354.94,2024-02-10,True
2024-02-01,10.1,504.19,2024-03-12,True
2024-03-01,19.17,2042.53,2024-04-10,False
2024-04-01,12.62,1059.43,2024-05-11,False
2024-05-01,16.07,1002.77,2024-06-10,True
2024-06-01,17.3,1079.52,2024-07-11,True
2024-07-01,35.54,2217.7,2024-08-10,True
2025-03-01,20.77,1296.05,2025-04-12,True
2025-04-01,20.79,1297.3,2025-05-13,True
2025-05-01,34.67,2163.41,2025-06-12,True
2025-06-01,19.23,1199.95,2025-07-13,True
2025-07-01,23.48,1465.15,2025-08-12,True
2025-08-01,21.94,1369.06,2025-09-12,True
2025-09-01,22.27,1734.75,2025-10-13,False
2025-10-01,7.51,458.63,2025-11-12,False
2025-11-01,11.28,563.1,2025-12-13,True
2025-12-01,11.34,663.74,2026-01-12,False
2026-01-01,45.62,2846.69,2026-02-12,True
2026-02-01,8.99,448.78,2026-03-15,True
2026-03-01,16.53,1031.47,2026-04-12,True
2026-04-01,20.48,1277.95,2026-05-13,True
2026-05-01,13.12,654.95,2026-06-12,True
2026-06-01,23.86,1488.86,2026-07-13,True
2026-07-01,26.83,1674.19,2026-08-12,True
2026-08-01,26.4,1647.36,2026-09-12,True
2026-09-01,7.7,384.38,2026-10-13,False
2026-10-01,21.64,1350.34,2026-11-12,False
2026-11-01,23.79,1484.5,2026-12-13,True
2026-12-01,9.0,449.28,2027-01-12,True
2027-01-01,11.02,550.12,2027-02-12,True
2027-02-01,17.58,1096.99,2027-03-15,True
2023-09-01,5.97,232.82,2023-09-28,True
2023-10-01,9.91,494.71,2023-10-28,True
2023-11-01,9.63,480.73,2023-11-28,True
2023-12-01,6.23,311.0,2023-12-28,True
2024-01-01,4.72,184.08,2024-01-28,True
2024-02-01,6.86,342.46,2024-02-28,True
2024-03-01,9.64,481.22,2024-03-28,True
2024-04-01,9.71,484.73,2024-04-28,True
2024-05-01,16.62,1037.09,2024-05-28,True
2024-06-01,9.43,470.75,2024-06-28,True
2024-07-01,8.23,410.84,2024-07-28,True
2024-08-01,29.75,2953.22,2024-08-28,False
2024-09-01,14.95,746.3,2024-09-28,True
2024-10-01,20.8,1998.8,2024-10-28,False
2024-11-01,75.57,4715.57,2024-11-28,True
2024-12-01,16.2,1010.88,2024-12-28,True
2025-01-01,11.7,584.06,2025-01-28,True
2025-02-01,12.67,632.48,2025-02-28,True
2025-03-01,6.89,343.94,2025-03-28,True
2025-04-01,15.68,978.43,2025-04-28,True
2025-05-01,6.56,327.48,2025-05-28,True
2025-06-01,13.75,918.06,2025-06-28,False
2025-07-01,23.67,1477.01,2025-07-28,True
2025-08-01,27.96,1744.7,2025-08-28,True
2025-02-01,14.51,1029.17,2025-03-20,False
2025-03-01,23.42,1461.41,2025-04-17,True
2025-04-01,13.71,684.41,2025-05-18,True
2025-05-01,25.35,1581.84,2025-06-17,True
2025-06-01,35.17,2898.71,2025-07-18,False
2025-07-01,26.13,1630.51,2025-08-17,True
2025-08-01,9.51,474.74,2025-09-17,True
2025-09-01,19.69,1528.66,2025-10-18,False
2025-10-01,18.22,1386.11,2025-11-17,False
2025-11-01,57.71,3601.1,2025-12-18,True
2025-12-01,4.99,194.62,2026-01-17,True
2026-01-01,13.24,660.94,2026-02-17,True
2026-02-01,18.37,1146.29,2026-03-20,True
2026-03-01,21.24,1325.38,2026-04-17,True
2026-04-01,24.26,1513.82,2026-05-18,True
2026-05-01,17.95,1120.08,2026-06-17,True
2026-06-01,14.89,743.3,2026-07-18,True
2026-07-01,18.27,1140.05,2026-08-17,True
2026-08-01,10.35,516.67,2026-09-17,True
2026-09-01,98.27,6132.05,2026-10-18,True
2026-10-01,22.36,1395.26,2026-11-17,True
2026-11-01,66.26,4134.62,2026-12-18,True
2026-12-01,14.4,718.85,2027-01-17,False
2027-01-01,7.73,385.88,2027-02-17,True
2024-07-01,7.21,359.93,2024-07-29,True
2024-08-01,32.45,3219.56,2024-08-29,False
2024-09-01,6.68,333.47,2024-09-29,True
2024-10-01,15.9,992.16,2024-10-29,True
2024-11-01,17.51,1653.5,2024-11-29,False
2024-12-01,11.69,583.56,2024-12-29,True
2025-01-01,14.32,714.85,2025-01-29,True
2025-02-01,9.03,450.78,2025-03-01,True
2025-03-01,13.86,691.9,2025-03-29,True
2025-04-01,13.01,901.13,2025-04-29,False
2025-05-01,111.81,6976.94,2025-05-29,True
2025-06-01,15.4,960.96,2025-06-29,True
2025-07-01,24.65,1538.16,2025-07-29,True
2025-08-01,7.38,473.71,2025-08-29,False
2025-09-01,17.64,1100.74,2025-09-29,True
2025-10-01,13.42,827.35,2025-10-29,False
2025-11-01,19.87,1239.89,2025-11-29,True
2025-12-01,7.87,392.87,2025-12-29,True
2026-01-01,11.43,570.59,2026-01-29,True
2026-02-01,7.59,378.89,2026-03-01,True
2026-03-01,6.26,312.5,2026-03-29,True
2026-04-01,20.89,1303.54,2026-04-29,True
2026-05-01,9.02,450.28,2026-05-29,True
2026-06-01,10.68,550.48,2026-06-29,False
2023-12-01,15.15,945.36,2024-01-15,True
2024-01-01,11.13,555.61,2024-02-15,True
2024-02-01,12.63,1089.17,2024-03-17,False
2024-03-01,16.91,1797.32,2024-04-15,False
2024-04-01,9.51,796.38,2024-05-16,False
2024-05-01,5.11,199.3,2024-06-15,True
2024-06-01,32.77,2044.85,2024-07-16,True
2024-07-01,16.19,1010.26,2024-08-15,True
2024-08-01,30.89,1927.54,2024-09-15,True
2024-09-01,23.88,2309.67,2024-10-16,False
2024-10-01,24.65,1538.16,2024-11-15,True
2024-11-01,15.52,968.45,2024-12-16,True
2024-12-01,11.0,809.49,2025-01-15,False
2025-01-01,11.94,863.26,2025-02-15,False
2025-02-01,10.03,500.7,2025-03-18,True
2025-03-01,7.62,532.23,2025-04-15,False
2025-04-01,14.04,700.87,2025-05-16,True
2025-05-01,13.45,905.3,2025-06-15,False
2025-06-01,21.77,1358.45,2025-07-16,True
2025-07-01,33.47,2088.53,2025-08-15,True
2025-08-01,33.39,2083.54,2025-09-15,True
2025-09-01,21.12,1317.89,2025-10-16,True
2025-10-01,9.33,568.62,2025-11-15,False
2025-11-01,7.55,376.9,2025-12-16,True
2023-11-01,15.01,936.62,2023-12-02,True
2023-12-01,3.92,152.88,2024-01-01,True
2024-01-01,19.81,2181.79,2024-02-01,False
2024-02-01,14.12,704.87,2024-03-03,True
2024-03-01,18.09,1128.82,2024-04-01,True
2024-04-01,21.55,1344.72,2024-05-02,True
2024-05-01,9.42,470.24,2024-06-01,True
2024-06-01,30.29,1890.1,2024-07-02,True
2024-07-01,37.08,2313.79,2024-08-01,True
2024-08-01,16.04,1588.93,2024-09-01,False
2024-09-01,5.16,314.27,2024-10-02,False
2024-10-01,23.02,1436.45,2024-11-01,True
2024-11-01,26.11,1629.26,2024-12-02,True
2024-12-01,5.28,205.92,2025-01-01,True
2025-01-01,4.14,235.73,2025-02-01,False
2025-02-01,11.61,579.58,2025-03-04,True
2025-03-01,18.19,1601.38,2025-04-01,False
2025-04-01,19.26,1201.82,2025-05-02,True
2025-05-01,20.9,1304.16,2025-06-01,True
2025-06-01,35.45,2212.08,2025-07-02,True
2025-07-01,31.87,2603.53,2025-08-01,False
2025-08-01,16.86,1052.06,2025-09-01,True
2025-09-01,16.61,1036.46,2025-10-02,True
2025-10-01,18.32,1143.17,2025-11-01,True
2024-04-01,23.63,2480.86,2024-05-10,False
2024-05-01,5.34,345.19,2024-06-09,False
2024-06-01,19.63,1998.64,2024-07-10,False
2024-07-01,7.48,599.93,2024-08-09,False
2024-08-01,26.52,2616.04,2024-09-09,False
2024-09-01,19.43,1212.43,2024-10-10,True
2024-10-01,16.77,1601.07,2024-11-09,False
2024-11-01,15.16,945.98,2024-12-10,True
2024-12-01,19.9,1836.77,2025-01-09,False
2025-01-01,8.85,441.79,2025-02-09,True
2025-02-01,14.4,718.85,2025-03-12,True
2025-03-01,12.83,640.48,2025-04-09,True
2025-04-01,24.19,1509.46,2025-05-10,True
2025-05-01,6.83,340.96,2025-06-09,True
2025-06-01,18.87,1177.49,2025-07-10,True
2025-07-01,11.24,561.1,2025-08-09,True
2025-08-01,23.86,1488.86,2025-09-09,True
2025-09-01,25.03,1953.64,2025-10-10,False
2025-10-01,8.1,404.35,2025-11-09,True
2025-11-01,10.51,524.66,2025-12-10,True
2025-12-01,12.52,625.0,2026-01-09,True
2026-01-01,4.25,165.74,2026-02-09,True
2026-02-01,4.83,188.38,2026-03-12,True
2026-03-01,17.89,1116.34,2026-04-09,True
2024-03-01,5.26,205.14,2024-04-12,True
2024-04-01,8.95,446.78,2024-05-13,True
2024-05-01,11.13,555.61,2024-06-12,True
2024-06-01,10.85,882.41,2024-07-13,False
2024-07-01,28.42,1773.41,2024-08-12,True
2024-08-01,32.76,2044.22,2024-09-12,True
2024-09-01,16.0,1550.02,2024-10-13,False
2024-10-01,23.63,1474.51,2024-11-12,True
2024-11-01,17.62,1099.49,2024-12-13,True
2024-12-01,15.52,968.45,2025-01-12,True
2025-01-01,21.37,1333.49,2025-02-12,True
2025-02-01,3.84,149.76,2025-03-15,True
2025-03-01,20.11,1254.86,2025-04-12,True
2025-04-01,11.13,555.61,2025-05-13,True
2025-05-01,24.75,1544.4,2025-06-12,True
2025-06-01,125.46,7828.7,2025-07-13,True
2025-07-01,14.14,917.62,2025-08-12,False
2025-08-01,11.66,582.07,2025-09-12,True
2025-09-01,6.17,308.0,2025-10-13,True
2025-10-01,19.32,1205.57,2025-11-12,True
2025-11-01,13.05,780.12,2025-12-13,False
2025-12-01,12.01,599.54,2026-01-12,True
2026-01-01,13.96,696.89,2026-02-12,True
2026-02-01,18.16,1270.11,2026-03-15,False
2021-08-01,13.52,674.92,2021-08-28,True
2021-09-01,12.38,618.01,2021-09-28,True
2021-10-01,7.9,967.52,2021-10-28,False
2021-11-01,38.81,2421.74,2021-11-28,True
2021-12-01,21.16,3172.21,2021-12-28,False
2022-01-01,9.65,481.73,2022-01-28,True
2022-02-01,11.33,565.6,2022-02-28,True
2022-03-01,23.12,1442.69,2022-03-28,True
2022-04-01,20.26,2909.81,2022-04-28,False
2022-05-01,22.84,1425.22,2022-05-28,True
2022-06-01,14.81,739.32,2022-06-28,True
2022-07-01,26.04,1624.9,2022-07-28,True
2022-08-01,9.57,1051.01,2022-08-28,False
2022-09-01,7.78,844.4,2022-09-28,False
2022-10-01,5.17,201.62,2022-10-28,True
2022-11-01,19.28,1203.07,2022-11-28,True
2022-12-01,5.98,233.23,2022-12-28,True
2023-01-01,10.32,1067.69,2023-01-28,False
2023-02-01,10.02,1023.74,2023-02-28,False
2023-03-01,20.68,1290.43,2023-03-28,True
2023-04-01,13.61,1357.14,2023-04-28,False
2023-05-01,10.08,503.2,2023-05-28,True
2023-06-01,24.95,1556.88,2023-06-28,True
2023-07-01,9.31,893.11,2023-07-28,False
2022-10-01,9.68,1033.71,2022-11-09,False
2022-11-01,20.42,1274.21,2022-12-10,True
2022-12-01,23.68,1477.63,2023-01-09,True
2023-01-01,15.81,986.54,2023-02-09,True
2023-02-01,22.04,2801.03,2023-03-12,False
2023-03-01,5.38,209.82,2023-04-09,True
2023-04-01,7.37,731.22,2023-05-10,False
2023-05-01,16.92,1055.81,2023-06-09,True
2023-06-01,12.83,640.48,2023-07-10,True
2023-07-01,33.83,4035.51,2023-08-09,False
2023-08-01,33.61,2097.26,2023-09-09,True
2023-09-01,15.7,1822.2,2023-10-10,False
2023-10-01,17.14,1962.61,2023-11-09,False
2023-11-01,24.96,1557.5,2023-12-10,True
2023-12-01,18.8,2093.04,2024-01-09,False
2024-01-01,5.47,213.34,2024-02-09,True
2024-02-01,18.31,1142.54,2024-03-11,True
2024-03-01,14.96,746.81,2024-04-09,True
2024-04-01,20.76,2179.54,2024-05-10,False
2024-05-01,16.55,1711.73,2024-06-09,False
2024-06-01,18.74,1169.38,2024-07-10,True
2024-07-01,10.4,834.13,2024-08-09,False
2024-08-01,8.9,444.29,2024-09-09,True
2024-09-01,26.22,1636.13,2024-10-10,True
2024-05-01,21.14,1319.14,2024-05-24,True
2024-06-01,19.22,1199.33,2024-06-24,True
2024-07-01,16.31,1017.74,2024-07-24,True
2024-08-01,35.31,2203.34,2024-08-24,True
2024-09-01,14.6,728.83,2024-09-24,True
2024-10-01,22.44,1400.26,2024-10-24,True
2024-11-01,24.53,1530.67,2024-11-24,True
2024-12-01,7.6,379.39,2024-12-24,True
2025-01-01,4.29,167.3,2025-01-24,True
2025-02-01,5.11,199.3,2025-02-24,True
2025-03-01,14.94,745.8,2025-03-24,True
2025-04-01,11.26,562.1,2025-04-24,True
2025-05-01,5.74,223.87,2025-05-24,True
2025-06-01,15.9,1330.32,2025-06-24,False
2025-07-01,16.54,1358.07,2025-07-24,False
2025-08-01,14.53,725.34,2025-08-24,True
2025-09-01,21.7,1711.78,2025-09-24,False
2025-10-01,12.8,791.8,2025-10-24,False
2025-11-01,10.05,608.73,2025-11-24,False
2025-12-01,12.12,605.03,2025-12-24,True
2026-01-01,19.37,1405.1,2026-01-24,False
2026-02-01,5.37,209.42,2026-02-24,True
2026-03-01,7.58,378.4,2026-03-24,True
2026-04-01,8.49,460.9,2026-04-24,False
2023-02-01,12.95,646.46,2023-02-21,True
2023-03-01,74.24,9400.28,2023-03-21,False
2023-04-01,11.22,560.1,2023-04-21,True
2023-05-01,9.34,466.25,2023-05-21,True
2023-06-01,28.32,1767.17,2023-06-21,True
2023-07-01,11.92,595.04,2023-07-21,True
2023-08-01,31.91,1991.18,2023-08-21,True
2023-09-01,18.24,2135.04,2023-09-21,False
2023-10-01,14.94,745.8,2023-10-21,True
2023-11-01,24.35,1519.44,2023-11-21,True
2023-12-01,15.25,951.6,2023-12-21,True
2024-01-01,6.29,557.07,2024-01-21,False
2024-02-01,7.44,649.33,2024-02-21,False
2024-03-01,29.35,3157.71,2024-03-21,False
2024-04-01,23.41,2480.89,2024-04-21,False
2024-05-01,13.5,673.92,2024-05-21,True
2024-06-01,15.1,942.24,2024-06-21,True
2024-07-01,15.19,947.86,2024-07-21,True
2024-08-01,16.13,1006.51,2024-08-21,True
2024-09-01,11.18,558.11,2024-09-21,True
2024-10-01,18.08,1128.19,2024-10-21,True
2024-11-01,21.2,1322.88,2024-11-21,True
2024-12-01,10.71,799.3,2024-12-21,False
2025-01-01,7.02,514.85,2025-01-21,False
2024-04-01,12.39,618.5,2024-05-10,True
2024-05-01,9.86,815.85,2024-06-09,False
2024-06-01,13.84,690.89,2024-07-10,True
2024-07-01,22.4,1397.76,2024-08-09,True
2024-08-01,19.43,1212.43,2024-09-09,True
2024-09-01,16.49,1028.98,2024-10-10,True
2024-10-01,23.33,1455.79,2024-11-09,True
2024-11-01,18.91,1179.98,2024-12-10,True
2024-12-01,6.43,320.99,2025-01-09,True
2025-01-01,16.0,998.4,2025-02-09,True
2025-02-01,16.67,1040.21,2025-03-12,True
2025-03-01,13.2,658.94,2025-04-09,True
2025-04-01,6.0,234.0,2025-05-10,True
2025-05-01,23.55,1988.75,2025-06-09,False
2025-06-01,29.96,1869.5,2025-07-10,True
2025-07-01,19.57,1221.17,2025-08-09,True
2025-08-01,17.89,1425.19,2025-09-09,False
2025-09-01,18.35,1145.04,2025-10-10,True
2025-10-01,18.79,1437.29,2025-11-09,False
2025-11-01,18.91,1415.98,2025-12-10,False
2025-12-01,8.99,448.78,2026-01-09,True
2026-01-01,13.48,672.92,2026-02-09,True
2026-02-01,5.16,201.24,2026-03-12,True
2026-03-01,23.19,1447.06,2026-04-09,True
2022-05-01,6.74,336.46,2022-05-28,True
2022-06-01,176.79,24830.52,2022-06-28,False
2022-07-01,14.26,711.86,2022-07-28,True
2022-08-01,15.41,961.58,2022-08-28,True
2022-09-01,19.66,1226.78,2022-09-28,True
2022-10-01,15.89,991.54,2022-10-28,True
2022-11-01,26.01,1623.02,2022-11-28,True
2022-12-01,15.39,960.34,2022-12-28,True
2023-01-01,16.12,2084.71,2023-01-28,False
2023-02-01,4.58,365.6,2023-02-28,False
2023-03-01,14.22,709.86,2023-03-28,True
2023-04-01,18.95,1182.48,2023-04-28,True
2023-05-01,24.33,1518.19,2023-05-28,True
2023-06-01,7.95,396.86,2023-06-28,True
2023-07-01,33.16,3976.27,2023-07-28,False
2023-08-01,9.03,450.78,2023-08-28,True
2023-09-01,15.08,940.99,2023-09-28,True
2023-10-01,17.24,1075.78,2023-10-28,True
2023-11-01,8.64,431.3,2023-11-28,True
2023-12-01,4.86,189.55,2023-12-28,True
2024-01-01,14.37,717.35,2024-01-28,True
2024-02-01,19.9,1241.76,2024-02-28,True
2024-03-01,6.63,330.97,2024-03-28,True
2024-04-01,8.57,427.81,2024-04-28,True
2022-07-01,21.47,1339.73,2022-07-27,True
2022-08-01,34.69,4764.06,2022-08-27,False
2022-09-01,24.56,1532.54,2022-09-27,True
2022-10-01,24.85,1550.64,2022-10-27,True
2022-11-01,12.4,619.01,2022-11-27,True
2022-12-01,20.96,1307.9,2022-12-27,True
2023-01-01,8.49,423.82,2023-01-27,True
2023-02-01,9.11,454.78,2023-02-27,True
2023-03-01,20.32,1267.97,2023-03-27,True
2023-04-01,5.81,226.58,2023-04-27,True
2023-05-01,15.85,1951.71,2023-05-27,False
2023-06-01,32.9,3998.14,2023-06-27,False
2023-07-01,31.98,1995.55,2023-07-27,True
2023-08-01,19.9,2355.2,2023-08-27,False
2023-09-01,14.09,1315.89,2023-09-27,False
2023-10-01,22.56,1407.74,2023-10-27,True
2023-11-01,21.2,1322.88,2023-11-27,True
2023-12-01,12.63,630.49,2023-12-27,True
2024-01-01,11.81,1043.03,2024-01-27,False
2024-02-01,20.16,1257.98,2024-02-27,True
2024-03-01,13.69,683.4,2024-03-27,True
2024-04-01,9.81,829.26,2024-04-27,False
2024-05-01,16.45,1026.48,2024-05-27,True
2024-06-01,9.35,466.75,2024-06-27,True
2026-03-01,6.65,331.97,2026-04-18,True
2026-04-01,12.52,625.0,2026-05-19,True
2026-05-01,14.34,715.85,2026-06-18,True
2026-06-01,29.04,1812.1,2026-07-19,True
2026-07-01,24.69,1540.66,2026-08-18,True
2026-08-01,6.97,347.94,2026-09-18,True
2026-09-01,21.74,1356.58,2026-10-19,True
2026-10-01,20.53,1281.07,2026-11-18,True
2026-11-01,55.95,3491.28,2026-12-19,False
2026-12-01,10.53,525.66,2027-01-18,True
2027-01-01,12.33,615.52,2027-02-18,True
2027-02-01,10.06,502.2,2027-03-20,True
2027-03-01,5.07,197.74,2027-04-18,True
2027-04-01,6.72,335.46,2027-05-19,True
2027-05-01,10.78,538.14,2027-06-18,False
2027-06-01,34.63,2160.91,2027-07-19,True
2027-07-01,23.07,1439.57,2027-08-18,True
2027-08-01,25.64,1599.94,2027-09-18,True
2027-09-01,16.76,1045.82,2027-10-19,False
2027-10-01,10.0,499.2,2027-11-18,True
2027-11-01,68.3,4261.92,2027-12-19,True
2027-12-01,15.32,955.97,2028-01-18,False
2028-01-01,13.0,648.96,2028-02-18,False
2028-02-01,8.25,411.84,2028-03-20,True
2024-04-01,9.07,452.77,2024-05-12,True
2024-05-01,18.62,1161.89,2024-06-11,True
2024-06-01,24.38,2479.74,2024-07-12,False
2024-07-01,15.92,993.41,2024-08-11,True
2024-08-01,26.21,1635.5,2024-09-11,True
2024-09-01,16.51,1030.22,2024-10-12,True
2024-10-01,11.95,596.54,2024-11-11,True
2024-11-01,12.44,621.0,2024-12-12,True
2024-12-01,4.28,166.92,2025-01-11,True
2025-01-01,4.49,175.1,2025-02-11,True
2025-02-01,19.75,1232.4,2025-03-14,True
2025-03-01,12.78,637.98,2025-04-11,True
2025-04-01,21.19,1322.26,2025-05-12,True
2025-05-01,16.01,999.02,2025-06-11,True
2025-06-01,23.8,1969.02,2025-07-12,False
2025-07-01,18.95,1182.48,2025-08-11,True
2025-08-01,32.69,2039.86,2025-09-11,True
2025-09-01,7.76,483.9,2025-10-12,False
2025-10-01,10.98,548.12,2025-11-11,True
2025-11-01,17.27,1291.38,2025-12-12,False
2025-12-01,9.16,457.27,2026-01-11,True
2026-01-01,18.61,1332.55,2026-02-11,False
2026-02-01,28.16,1757.18,2026-03-14,True
2026-03-01,25.87,1614.29,2026-04-11,True
2024-06-01,29.49,1840.18,2024-07-10,True
2024-07-01,30.65,3072.85,2024-08-09,False
2024-08-01,16.88,1053.31,2024-09-09,True
2024-09-01,20.98,2035.73,2024-10-10,False
2024-10-01,19.04,1188.1,2024-11-09,True
2024-11-01,16.21,1011.5,2024-12-10,True
2024-12-01,6.33,316.0,2025-01-09,True
2025-01-01,44.64,2785.54,2025-02-09,True
2025-02-01,14.84,740.81,2025-03-12,True
2025-03-01,20.99,1309.78,2025-04-09,True
2025-04-01,17.76,1108.22,2025-05-10,True
2025-05-01,12.35,834.34,2025-06-09,False
2025-06-01,24.89,2061.79,2025-07-10,False
2025-07-01,21.62,1349.09,2025-08-09,True
2025-08-01,12.17,775.6,2025-09-09,False
2025-09-01,10.16,507.19,2025-10-10,True
2025-10-01,6.17,308.0,2025-11-09,True
2025-11-01,25.85,1613.04,2025-12-10,True
2025-12-01,4.66,213.56,2026-01-09,False
2026-01-01,14.14,705.86,2026-02-09,True
2026-02-01,6.4,319.49,2026-03-12,True
2026-03-01,11.39,568.58,2026-04-09,True
2026-04-01,13.76,686.9,2026-05-10,True
2026-05-01,6.55,326.98,2026-06-09,True
2024-05-01,18.68,1165.63,2024-06-19,True
2024-06-01,8.68,433.31,2024-07-20,True
2024-07-01,32.33,3224.46,2024-08-19,False
2024-08-01,15.11,942.86,2024-09-19,True
2024-09-01,14.85,741.31,2024-10-20,True
2024-10-01,9.94,496.2,2024-11-19,True
2024-11-01,5.45,317.92,2024-12-20,False
2024-12-01,10.52,772.42,2025-01-19,False
2025-01-01,15.44,963.46,2025-02-19,True
2025-02-01,12.74,903.62,2025-03-20,False
2025-03-01,19.33,1683.64,2025-04-19,False
2025-04-01,16.66,1039.58,2025-05-20,True
2025-05-01,54.13,3377.71,2025-06-19,True
2025-06-01,13.54,675.91,2025-07-20,True
2025-07-01,19.0,1185.6,2025-08-19,True
2025-08-01,22.65,1413.36,2025-09-19,True
2025-09-01,12.45,621.5,2025-10-20,True
2025-10-01,7.28,363.42,2025-11-19,True
2025-11-01,17.78,1322.12,2025-12-20,False
2025-12-01,6.2,309.5,2026-01-19,True
2026-01-01,16.64,1184.57,2026-02-19,False
2026-02-01,8.7,434.3,2026-03-20,True
2026-03-01,11.38,568.09,2026-04-19,True
2026-04-01,19.01,1264.31,2026-05-20,False
2024-12-01,12.17,607.52,2024-12-28,True
2025-01-01,27.04,2469.08,2025-01-28,False
2025-02-01,63.13,3939.31,2025-02-28,True
2025-03-01,16.1,1004.64,2025-03-28,True
2025-04-01,18.02,1561.11,2025-04-28,False
2025-05-01,18.12,1130.69,2025-05-28,True
2025-06-01,33.95,2118.48,2025-06-28,True
2025-07-01,31.24,1949.38,2025-07-28,True
2025-08-01,27.21,1697.9,2025-08-28,True
2025-09-01,5.97,232.82,2025-09-28,True
2025-10-01,6.81,420.13,2025-10-28,False
2025-11-01,24.52,1530.05,2025-11-28,True
2025-12-01,10.17,507.68,2025-12-28,True
2026-01-01,14.72,734.82,2026-01-28,True
2026-02-01,17.59,1097.62,2026-02-28,True
2026-03-01,12.16,673.8,2026-03-28,False
2026-04-01,27.81,1735.34,2026-04-28,True
2026-05-01,55.51,3463.82,2026-05-28,True
2026-06-01,9.07,452.77,2026-06-28,True
2026-07-01,23.6,1472.64,2026-07-28,True
2026-08-01,18.13,1131.31,2026-08-28,True
2026-09-01,25.16,1569.98,2026-09-28,True
2026-10-01,13.64,680.9,2026-10-28,True
2026-11-01,26.18,1633.63,2026-11-28,False
2025-09-01,8.31,414.84,2025-09-26,True
2025-10-01,8.75,436.8,2025-10-26,True
2025-11-01,22.79,1422.1,2025-11-26,True
2025-12-01,9.59,478.73,2025-12-26,True
2026-01-01,15.86,989.66,2026-01-26,True
2026-02-01,17.22,1074.53,2026-02-26,True
2026-03-01,9.82,544.95,2026-03-26,False
2026-04-01,10.19,508.68,2026-04-26,True
2026-05-01,23.4,1460.16,2026-05-26,True
2026-06-01,74.0,4617.6,2026-06-26,True
2026-07-01,25.72,1604.93,2026-07-26,True
2026-08-01,16.88,1053.31,2026-08-26,False
2026-09-01,19.5,1216.8,2026-09-26,True
2026-10-01,13.79,688.39,2026-10-26,True
2026-11-01,9.47,472.74,2026-11-26,True
2026-12-01,10.03,500.7,2026-12-26,True
2027-01-01,74.81,4668.14,2027-01-26,False
2027-02-01,15.07,940.37,2027-02-26,True
2027-03-01,15.85,989.04,2027-03-26,True
2027-04-01,19.11,1192.46,2027-04-26,True
2027-05-01,20.75,1294.8,2027-05-26,True
2027-06-01,35.07,2188.37,2027-06-26,False
2027-07-01,34.23,2135.95,2027-07-26,False
2027-08-01,32.39,2021.14,2027-08-26,False
2025-08-01,67.6,4218.24,2025-08-28,True
2025-09-01,22.11,1379.66,2025-09-28,True
2025-10-01,19.56,1220.54,2025-10-28,True
2025-11-01,13.65,681.41,2025-11-28,True
2025-12-01,11.53,682.06,2025-12-28,False
2026-01-01,20.69,1496.55,2026-01-28,False
2026-02-01,5.9,230.11,2026-02-28,True
2026-03-01,5.28,205.92,2026-03-28,True
2026-04-01,8.3,414.34,2026-04-28,True
2026-05-01,12.12,640.83,2026-05-28,False
2026-06-01,26.75,1669.2,2026-06-28,True
2026-07-01,34.48,2169.48,2026-07-28,False
2026-08-01,17.53,1093.87,2026-08-28,False
2026-09-01,8.98,448.28,2026-09-28,True
2026-10-01,15.96,995.9,2026-10-28,True
2026-11-01,26.85,1675.44,2026-11-28,True
2026-12-01,21.64,1350.34,2026-12-28,True
2027-01-01,20.61,1286.06,2027-01-28,True
2027-02-01,6.97,347.94,2027-02-28,True
2027-03-01,15.14,944.74,2027-03-28,False
2027-04-01,14.04,700.87,2027-04-28,True
2027-05-01,26.49,1652.98,2027-05-28,True
2027-06-01,18.92,1180.61,2027-06-28,True
2027-07-01,29.97,1870.13,2027-07-28,True
2025-05-01,21.38,1334.11,2025-06-10,True
2025-06-01,14.19,708.36,2025-07-11,True
2025-07-01,25.87,1614.29,2025-08-10,True
2025-08-01,19.69,1228.66,2025-09-10,True
2025-09-01,8.48,423.32,2025-10-11,True
2025-10-01,20.42,1274.21,2025-11-10,True
2025-11-01,23.84,1487.62,2025-12-11,True
2025-12-01,7.0,349.44,2026-01-10,True
2026-01-01,18.62,1161.89,2026-02-10,True
2026-02-01,17.03,1192.85,2026-03-13,False
2026-03-01,17.85,1224.3,2026-04-10,False
2026-04-01,24.21,1510.7,2026-05-11,True
2026-05-01,23.42,1461.41,2026-06-10,True
2026-06-01,16.05,1001.52,2026-07-11,True
2026-07-01,15.71,980.3,2026-08-10,True
2026-08-01,30.89,1927.54,2026-09-10,False
2026-09-01,7.95,396.86,2026-10-11,False
2026-10-01,12.25,611.52,2026-11-10,True
2026-11-01,12.89,643.46,2026-12-11,True
2026-12-01,4.46,173.94,2027-01-10,False
2027-01-01,16.66,1039.58,2027-02-10,True
2027-02-01,15.84,988.42,2027-03-13,True
2027-03-01,17.95,1120.08,2027-04-10,False
2027-04-01,21.21,1323.5,2027-05-11,False
2022-04-01,24.3,1516.32,2022-05-19,True
2022-05-01,5.63,219.58,2022-06-18,True
2022-06-01,34.68,2164.03,2022-07-19,True
2022-07-01,13.01,649.46,2022-08-18,True
2022-08-01,26.61,1660.46,2022-09-18,True
2022-09-01,14.58,727.84,2022-10-19,True
2022-10-01,8.49,423.82,2022-11-18,True
2022-11-01,18.35,1145.04,2022-12-19,True
2022-12-01,7.55,376.9,2023-01-18,True
2023-01-01,13.47,672.42,2023-02-18,True
2023-02-01,12.05,601.54,2023-03-20,True
2023-03-01,6.95,695.9,2023-04-18,False
2023-04-01,10.28,513.18,2023-05-19,True
2023-05-01,6.61,329.98,2023-06-18,True
2023-06-01,103.81,12496.64,2023-07-19,False
2023-07-01,21.47,2551.07,2023-08-18,False
2023-08-01,28.15,1756.56,2023-09-18,True
2023-09-01,8.96,828.6,2023-10-19,False
2023-10-01,21.58,2460.89,2023-11-18,False
2023-11-01,5.06,197.35,2023-12-19,True
2023-12-01,8.47,751.21,2024-01-18,False
2024-01-01,7.07,617.92,2024-02-18,False
2024-02-01,20.2,1260.48,2024-03-20,True
2024-03-01,10.28,872.83,2024-04-18,False
2026-02-01,4.6,179.4,2026-03-16,True
2026-03-01,14.91,744.31,2026-04-13,True
2026-04-01,9.72,485.22,2026-05-14,True
2026-05-01,24.14,1575.38,2026-06-13,False
2026-06-01,6.77,337.96,2026-07-14,True
2026-07-01,18.27,1140.05,2026-08-13,True
2026-08-01,21.87,1364.69,2026-09-13,False
2026-09-01,14.53,725.34,2026-10-14,True
2026-10-01,20.18,1259.23,2026-11-13,True
2026-11-01,12.39,618.5,2026-12-14,True
2026-12-01,15.12,943.49,2027-01-13,True
2027-01-01,13.5,673.92,2027-02-13,True
2027-02-01,5.31,207.1,2027-03-16,True
2027-03-01,20.0,1248.0,2027-04-13,False
2027-04-01,8.19,408.84,2027-05-14,True
2027-05-01,25.45,1588.08,2027-06-13,True
2027-06-01,10.59,528.65,2027-07-14,True
2027-07-01,24.76,1545.02,2027-08-13,True
2027-08-01,12.17,607.52,2027-09-13,True
2027-09-01,21.2,1322.88,2027-10-14,True
2027-10-01,11.39,568.58,2027-11-13,True
2027-11-01,14.19,708.36,2027-12-14,False
2027-12-01,14.15,706.37,2028-01-13,True
2028-01-01,10.37,517.67,2028-02-13,True
2026-06-01,30.7,1915.68,2026-07-05,True
2026-07-01,78.45,4895.28,2026-08-04,True
2026-08-01,7.1,354.43,2026-09-04,True
2026-09-01,5.99,233.62,2026-10-05,True
2026-10-01,67.23,4195.15,2026-11-04,False
2026-11-01,11.48,573.08,2026-12-05,True
2026-12-01,4.25,165.74,2027-01-04,True
2027-01-01,11.24,561.1,2027-02-04,False
2027-02-01,11.12,555.11,2027-03-07,False
2027-03-01,16.63,1037.71,2027-04-04,True
2027-04-01,5.49,214.1,2027-05-05,True
2027-05-01,24.56,1532.54,2027-06-04,True
2027-06-01,25.4,1584.96,2027-07-05,True
2027-07-01,12.45,621.5,2027-08-04,True
2027-08-01,15.67,977.81,2027-09-04,True
2027-09-01,8.66,432.31,2027-10-05,True
2027-10-01,23.68,1477.63,2027-11-04,False
2027-11-01,9.03,450.78,2027-12-05,False
2027-12-01,8.53,425.82,2028-01-04,False
2028-01-01,5.16,201.24,2028-02-04,False
2028-02-01,11.67,582.56,2028-03-06,True
2028-03-01,20.95,1307.28,2028-04-04,False
2028-04-01,5.73,223.46,2028-05-05,True
2028-05-01,11.29,563.59,2028-06-04,True
2025-03-01,13.4,668.93,2025-04-02,True
2025-04-01,16.35,1020.24,2025-05-03,True
2025-05-01,10.34,516.17,2025-06-02,True
2025-06-01,152.57,9520.37,2025-07-03,True
2025-07-01,19.12,1193.09,2025-08-02,True
2025-08-01,22.91,1429.58,2025-09-02,True
2025-09-01,7.59,378.89,2025-10-03,True
2025-10-01,24.52,1530.05,2025-11-02,True
2025-11-01,7.94,396.36,2025-12-03,True
2025-12-01,10.39,518.66,2026-01-02,True
2026-01-01,16.95,1057.68,2026-02-02,True
2026-02-01,16.01,1128.06,2026-03-05,False
2026-03-01,12.19,608.52,2026-04-02,True
2026-04-01,15.53,1046.6,2026-05-03,False
2026-05-01,6.98,367.6,2026-06-02,False
2026-06-01,96.63,6029.71,2026-07-03,True
2026-07-01,16.55,1037.02,2026-08-02,False
2026-08-01,31.42,1960.61,2026-09-02,True
2026-09-01,36.68,2288.83,2026-10-03,True
2026-10-01,22.92,1430.21,2026-11-02,False
2026-11-01,15.61,974.06,2026-12-03,False
2026-12-01,5.53,215.66,2027-01-02,True
2027-01-01,6.04,301.51,2027-02-02,False
2027-02-01,10.12,505.19,2027-03-05,True
2026-04-01,22.83,1518.38,2026-05-20,False
2026-05-01,17.88,1115.71,2026-06-19,True
2026-06-01,27.75,1731.6,2026-07-20,True
2026-07-01,25.3,1578.72,2026-08-19,False
2026-08-01,21.14,1319.14,2026-09-19,False
2026-09-01,7.24,361.42,2026-10-20,True
2026-10-01,17.87,1115.09,2026-11-19,True
2026-11-01,23.08,1440.19,2026-12-20,True
2026-12-01,15.65,976.56,2027-01-19,True
2027-01-01,20.92,1305.41,2027-02-19,False
2027-02-01,7.56,377.4,2027-03-20,True
2027-03-01,16.26,1014.62,2027-04-19,True
2027-04-01,22.16,1382.78,2027-05-20,True
2027-05-01,25.09,1565.62,2027-06-19,True
2027-06-01,19.34,1206.82,2027-07-20,False
2027-07-01,31.18,1945.63,2027-08-19,False
2027-08-01,21.65,1350.96,2027-09-19,True
2027-09-01,24.01,1498.22,2027-10-20,False
2027-10-01,14.76,736.82,2027-11-19,True
2027-11-01,17.34,1082.02,2027-12-20,False
2027-12-01,16.91,1055.18,2028-01-19,True
2028-01-01,9.42,470.24,2028-02-19,True
2028-02-01,8.65,431.81,2028-03-20,True
2028-03-01,21.04,1312.9,2028-04-19,True
2022-07-01,12.0,599.04,2022-08-10,True
2022-08-01,28.65,1787.76,2022-09-10,True
2022-09-01,11.15,1204.13,2022-10-11,False
2022-10-01,17.23,1075.15,2022-11-10,True
2022-11-01,20.77,1296.05,2022-12-11,True
2022-12-01,14.49,723.34,2023-01-10,True
2023-01-01,13.64,680.9,2023-02-10,True
2023-02-01,18.87,2397.17,2023-03-13,False
2023-03-01,18.27,1140.05,2023-04-10,True
2023-04-01,13.24,660.94,2023-05-11,True
2023-05-01,21.9,1366.56,2023-06-10,True
2023-06-01,21.28,2570.54,2023-07-11,False
2023-07-01,18.32,1143.17,2023-08-10,True
2023-08-01,13.03,650.46,2023-09-10,True
2023-09-01,23.0,1435.2,2023-10-11,True
2023-10-01,14.56,726.84,2023-11-10,True
2023-11-01,22.24,2509.57,2023-12-11,False
2023-12-01,18.92,1180.61,2024-01-10,True
2024-01-01,7.99,398.86,2024-02-10,True
2024-02-01,11.97,1034.74,2024-03-12,False
2024-03-01,7.96,678.51,2024-04-10,False
2024-04-01,14.91,744.31,2024-05-11,True
2024-05-01,9.11,454.78,2024-06-10,True
2024-06-01,11.14,556.1,2024-07-11,True
2026-02-01,6.27,350.3,2026-03-17,False
2026-03-01,8.33,415.84,2026-04-14,True
2026-04-01,11.01,549.62,2026-05-15,True
2026-05-01,19.96,1301.55,2026-06-14,False
2026-06-01,15.35,976.2,2026-07-15,False
2026-07-01,25.5,1591.2,2026-08-14,True
2026-08-01,14.32,714.85,2026-09-14,True
2026-09-01,14.04,700.87,2026-10-15,True
2026-10-01,17.65,1101.36,2026-11-14,False
2026-11-01,12.1,604.03,2026-12-15,True
2026-12-01,16.98,1059.55,2027-01-14,True
2027-01-01,5.46,212.94,2027-02-14,True
2027-02-01,18.44,1150.66,2027-03-17,True
2027-03-01,12.1,604.03,2027-04-14,False
2027-04-01,13.67,682.4,2027-05-15,True
2027-05-01,17.72,1105.73,2027-06-14,True
2027-06-01,32.44,2024.26,2027-07-15,True
2027-07-01,26.24,1637.38,2027-08-14,True
2027-08-01,8.5,424.32,2027-09-14,True
2027-09-01,8.73,435.8,2027-10-15,True
2027-10-01,15.59,972.82,2027-11-14,False
2027-11-01,5.57,217.22,2027-12-15,True
2027-12-01,12.44,621.0,2028-01-14,True
2028-01-01,18.38,1146.91,2028-02-14,True
2023-12-01,11.8,589.06,2023-12-29,True
2024-01-01,31.86,1988.06,2024-01-29,True
2024-02-01,16.72,1043.33,2024-02-29,True
2024-03-01,23.05,1438.32,2024-03-29,True
2024-04-01,15.92,993.41,2024-04-29,True
2024-05-01,18.67,1165.01,2024-05-29,True
2024-06-01,17.3,1771.31,2024-06-29,False
2024-07-01,27.24,1699.78,2024-07-29,True
2024-08-01,30.97,1932.53,2024-08-29,True
2024-09-01,24.29,1515.7,2024-09-29,True
2024-10-01,5.84,227.76,2024-10-29,True
2024-11-01,6.35,316.99,2024-11-29,True
2024-12-01,14.46,721.85,2024-12-29,True
2025-01-01,13.45,671.42,2025-01-29,True
2025-02-01,12.59,902.93,2025-03-01,False
2025-03-01,11.42,570.08,2025-03-29,True
2025-04-01,9.85,491.71,2025-04-29,True
2025-05-01,17.55,1095.12,2025-05-29,True
2025-06-01,36.01,2247.02,2025-06-29,True
2025-07-01,28.67,1789.01,2025-07-29,True
2025-08-01,14.69,733.32,2025-08-29,True
2025-09-01,21.24,1669.98,2025-09-29,False
2025-10-01,17.55,1095.12,2025-10-29,True
2025-11-01,70.09,4373.62,2025-11-29,True
2021-10-01,6.54,801.21,2021-10-27,False
2021-11-01,24.21,3668.48,2021-11-27,False
2021-12-01,5.9,230.11,2021-12-27,True
2022-01-01,14.71,734.33,2022-01-27,True
2022-02-01,9.32,465.25,2022-02-27,True
2022-03-01,20.3,2949.35,2022-03-27,False
2022-04-01,8.6,988.49,2022-04-27,False
2022-05-01,12.65,631.49,2022-05-27,True
2022-06-01,23.18,3256.88,2022-06-27,False
2022-07-01,38.58,2407.39,2022-07-27,True
2022-08-01,35.95,2243.28,2022-08-27,True
2022-09-01,10.74,536.14,2022-09-27,True
2022-10-01,16.1,1004.64,2022-10-27,True
2022-11-01,14.11,704.38,2022-11-27,True
2022-12-01,18.47,1152.53,2022-12-27,True
2023-01-01,20.23,1262.35,2023-01-27,True
2023-02-01,14.2,708.86,2023-02-27,True
2023-03-01,11.9,1202.46,2023-03-27,False
2023-04-01,16.87,2103.63,2023-04-27,False
2023-05-01,49.48,3087.55,2023-05-27,True
2023-06-01,28.06,1750.94,2023-06-27,True
2023-07-01,20.95,2513.25,2023-07-27,False
2023-08-01,32.99,2058.58,2023-08-27,True
2023-09-01,15.91,1857.33,2023-09-27,False
2024-04-01,11.24,561.1,2024-05-18,True
2024-05-01,17.43,1087.63,2024-06-17,True
2024-06-01,34.45,2149.68,2024-07-18,True
2024-07-01,25.27,1576.85,2024-08-17,True
2024-08-01,7.77,387.88,2024-09-17,True
2024-09-01,6.67,515.53,2024-10-18,False
2024-10-01,12.39,942.18,2024-11-17,False
2024-11-01,16.37,1021.49,2024-12-18,True
2024-12-01,18.04,1125.7,2025-01-17,True
2025-01-01,22.34,2016.68,2025-02-17,False
2025-02-01,8.81,439.8,2025-03-20,True
2025-03-01,16.78,1047.07,2025-04-17,True
2025-04-01,22.23,1387.15,2025-05-18,True
2025-05-01,18.43,1150.03,2025-06-17,True
2025-06-01,24.79,2043.2,2025-07-18,False
2025-07-01,7.9,511.04,2025-08-17,False
2025-08-01,26.08,2066.79,2025-09-17,False
2025-09-01,14.68,732.83,2025-10-18,True
2025-10-01,15.2,948.48,2025-11-17,True
2025-11-01,19.13,1193.71,2025-12-18,True
2025-12-01,8.74,436.3,2026-01-17,True
2026-01-01,6.29,313.99,2026-02-17,True
2026-02-01,8.1,404.35,2026-03-20,True
2026-03-01,25.4,1584.96,2026-04-17,True
2024-10-01,13.68,682.91,2024-10-30,True
2024-11-01,13.91,694.39,2024-11-30,True
2024-12-01,4.49,175.1,2024-12-30,True
2025-01-01,16.69,1522.27,2025-01-30,False
2025-02-01,17.03,1062.67,2025-03-02,True
2025-03-01,5.43,211.78,2025-03-30,True
2025-04-01,8.37,417.83,2025-04-30,True
2025-05-01,8.8,439.3,2025-05-30,True
2025-06-01,28.32,1767.17,2025-06-30,True
2025-07-01,7.87,392.87,2025-07-30,True
2025-08-01,32.01,1997.42,2025-08-30,True
2025-09-01,16.9,1054.56,2025-09-30,True
2025-10-01,19.79,1234.9,2025-10-30,True
2025-11-01,19.23,1199.95,2025-11-30,True
2025-12-01,14.36,716.86,2025-12-30,True
2026-01-01,9.69,483.72,2026-01-30,True
2026-02-01,6.68,333.47,2026-03-02,True
2026-03-01,20.04,1250.5,2026-03-30,True
2026-04-01,5.89,248.65,2026-04-30,False
2026-05-01,12.68,632.99,2026-05-30,True
2026-06-01,8.9,458.36,2026-06-30,False
2026-07-01,19.36,1208.06,2026-07-30,True
2026-08-01,15.44,963.46,2026-08-30,False
2026-09-01,21.98,1371.55,2026-09-30,True
2023-01-01,10.52,525.16,2023-02-16,True
2023-02-01,13.31,664.44,2023-03-19,True
2023-03-01,18.64,2335.0,2023-04-16,False
2023-04-01,21.71,1354.7,2023-05-17,True
2023-05-01,7.24,361.42,2023-06-16,True
2023-06-01,27.94,3366.33,2023-07-17,False
2023-07-01,24.53,2917.2,2023-08-16,False
2023-08-01,15.5,967.2,2023-09-16,True
2023-09-01,6.74,336.46,2023-10-17,True
2023-10-01,14.7,733.82,2023-11-16,True
2023-11-01,18.78,1171.87,2023-12-17,True
2023-12-01,4.56,177.84,2024-01-16,True
2024-01-01,6.9,344.45,2024-02-16,True
2024-02-01,10.15,506.69,2024-03-18,True
2024-03-01,7.8,389.38,2024-04-16,True
2024-04-01,26.36,1644.86,2024-05-17,True
2024-05-01,22.68,1415.23,2024-06-16,True
2024-06-01,15.04,938.5,2024-07-17,True
2024-07-01,25.8,1609.92,2024-08-16,True
2024-08-01,26.16,2571.0,2024-09-16,False
2024-09-01,12.58,972.88,2024-10-17,False
2024-10-01,17.55,1095.12,2024-11-16,True
2024-11-01,19.07,1189.97,2024-12-17,True
2024-12-01,19.14,1759.66,2025-01-16,False
2024-09-01,8.52,425.32,2024-10-13,True
2024-10-01,8.44,421.32,2024-11-12,True
2024-11-01,17.71,1659.49,2024-12-13,False
2024-12-01,9.42,470.24,2025-01-12,True
2025-01-01,14.41,1043.66,2025-02-12,False
2025-02-01,18.97,1183.73,2025-03-15,True
2025-03-01,18.83,1174.99,2025-04-12,True
2025-04-01,21.52,1342.85,2025-05-13,True
2025-05-01,17.71,1492.81,2025-06-12,False
2025-06-01,17.68,1461.78,2025-07-13,False
2025-07-01,37.64,2348.74,2025-08-12,True
2025-08-01,21.95,1369.68,2025-09-12,True
2025-09-01,20.41,1589.85,2025-10-13,False
2025-10-01,6.42,320.48,2025-11-12,True
2025-11-01,5.89,229.7,2025-12-13,True
2025-12-01,15.33,956.59,2026-01-12,True
2026-01-01,19.34,1206.82,2026-02-12,True
2026-02-01,12.5,699.4,2026-03-15,False
2026-03-01,25.58,1596.19,2026-04-12,True
2026-04-01,11.52,575.08,2026-05-13,True
2026-05-01,24.12,1575.33,2026-06-12,False
2026-06-01,12.64,630.98,2026-07-13,True
2026-07-01,31.54,1968.1,2026-08-12,True
2026-08-01,39.59,2470.42,2026-09-12,True
2025-08-01,7.08,353.44,2025-09-08,True
2025-09-01,8.8,549.86,2025-10-09,False
2025-10-01,6.62,405.38,2025-11-08,False
2025-11-01,12.38,618.01,2025-12-09,True
2025-12-01,6.27,313.0,2026-01-08,True
2026-01-01,13.34,665.93,2026-02-08,True
2026-02-01,8.31,414.84,2026-03-11,True
2026-03-01,14.3,713.86,2026-04-08,True
2026-04-01,12.61,676.71,2026-05-09,False
2026-05-01,20.16,1257.98,2026-06-08,True
2026-06-01,36.45,2274.48,2026-07-09,True
2026-07-01,7.93,395.87,2026-08-08,True
2026-08-01,23.97,1495.73,2026-09-08,True
2026-09-01,6.73,335.96,2026-10-09,True
2026-10-01,15.23,950.35,2026-11-08,False
2026-11-01,6.51,324.98,2026-12-09,False
2026-12-01,7.48,373.4,2027-01-08,False
2027-01-01,15.98,997.15,2027-02-08,True
2027-02-01,12.97,647.46,2027-03-11,True
2027-03-01,22.51,1404.62,2027-04-08,False
2027-04-01,6.7,334.46,2027-05-09,True
2027-05-01,31.21,1947.5,2027-06-08,False
2027-06-01,13.7,683.9,2027-07-09,True
2027-07-01,32.94,2055.46,2027-08-08,True
2022-12-01,17.42,1087.01,2023-01-14,True
2023-01-01,9.07,931.95,2023-02-14,False
2023-02-01,11.5,574.08,2023-03-17,True
2023-03-01,14.75,1479.39,2023-04-14,False
2023-04-01,16.47,1027.73,2023-05-15,True
2023-05-01,6.36,317.5,2023-06-14,True
2023-06-01,27.01,3257.07,2023-07-15,False
2023-07-01,32.4,3856.51,2023-08-14,False
2023-08-01,15.43,1811.73,2023-09-14,False
2023-09-01,15.47,1791.49,2023-10-15,False
2023-10-01,25.07,2864.1,2023-11-14,False
2023-11-01,25.23,2841.7,2023-12-15,False
2023-12-01,6.05,302.02,2024-01-14,True
2024-01-01,15.99,997.78,2024-02-14,True
2024-02-01,14.19,1224.28,2024-03-16,False
2024-03-01,21.24,2258.67,2024-04-14,False
2024-04-01,7.8,653.51,2024-05-15,False
2024-05-01,24.57,2534.84,2024-06-14,False
2024-06-01,10.8,539.14,2024-07-15,True
2024-07-01,20.7,1291.68,2024-08-14,True
2024-08-01,23.73,2334.65,2024-09-14,False
2024-09-01,14.85,741.31,2024-10-15,True
2024-10-01,26.07,1626.77,2024-11-14,True
2024-11-01,16.43,1025.23,2024-12-15,True
2025-08-01,16.5,1029.6,2025-09-06,True
2025-09-01,5.03,196.18,2025-10-07,True
2025-10-01,21.26,1629.53,2025-11-06,False
2025-11-01,22.61,1696.56,2025-12-07,False
2025-12-01,13.72,684.9,2026-01-06,True
2026-01-01,16.76,1045.82,2026-02-06,True
2026-02-01,6.53,325.98,2026-03-09,True
2026-03-01,15.85,989.04,2026-04-06,True
2026-04-01,9.91,494.71,2026-05-07,True
2026-05-01,19.51,1217.42,2026-06-06,True
2026-06-01,10.81,553.58,2026-07-07,False
2026-07-01,24.6,1535.04,2026-08-06,True
2026-08-01,32.89,2052.34,2026-09-06,True
2026-09-01,5.76,224.64,2026-10-07,False
2026-10-01,6.18,308.51,2026-11-06,True
2026-11-01,11.77,587.56,2026-12-07,True
2026-12-01,14.65,731.33,2027-01-06,False
2027-01-01,21.15,1319.76,2027-02-06,True
2027-02-01,20.47,1277.33,2027-03-09,True
2027-03-01,7.23,360.92,2027-04-06,True
2027-04-01,21.2,1322.88,2027-05-07,False
2027-05-01,14.33,715.36,2027-06-06,True
2027-06-01,32.2,2009.28,2027-07-07,True
2027-07-01,34.84,2174.02,2027-08-06,True
2024-10-01,11.98,598.04,2024-11-07,True
2024-11-01,23.31,2190.29,2024-12-08,False
2024-12-01,11.18,826.47,2025-01-07,False
2025-01-01,7.45,371.9,2025-02-07,True
2025-02-01,6.68,476.58,2025-03-10,False
2025-03-01,17.07,1065.17,2025-04-07,True
2025-04-01,5.61,218.78,2025-05-08,True
2025-05-01,10.2,509.18,2025-06-07,True
2025-06-01,24.61,1535.66,2025-07-08,True
2025-07-01,34.49,2152.18,2025-08-07,True
2025-08-01,19.76,1576.21,2025-09-07,False
2025-09-01,8.79,438.79,2025-10-08,True
2025-10-01,6.41,319.99,2025-11-07,True
2025-11-01,16.06,1002.14,2025-12-08,True
2025-12-01,19.12,1193.09,2026-01-07,True
2026-01-01,10.13,505.69,2026-02-07,True
2026-02-01,11.12,555.11,2026-03-10,True
2026-03-01,24.26,1513.82,2026-04-07,True
2026-04-01,15.07,940.37,2026-05-08,True
2026-05-01,20.97,1308.53,2026-06-07,True
2026-06-01,29.58,1845.79,2026-07-08,True
2026-07-01,11.35,566.59,2026-08-07,True
2026-08-01,21.9,1366.56,2026-09-07,True
2026-09-01,23.63,1474.51,2026-10-08,True
2021-08-01,22.45,1400.88,2021-09-17,True
2021-09-01,11.94,596.04,2021-10-18,True
2021-10-01,12.29,613.51,2021-11-17,True
2021-11-01,5.52,215.28,2021-12-18,True
2021-12-01,8.09,963.52,2022-01-17,False
2022-01-01,13.76,686.9,2022-02-17,True
2022-02-01,13.37,667.43,2022-03-20,True
2022-03-01,10.31,514.68,2022-04-17,True
2022-04-01,11.59,578.57,2022-05-18,True
2022-05-01,20.76,1295.42,2022-06-17,True
2022-06-01,27.93,1742.83,2022-07-18,True
2022-07-01,26.81,1672.94,2022-08-17,True
2022-08-01,12.65,631.49,2022-09-17,True
2022-09-01,12.18,608.03,2022-10-18,True
2022-10-01,18.5,2461.76,2022-11-17,False
2022-11-01,12.41,619.51,2022-12-18,True
2022-12-01,6.87,342.95,2023-01-17,True
2023-01-01,15.37,959.09,2023-02-17,True
2023-02-01,17.79,1110.1,2023-03-20,True
2023-03-01,5.84,457.04,2023-04-17,False
2023-04-01,10.55,1043.23,2023-05-18,False
2023-05-01,13.21,659.45,2023-06-17,True
2023-06-01,36.46,2275.1,2023-07-18,True
2023-07-01,87.2,5441.28,2023-08-17,True
2024-06-01,35.74,2230.18,2024-07-05,True
2024-07-01,33.34,3351.21,2024-08-04,False
2024-08-01,10.47,522.66,2024-09-04,True
2024-09-01,15.33,956.59,2024-10-05,True
2024-10-01,18.26,1139.42,2024-11-04,True
2024-11-01,92.29,5758.9,2024-12-05,True
2024-12-01,12.86,641.98,2025-01-04,True
2025-01-01,17.46,1587.95,2025-02-04,False
2025-02-01,8.98,641.79,2025-03-07,False
2025-03-01,22.15,1946.54,2025-04-04,False
2025-04-01,7.79,388.87,2025-05-05,True
2025-05-01,19.3,1204.32,2025-06-04,True
2025-06-01,27.69,1727.86,2025-07-05,True
2025-07-01,25.62,1598.69,2025-08-04,True
2025-08-01,12.25,611.52,2025-09-04,True
2025-09-01,6.91,344.95,2025-10-05,True
2025-10-01,8.06,402.36,2025-11-04,True
2025-11-01,21.34,1331.62,2025-12-05,True
2025-12-01,15.33,956.59,2026-01-04,True
2026-01-01,4.39,171.22,2026-02-04,True
2026-02-01,11.87,592.55,2026-03-07,True
2026-03-01,17.62,1099.49,2026-04-04,True
2026-04-01,19.93,1243.63,2026-05-05,True
2026-05-01,11.09,553.61,2026-06-04,True
2025-01-01,5.83,227.38,2025-02-01,True
2025-02-01,10.9,544.13,2025-03-04,True
2025-03-01,12.5,624.0,2025-04-01,True
2025-04-01,18.24,1138.18,2025-05-02,True
2025-05-01,9.81,489.72,2025-06-01,True
2025-06-01,17.08,1065.79,2025-07-02,True
2025-07-01,36.78,3004.63,2025-08-01,False
2025-08-01,30.79,1921.3,2025-09-01,True
2025-09-01,9.65,481.73,2025-10-02,True
2025-10-01,18.81,1446.63,2025-11-01,False
2025-11-01,13.93,695.39,2025-12-02,True
2025-12-01,4.19,163.42,2026-01-01,True
2026-01-01,6.97,347.94,2026-02-01,True
2026-02-01,8.98,448.28,2026-03-04,True
2026-03-01,14.87,742.31,2026-04-01,True
2026-04-01,23.37,1458.29,2026-05-02,True
2026-05-01,6.51,324.98,2026-06-01,True
2026-06-01,26.95,1681.68,2026-07-02,True
2026-07-01,24.3,1523.9,2026-08-01,False
2026-08-01,19.12,1193.09,2026-09-01,True
2026-09-01,5.41,210.98,2026-10-02,True
2026-10-01,18.91,1179.98,2026-11-01,True
2026-11-01,25.69,1603.06,2026-12-02,True
2026-12-01,5.21,203.18,2027-01-01,False
2026-07-01,28.72,1792.13,2026-08-11,True
2026-08-01,32.84,2049.22,2026-09-11,True
2026-09-01,9.24,461.26,2026-10-12,True
2026-10-01,5.46,212.94,2026-11-11,False
2026-11-01,13.57,677.41,2026-12-12,False
2026-12-01,10.83,540.64,2027-01-11,True
2027-01-01,17.33,1081.39,2027-02-11,True
2027-02-01,13.38,667.93,2027-03-14,False
2027-03-01,19.8,1235.52,2027-04-11,True
2027-04-01,21.39,1334.74,2027-05-12,True
2027-05-01,6.62,330.47,2027-06-11,True
2027-06-01,12.14,606.02,2027-07-12,True
2027-07-01,33.7,2102.88,2027-08-11,True
2027-08-01,34.95,2180.88,2027-09-11,True
2027-09-01,23.34,1456.42,2027-10-12,True
2027-10-01,9.57,477.73,2027-11-11,True
2027-11-01,70.7,4411.68,2027-12-12,True
2027-12-01,7.03,350.94,2028-01-11,True
2028-01-01,20.19,1259.86,2028-02-11,True
2028-02-01,11.09,553.61,2028-03-13,True
2028-03-01,13.33,665.44,2028-04-11,True
2028-04-01,16.83,1050.19,2028-05-12,True
2028-05-01,12.79,638.47,2028-06-11,False
2028-06-01,17.48,1090.75,2028-07-12,True
2026-05-01,15.42,962.21,2026-05-26,True
2026-06-01,26.1,1628.64,2026-06-26,True
2026-07-01,29.63,1848.91,2026-07-26,True
2026-08-01,20.48,1277.95,2026-08-26,False
2026-09-01,13.43,670.43,2026-09-26,True
2026-10-01,14.39,718.34,2026-10-26,True
2026-11-01,13.91,694.39,2026-11-26,False
2026-12-01,5.2,202.8,2026-12-26,True
2027-01-01,5.93,231.26,2027-01-26,True
2027-02-01,10.24,511.18,2027-02-26,True
2027-03-01,13.97,697.38,2027-03-26,True
2027-04-01,14.52,724.84,2027-04-26,True
2027-05-01,19.79,1234.9,2027-05-26,True
2027-06-01,16.78,1047.07,2027-06-26,True
2027-07-01,15.32,955.97,2027-07-26,True
2027-08-01,9.07,452.77,2027-08-26,True
2027-09-01,7.1,354.43,2027-09-26,True
2027-10-01,9.02,450.28,2027-10-26,True
2027-11-01,17.32,1080.77,2027-11-26,True
2027-12-01,15.87,990.29,2027-12-26,False
2028-01-01,9.29,463.75,2028-01-26,False
2028-02-01,6.63,330.97,2028-02-26,True
2028-03-01,13.39,668.42,2028-03-26,True
2028-04-01,26.14,1631.14,2028-04-26,True
2024-08-01,36.27,2263.25,2024-09-02,True
2024-09-01,20.8,1297.92,2024-10-03,True
2024-10-01,10.62,530.15,2024-11-02,True
2024-11-01,72.94,4551.46,2024-12-03,True
2024-12-01,3.69,143.9,2025-01-02,True
2025-01-01,11.89,593.54,2025-02-02,True
2025-02-01,18.28,1140.67,2025-03-05,True
2025-03-01,13.0,648.96,2025-04-02,True
2025-04-01,19.74,1704.99,2025-05-03,False
2025-05-01,20.8,1297.92,2025-06-02,True
2025-06-01,29.84,1862.02,2025-07-03,True
2025-07-01,23.51,1467.02,2025-08-02,True
2025-08-01,33.32,2079.17,2025-09-02,True
2025-09-01,15.38,1206.04,2025-10-03,False
2025-10-01,10.86,542.14,2025-11-02,True
2025-11-01,7.05,351.94,2025-12-03,True
2025-12-01,4.09,188.34,2026-01-02,False
2026-01-01,18.08,1128.19,2026-02-02,True
2026-02-01,17.85,1113.84,2026-03-05,True
2026-03-01,22.27,1536.72,2026-04-02,False
2026-04-01,9.32,465.25,2026-05-03,True
2026-05-01,13.59,678.41,2026-06-02,True
2026-06-01,33.48,2089.15,2026-07-03,True
2026-07-01,25.51,1591.82,2026-08-02,True
2025-08-01,13.68,682.91,2025-08-26,True
2025-09-01,17.4,1370.77,2025-09-26,False
2025-10-01,11.69,722.16,2025-10-26,False
2025-11-01,20.46,1276.7,2025-11-26,True
2025-12-01,21.19,1322.26,2025-12-26,True
2026-01-01,9.49,473.74,2026-01-26,True
2026-02-01,6.47,322.98,2026-02-26,True
2026-03-01,27.15,1883.34,2026-03-26,False
2026-04-01,18.27,1140.05,2026-04-26,True
2026-05-01,14.92,744.8,2026-05-26,True
2026-06-01,29.55,1843.92,2026-06-26,True
2026-07-01,28.55,1781.52,2026-07-26,True
2026-08-01,24.78,1546.27,2026-08-26,True
2026-09-01,23.82,1486.37,2026-09-26,True
2026-10-01,7.46,372.41,2026-10-26,True
2026-11-01,6.16,307.51,2026-11-26,True
2026-12-01,17.53,1093.87,2026-12-26,True
2027-01-01,14.44,720.84,2027-01-26,True
2027-02-01,9.37,467.75,2027-02-26,True
2027-03-01,5.76,224.64,2027-03-26,False
2027-04-01,24.77,1545.65,2027-04-26,True
2027-05-01,7.4,369.41,2027-05-26,True
2027-06-01,27.44,1712.26,2027-06-26,True
2027-07-01,29.29,1827.7,2027-07-26,True
2022-01-01,21.51,3176.59,2022-02-09,False
2022-02-01,14.18,707.87,2022-03-12,True
2022-03-01,22.4,3239.31,2022-04-09,False
2022-04-01,18.82,2691.26,2022-05-10,False
2022-05-01,17.41,1086.38,2022-06-09,True
2022-06-01,32.09,2002.42,2022-07-10,True
2022-07-01,34.62,4786.84,2022-08-09,False
2022-08-01,17.37,1083.89,2022-09-09,True
2022-09-01,18.79,1172.5,2022-10-10,True
2022-10-01,25.26,3371.8,2022-11-09,False
2022-11-01,24.37,1520.69,2022-12-10,True
2022-12-01,20.98,2733.94,2023-01-09,False
2023-01-01,11.96,597.05,2023-02-09,True
2023-02-01,5.78,225.43,2023-03-12,True
2023-03-01,13.24,1330.69,2023-04-09,False
2023-04-01,26.95,1681.68,2023-05-10,True
2023-05-01,20.54,1281.7,2023-06-09,True
2023-06-01,12.93,645.47,2023-07-10,True
2023-07-01,23.48,1465.15,2023-08-09,True
2023-08-01,29.0,1809.6,2023-09-09,True
2023-09-01,22.25,1388.4,2023-10-10,True
2023-10-01,15.81,986.54,2023-11-09,True
2023-11-01,11.4,1029.58,2023-12-10,False
2023-12-01,10.45,930.73,2024-01-09,False
2025-09-01,7.21,359.93,2025-10-18,True
2025-10-01,11.27,562.6,2025-11-17,True
2025-11-01,19.18,1428.22,2025-12-18,False
2025-12-01,11.73,684.13,2026-01-17,False
2026-01-01,13.11,654.46,2026-02-17,True
2026-02-01,10.3,514.18,2026-03-20,True
2026-03-01,8.08,441.01,2026-04-17,False
2026-04-01,22.58,1408.99,2026-05-18,True
2026-05-01,18.06,1126.94,2026-06-17,True
2026-06-01,18.75,1170.0,2026-07-18,True
2026-07-01,24.83,1549.39,2026-08-17,True
2026-08-01,6.55,326.98,2026-09-17,True
2026-09-01,18.93,1181.23,2026-10-18,True
2026-10-01,18.52,1155.65,2026-11-17,False
2026-11-01,21.71,1354.7,2026-12-18,True
2026-12-01,12.48,623.0,2027-01-17,True
2027-01-01,19.66,1226.78,2027-02-17,True
2027-02-01,17.26,1077.02,2027-03-20,True
2027-03-01,16.11,1005.26,2027-04-17,False
2027-04-01,6.24,311.5,2027-05-18,True
2027-05-01,9.94,496.2,2027-06-17,True
2027-06-01,27.81,1735.34,2027-07-18,True
2027-07-01,15.88,990.91,2027-08-17,True
2027-08-01,27.74,1730.98,2027-09-17,True
2022-12-01,17.5,2288.65,2022-12-31,False
2023-01-01,9.01,449.78,2023-01-31,True
2023-02-01,11.13,555.61,2023-03-03,True
2023-03-01,21.01,1311.02,2023-03-31,True
2023-04-01,14.46,721.85,2023-05-01,True
2023-05-01,15.73,1933.65,2023-05-31,False
2023-06-01,8.08,403.36,2023-07-01,True
2023-07-01,26.49,1652.98,2023-07-31,True
2023-08-01,12.74,635.98,2023-08-31,True
2023-09-01,5.97,232.82,2023-10-01,True
2023-10-01,19.83,1237.39,2023-10-31,True
2023-11-01,24.2,1510.08,2023-12-01,True
2023-12-01,8.08,403.36,2023-12-31,True
2024-01-01,5.09,198.5,2024-01-31,True
2024-02-01,18.3,1141.92,2024-03-02,True
2024-03-01,12.63,630.49,2024-03-31,True
2024-04-01,12.41,1046.97,2024-05-01,False
2024-05-01,13.28,662.94,2024-05-31,True
2024-06-01,17.39,1778.73,2024-07-01,False
2024-07-01,134.68,13565.51,2024-07-31,False
2024-08-01,18.87,1177.49,2024-08-31,True
2024-09-01,20.73,1293.55,2024-10-01,True
2024-10-01,8.91,444.79,2024-10-31,True
2024-11-01,9.24,461.26,2024-12-01,True
2021-08-01,25.53,1593.07,2021-09-09,True
2021-09-01,15.7,979.68,2021-10-10,True
2021-10-01,23.22,1448.93,2021-11-09,True
2021-11-01,8.54,426.31,2021-12-10,True
2021-12-01,5.26,205.14,2022-01-09,True
2022-01-01,12.31,1454.36,2022-02-09,False
2022-02-01,15.93,994.03,2022-03-12,True
2022-03-01,11.79,588.55,2022-04-09,True
2022-04-01,22.48,1402.75,2022-05-10,True
2022-05-01,10.12,505.19,2022-06-09,True
2022-06-01,11.94,1335.63,2022-07-10,False
2022-07-01,33.08,2064.19,2022-08-09,True
2022-08-01,18.4,2514.47,2022-09-09,False
2022-09-01,7.91,394.87,2022-10-10,True
2022-10-01,16.68,1040.83,2022-11-09,True
2022-11-01,14.33,715.36,2022-12-10,True
2022-12-01,13.81,689.4,2023-01-09,True
2023-01-01,14.76,736.82,2023-02-09,True
2023-02-01,14.69,733.32,2023-03-12,True
2023-03-01,18.19,1135.06,2023-04-09,True
2023-04-01,19.05,1188.72,2023-05-10,True
2023-05-01,18.15,1132.56,2023-06-09,True
2023-06-01,29.11,1816.46,2023-07-10,True
2023-07-01,26.28,1639.87,2023-08-09,True
2023-07-01,12.24,611.02,2023-07-29,True
2023-08-01,38.8,2421.12,2023-08-29,True
2023-09-01,16.25,1895.34,2023-09-29,False
2023-10-01,24.93,1555.63,2023-10-29,True
2023-11-01,18.35,2082.06,2023-11-29,False
2023-12-01,12.47,622.5,2023-12-29,True
2024-01-01,19.46,2146.28,2024-01-29,False
2024-02-01,13.29,663.43,2024-02-29,True
2024-03-01,9.41,469.75,2024-03-29,True
2024-04-01,21.64,1350.34,2024-04-29,True
2024-05-01,11.96,597.05,2024-05-29,True
2024-06-01,24.48,2506.45,2024-06-29,False
2024-07-01,18.48,1153.15,2024-07-29,True
2024-08-01,25.57,1595.57,2024-08-29,True
2024-09-01,6.01,300.02,2024-09-29,True
2024-10-01,11.09,553.61,2024-10-29,True
2024-11-01,11.34,566.09,2024-11-29,True
2024-12-01,9.89,493.7,2024-12-29,True
2025-01-01,13.99,698.38,2025-01-29,True
2025-02-01,7.38,529.28,2025-03-01,False
2025-03-01,22.29,1965.81,2025-03-29,False
2025-04-01,11.91,594.55,2025-04-29,True
2025-05-01,23.53,2000.52,2025-05-29,False
2025-06-01,26.4,1647.36,2025-06-29,True
2022-02-01,44.89,2801.14,2022-03-16,True
2022-03-01,12.77,637.48,2022-04-13,True
2022-04-01,13.06,651.96,2022-05-14,True
2022-05-01,9.15,456.77,2022-06-13,True
2022-06-01,12.3,614.02,2022-07-14,True
2022-07-01,10.22,1128.77,2022-08-13,False
2022-08-01,37.81,2359.34,2022-09-13,True
2022-09-01,13.18,657.95,2022-10-14,True
2022-10-01,12.12,1292.24,2022-11-13,False
2022-11-01,9.6,1011.18,2022-12-14,False
2022-12-01,17.74,1106.98,2023-01-13,True
2023-01-01,11.41,569.59,2023-02-13,True
2023-02-01,17.28,1078.27,2023-03-16,True
2023-03-01,7.78,388.38,2023-04-13,True
2023-04-01,15.53,969.07,2023-05-14,True
2023-05-01,5.55,424.08,2023-06-13,False
2023-06-01,28.36,3421.34,2023-07-14,False
2023-07-01,30.81,1922.54,2023-08-13,True
2023-08-01,24.75,1544.4,2023-09-13,True
2023-09-01,15.93,994.03,2023-10-14,True
2023-10-01,10.83,990.27,2023-11-13,False
2023-11-01,6.61,329.98,2023-12-14,True
2023-12-01,13.58,677.92,2024-01-13,True
2024-01-01,9.63,480.73,2024-02-13,True
2025-10-01,74.41,4643.18,2025-10-26,True
2025-11-01,14.62,729.83,2025-11-26,True
2025-12-01,11.17,661.69,2025-12-26,False
2026-01-01,19.99,1247.38,2026-01-26,True
2026-02-01,19.69,1228.66,2026-02-26,True
2026-03-01,24.04,1500.1,2026-03-26,True
2026-04-01,23.87,1489.49,2026-04-26,True
2026-05-01,17.26,1142.54,2026-05-26,False
2026-06-01,18.99,1226.45,2026-06-26,False
2026-07-01,21.32,1330.37,2026-07-26,True
2026-08-01,18.56,1158.14,2026-08-26,False
2026-09-01,20.58,1284.19,2026-09-26,False
2026-10-01,11.23,560.6,2026-10-26,True
2026-11-01,17.3,1079.52,2026-11-26,True
2026-12-01,6.58,328.48,2026-12-26,True
2027-01-01,8.37,417.83,2027-01-26,True
2027-02-01,18.41,1148.78,2027-02-26,True
2027-03-01,12.91,644.47,2027-03-26,False
2027-04-01,17.61,1098.86,2027-04-26,False
2027-05-01,20.18,1259.23,2027-05-26,True
2027-06-01,18.35,1145.04,2027-06-26,True
2027-07-01,11.62,580.07,2027-07-26,True
2027-08-01,7.74,386.38,2027-08-26,False
2027-09-01,5.26,205.14,2027-09-26,True
2025-11-01,13.31,664.44,2025-12-10,True
2025-12-01,18.88,1178.11,2026-01-09,True
2026-01-01,10.93,545.63,2026-02-09,True
2026-02-01,12.01,599.54,2026-03-12,True
2026-03-01,19.09,1310.34,2026-04-09,False
2026-04-01,9.16,491.18,2026-05-10,False
2026-05-01,21.28,1327.87,2026-06-09,True
2026-06-01,18.26,1166.01,2026-07-10,False
2026-07-01,31.43,1961.23,2026-08-09,True
2026-08-01,28.4,1772.16,2026-09-09,True
2026-09-01,6.29,313.99,2026-10-10,True
2026-10-01,11.73,585.56,2026-11-09,True
2026-11-01,13.41,669.43,2026-12-10,True
2026-12-01,15.06,939.74,2027-01-09,False
2027-01-01,7.22,360.42,2027-02-09,True
2027-02-01,14.34,715.85,2027-03-12,True
2027-03-01,21.17,1321.01,2027-04-09,True
2027-04-01,5.75,224.26,2027-05-10,True
2027-05-01,6.87,342.95,2027-06-09,True
2027-06-01,29.39,1833.94,2027-07-10,True
2027-07-01,34.09,2127.22,2027-08-09,True
2027-08-01,35.92,2241.41,2027-09-09,True
2027-09-01,18.28,1140.67,2027-10-10,True
2027-10-01,24.29,1515.7,2027-11-09,False
2022-07-01,16.2,1010.88,2022-07-27,True
2022-08-01,32.81,2047.34,2022-08-27,True
2022-09-01,23.85,3236.92,2022-09-27,False
2022-10-01,16.07,1002.77,2022-10-27,True
2022-11-01,15.11,942.86,2022-11-27,True
2022-12-01,12.55,626.5,2022-12-27,True
2023-01-01,16.28,2106.24,2023-01-27,False
2023-02-01,19.38,1209.31,2023-02-27,True
2023-03-01,138.75,8658.0,2023-03-27,True
2023-04-01,19.8,1235.52,2023-04-27,True
2023-05-01,23.84,1487.62,2023-05-27,True
2023-06-01,8.81,439.8,2023-06-27,True
2023-07-01,11.08,553.12,2023-07-27,True
2023-08-01,36.51,4321.02,2023-08-27,False
2023-09-01,19.99,1247.38,2023-09-27,True
2023-10-01,15.31,955.34,2023-10-27,True
2023-11-01,14.49,723.34,2023-11-27,True
2023-12-01,10.72,960.58,2023-12-27,False
2024-01-01,4.01,156.38,2024-01-27,True
2024-02-01,20.78,1296.67,2024-02-27,True
2024-03-01,14.57,727.33,2024-03-27,True
2024-04-01,5.57,217.22,2024-04-27,True
2024-05-01,14.04,700.87,2024-05-27,True
2024-06-01,9.03,450.78,2024-06-27,True
2025-08-01,10.52,525.16,2025-09-07,True
2025-09-01,6.03,301.02,2025-10-08,True
2025-10-01,21.16,1320.38,2025-11-07,True
2025-11-01,22.27,1389.65,2025-12-08,True
2025-12-01,12.78,637.98,2026-01-07,True
2026-01-01,9.39,468.74,2026-02-07,True
2026-02-01,16.63,1037.71,2026-03-10,True
2026-03-01,6.61,329.98,2026-04-07,True
2026-04-01,22.32,1392.77,2026-05-08,True
2026-05-01,14.27,712.36,2026-06-07,True
2026-06-01,26.58,1658.59,2026-07-08,True
2026-07-01,7.97,397.86,2026-08-07,True
2026-08-01,10.94,546.12,2026-09-07,True
2026-09-01,5.93,231.26,2026-10-08,True
2026-10-01,7.93,395.87,2026-11-07,False
2026-11-01,78.65,4907.76,2026-12-08,False
2026-12-01,17.72,1105.73,2027-01-07,True
2027-01-01,19.46,1214.3,2027-02-07,True
2027-02-01,17.18,1072.03,2027-03-10,True
2027-03-01,23.77,1483.25,2027-04-07,True
2027-04-01,14.47,722.34,2027-05-08,True
2027-05-01,22.05,1375.92,2027-06-07,True
2027-06-01,22.45,1400.88,2027-07-08,True
2027-07-01,93.89,5858.74,2027-08-07,True
2022-10-01,12.65,1358.23,2022-10-26,False
2022-11-01,12.88,1366.31,2022-11-26,False
2022-12-01,7.99,398.86,2022-12-26,True
2023-01-01,7.75,386.88,2023-01-26,True
2023-02-01,17.64,2254.68,2023-02-26,False
2023-03-01,10.58,528.16,2023-03-26,True
2023-04-01,11.65,581.57,2023-04-26,True
2023-05-01,10.85,541.63,2023-05-26,True
2023-06-01,35.73,2229.55,2023-06-26,True
2023-07-01,15.37,959.09,2023-07-26,True
2023-08-01,22.51,1404.62,2023-08-26,True
2023-09-01,18.49,1153.78,2023-09-26,True
2023-10-01,8.59,428.81,2023-10-26,True
2023-11-01,24.94,1556.26,2023-11-26,True
2023-12-01,12.75,1143.01,2023-12-26,False
2024-01-01,14.3,713.86,2024-01-26,True
2024-02-01,11.7,584.06,2024-02-26,True
2024-03-01,24.44,2623.1,2024-03-26,False
2024-04-01,14.03,700.38,2024-04-26,True
2024-05-01,12.43,620.51,2024-05-26,True
2024-06-01,16.91,1055.18,2024-06-26,True
2024-07-01,22.66,1413.98,2024-07-26,True
2024-08-01,19.04,1188.1,2024-08-26,True
2024-09-01,26.24,1637.38,2024-09-26,True
2023-04-01,13.0,648.96,2023-05-08,True
2023-05-01,21.38,1334.11,2023-06-07,True
2023-06-01,12.81,639.48,2023-07-08,True
2023-07-01,20.02,1249.25,2023-08-07,True
2023-08-01,33.18,3907.94,2023-09-07,False
2023-09-01,24.25,2817.07,2023-10-08,False
2023-10-01,84.56,9691.25,2023-11-07,False
2023-11-01,23.38,1458.91,2023-12-08,True
2023-12-01,9.13,813.93,2024-01-07,False
2024-01-01,10.65,531.65,2024-02-07,True
2024-02-01,6.6,329.47,2024-03-09,True
2024-03-01,22.93,2446.72,2024-04-07,False
2024-04-01,8.49,423.82,2024-05-08,True
2024-05-01,22.26,1389.02,2024-06-07,True
2024-06-01,29.55,1843.92,2024-07-08,True
2024-07-01,13.17,657.44,2024-08-07,True
2024-08-01,11.07,552.61,2024-09-07,True
2024-09-01,24.29,1515.7,2024-10-08,True
2024-10-01,22.42,1399.01,2024-11-07,True
2024-11-01,23.13,1443.31,2024-12-08,True
2024-12-01,5.67,221.14,2025-01-07,True
2025-01-01,13.53,675.42,2025-02-07,True
2025-02-01,9.08,453.28,2025-03-10,True
2025-03-01,19.46,1707.1,2025-04-07,False
2023-05-01,19.69,1228.66,2023-06-02,True
2023-06-01,7.94,769.93,2023-07-03,False
2023-07-01,19.76,2364.32,2023-08-02,False
2023-08-01,13.89,1311.64,2023-09-02,False
2023-09-01,19.78,2302.94,2023-10-03,False
2023-10-01,6.84,341.45,2023-11-02,True
2023-11-01,18.76,1170.62,2023-12-03,True
2023-12-01,6.45,321.98,2024-01-02,True
2024-01-01,12.67,632.48,2024-02-02,True
2024-02-01,17.73,1106.35,2024-03-04,True
2024-03-01,15.86,1696.44,2024-04-02,False
2024-04-01,24.21,1510.7,2024-05-03,True
2024-05-01,20.24,1262.98,2024-06-02,True
2024-06-01,21.28,2174.39,2024-07-03,False
2024-07-01,22.14,1381.54,2024-08-02,True
2024-08-01,14.79,1171.45,2024-09-02,False
2024-09-01,8.76,682.55,2024-10-03,False
2024-10-01,25.67,1601.81,2024-11-02,True
2024-11-01,16.07,1002.77,2024-12-03,True
2024-12-01,7.76,387.38,2025-01-02,True
2025-01-01,12.47,622.5,2025-02-02,True
2025-02-01,3.87,150.94,2025-03-05,True
2025-03-01,14.9,743.81,2025-04-02,True
2025-04-01,16.13,1006.51,2025-05-03,True
2022-11-01,20.55,1282.32,2022-12-02,True
2022-12-01,14.12,704.87,2023-01-01,True
2023-01-01,8.05,401.86,2023-02-01,True
2023-02-01,8.21,837.46,2023-03-04,False
2023-03-01,16.49,1028.98,2023-04-01,True
2023-04-01,19.37,1208.69,2023-05-02,True
2023-05-01,18.5,1154.4,2023-06-01,True
2023-06-01,30.43,1898.83,2023-07-02,True
2023-07-01,13.36,1279.41,2023-08-01,False
2023-08-01,7.51,709.5,2023-09-01,False
2023-09-01,10.42,520.16,2023-10-02,True
2023-10-01,18.47,1152.53,2023-11-01,True
2023-11-01,14.09,703.37,2023-12-02,True
2023-12-01,5.48,213.72,2024-01-01,True
2024-01-01,5.02,195.79,2024-02-01,True
2024-02-01,8.24,411.34,2024-03-03,True
2024-03-01,22.57,1408.37,2024-04-01,True
2024-04-01,43.73,2728.75,2024-05-02,True
2024-05-01,5.8,376.43,2024-06-01,False
2024-06-01,13.25,661.44,2024-07-02,True
2024-07-01,18.59,1871.5,2024-08-01,False
2024-08-01,32.23,3192.7,2024-09-01,False
2024-09-01,20.23,1262.35,2024-10-02,True
2024-10-01,24.28,1515.07,2024-11-01,True
2022-01-01,20.69,1291.06,2022-01-28,True
2022-02-01,12.02,1410.59,2022-02-28,False
2022-03-01,9.49,473.74,2022-03-28,True
2022-04-01,15.66,977.18,2022-04-28,True
2022-05-01,24.43,1524.43,2022-05-28,True
2022-06-01,9.92,495.2,2022-06-28,True
2022-07-01,23.5,1466.4,2022-07-28,True
2022-08-01,29.47,1838.93,2022-08-28,True
2022-09-01,20.53,1281.07,2022-09-28,True
2022-10-01,24.41,1523.18,2022-10-28,True
2022-11-01,21.65,1350.96,2022-11-28,True
2022-12-01,12.58,1317.75,2022-12-28,False
2023-01-01,10.55,526.66,2023-01-28,True
2023-02-01,19.89,1241.14,2023-02-28,True
2023-03-01,5.52,215.28,2023-03-28,True
2023-04-01,23.54,1468.9,2023-04-28,True
2023-05-01,15.56,970.94,2023-05-28,True
2023-06-01,12.98,647.96,2023-06-28,True
2023-07-01,11.49,573.58,2023-07-28,True
2023-08-01,31.52,3728.82,2023-08-28,False
2023-09-01,8.58,428.32,2023-09-28,True
2023-10-01,14.0,698.88,2023-10-28,True
2023-11-01,9.13,455.77,2023-11-28,True
2023-12-01,19.53,2186.5,2023-12-28,False
2021-09-01,22.54,1406.5,2021-09-25,True
2021-10-01,5.79,225.82,2021-10-25,True
2021-11-01,14.02,699.88,2021-11-25,True
2021-12-01,17.81,1111.34,2021-12-25,True
2022-01-01,13.6,678.91,2022-01-25,True
2022-02-01,13.04,650.95,2022-02-25,True
2022-03-01,24.09,1503.22,2022-03-25,True
2022-04-01,19.92,2864.1,2022-04-25,False
2022-05-01,11.71,584.57,2022-05-25,True
2022-06-01,11.51,1294.72,2022-06-25,False
2022-07-01,21.6,1347.84,2022-07-25,True
2022-08-01,26.66,1663.58,2022-08-25,True
2022-09-01,25.38,3447.21,2022-09-25,False
2022-10-01,23.14,1443.94,2022-10-25,True
2022-11-01,20.25,1263.6,2022-11-25,True
2022-12-01,17.08,1065.79,2022-12-25,True
2023-01-01,15.64,2025.08,2023-01-25,False
2023-02-01,4.84,188.76,2023-02-25,True
2023-03-01,8.64,431.3,2023-03-25,True
2023-04-01,14.34,715.85,2023-04-25,True
2023-05-01,16.14,1007.14,2023-05-25,True
2023-06-01,19.62,1224.29,2023-06-25,True
2023-07-01,23.04,1437.7,2023-07-25,True
2023-08-01,9.98,498.2,2023-08-25,True
2023-02-01,17.84,2262.62,2023-03-17,False
2023-03-01,104.59,6526.42,2023-04-14,True
2023-04-01,15.8,1955.41,2023-05-15,False
2023-05-01,14.38,1405.79,2023-06-14,False
2023-06-01,25.77,1608.05,2023-07-15,True
2023-07-01,60.67,7221.43,2023-08-14,False
2023-08-01,9.85,491.71,2023-09-14,True
2023-09-01,14.74,735.82,2023-10-15,True
2023-10-01,20.23,1262.35,2023-11-14,True
2023-11-01,18.48,1153.15,2023-12-15,True
2023-12-01,60.76,3791.42,2024-01-14,True
2024-01-01,17.28,1078.27,2024-02-14,True
2024-02-01,18.11,1130.06,2024-03-16,True
2024-03-01,14.79,1258.2,2024-04-14,False
2024-04-01,18.81,1173.74,2024-05-15,True
2024-05-01,24.15,1506.96,2024-06-14,True
2024-06-01,61.99,6295.46,2024-07-15,False
2024-07-01,33.62,2097.89,2024-08-14,True
2024-08-01,17.26,1698.1,2024-09-14,False
2024-09-01,17.91,1117.58,2024-10-15,True
2024-10-01,20.61,1286.06,2024-11-14,True
2024-11-01,9.25,692.64,2024-12-15,False
2024-12-01,17.06,1064.54,2025-01-14,True
2025-01-01,6.15,307.01,2025-02-14,True
2022-02-01,6.14,306.5,2022-02-24,True
2022-03-01,12.88,642.97,2022-03-24,True
2022-04-01,8.8,439.3,2022-04-24,True
2022-05-01,7.76,387.38,2022-05-24,True
2022-06-01,26.93,1680.43,2022-06-24,True
2022-07-01,22.29,1390.9,2022-07-24,True
2022-08-01,30.95,4255.25,2022-08-24,False
2022-09-01,17.16,1070.78,2022-09-24,True
2022-10-01,16.52,1030.85,2022-10-24,True
2022-11-01,17.02,1062.05,2022-11-24,True
2022-12-01,15.47,965.33,2022-12-24,True
2023-01-01,6.93,718.13,2023-01-24,False
2023-02-01,21.26,2719.57,2023-02-24,False
2023-03-01,21.48,1340.35,2023-03-24,True
2023-04-01,18.54,1156.9,2023-04-24,True
2023-05-01,11.34,566.09,2023-05-24,True
2023-06-01,17.02,1062.05,2023-06-24,True
2023-07-01,21.2,1322.88,2023-07-24,True
2023-08-01,33.25,2074.8,2023-08-24,True
2023-09-01,22.23,1387.15,2023-09-24,True
2023-10-01,18.26,2106.03,2023-10-24,False
2023-11-01,22.35,1394.64,2023-11-24,True
2023-12-01,15.31,955.34,2023-12-24,True
2024-01-01,15.84,988.42,2024-01-24,True
2021-11-01,23.32,1455.17,2021-11-23,True
2021-12-01,5.35,502.18,2021-12-23,False
2022-01-01,10.17,507.68,2022-01-23,True
2022-02-01,12.21,1435.44,2022-02-23,False
2022-03-01,15.64,975.94,2022-03-23,True
2022-04-01,17.63,1100.11,2022-04-23,True
2022-05-01,10.43,1187.56,2022-05-23,False
2022-06-01,25.45,1588.08,2022-06-23,True
2022-07-01,19.07,1189.97,2022-07-23,True
2022-08-01,14.15,706.37,2022-08-23,True
2022-09-01,12.77,637.48,2022-09-23,True
2022-10-01,7.5,374.4,2022-10-23,True
2022-11-01,25.22,3348.11,2022-11-23,False
2022-12-01,9.02,946.71,2022-12-23,False
2023-01-01,10.08,503.2,2023-01-23,True
2023-02-01,8.09,403.85,2023-02-23,True
2023-03-01,12.43,620.51,2023-03-23,True
2023-04-01,9.69,483.72,2023-04-23,True
2023-05-01,22.77,1420.85,2023-05-23,True
2023-06-01,23.93,1493.23,2023-06-23,True
2023-07-01,22.64,1412.74,2023-07-23,True
2023-08-01,33.83,2110.99,2023-08-23,True
2023-09-01,11.34,566.09,2023-09-23,True
2023-10-01,24.85,1550.64,2023-10-23,True
2024-04-01,24.06,1501.34,2024-04-28,True
2024-05-01,9.53,475.74,2024-05-28,True
2024-06-01,14.41,719.35,2024-06-28,True
2024-07-01,9.64,481.22,2024-07-28,True
2024-08-01,28.22,2801.35,2024-08-28,False
2024-09-01,5.66,220.75,2024-09-28,True
2024-10-01,15.1,1451.05,2024-10-28,False
2024-11-01,16.37,1546.71,2024-11-28,False
2024-12-01,12.57,627.49,2024-12-28,True
2025-01-01,12.95,646.46,2025-01-28,True
2025-02-01,70.92,4425.41,2025-02-28,True
2025-03-01,10.87,542.63,2025-03-28,True
2025-04-01,17.93,1118.83,2025-04-28,True
2025-05-01,15.28,953.47,2025-05-28,True
2025-06-01,37.63,2348.11,2025-06-28,True
2025-07-01,30.68,1914.43,2025-07-28,True
2025-08-01,12.55,626.5,2025-08-28,True
2025-09-01,22.67,1414.61,2025-09-28,True
2025-10-01,14.73,908.73,2025-10-28,False
2025-11-01,24.01,1498.22,2025-11-28,True
2025-12-01,19.54,1444.87,2025-12-28,False
2026-01-01,17.14,1069.54,2026-01-28,True
2026-02-01,11.9,673.26,2026-02-28,False
2026-03-01,10.47,522.66,2026-03-28,True
2025-04-01,23.36,2020.07,2025-05-01,False
2025-05-01,9.94,675.25,2025-05-31,False
2025-06-01,33.99,2120.98,2025-07-01,True
2025-07-01,137.05,11203.02,2025-07-31,False
2025-08-01,30.02,1873.25,2025-08-31,True
2025-09-01,22.0,1727.44,2025-10-01,False
2025-10-01,21.16,1320.38,2025-10-31,True
2025-11-01,25.02,1561.25,2025-12-01,True
2025-12-01,14.15,706.37,2025-12-31,True
2026-01-01,9.28,463.26,2026-01-31,True
2026-02-01,7.68,433.55,2026-03-03,False
2026-03-01,14.46,799.45,2026-03-31,False
2026-04-01,74.26,4633.82,2026-05-01,True
2026-05-01,9.93,495.71,2026-05-31,True
2026-06-01,8.02,400.36,2026-07-01,True
2026-07-01,21.9,1366.56,2026-07-31,True
2026-08-01,32.0,1996.8,2026-08-31,True
2026-09-01,10.74,536.14,2026-10-01,True
2026-10-01,15.26,952.22,2026-10-31,True
2026-11-01,14.9,743.81,2026-12-01,True
2026-12-01,7.33,365.92,2026-12-31,False
2027-01-01,12.55,626.5,2027-01-31,True
2027-02-01,6.89,343.94,2027-03-03,True
2027-03-01,17.85,1113.84,2027-03-31,False
2022-12-01,18.94,2481.91,2022-12-26,False
2023-01-01,14.89,743.3,2023-01-26,True
2023-02-01,9.07,452.77,2023-02-26,True
2023-03-01,5.58,217.63,2023-03-26,True
2023-04-01,18.36,2290.37,2023-04-26,False
2023-05-01,5.64,219.96,2023-05-26,True
2023-06-01,32.66,2037.98,2023-06-26,True
2023-07-01,19.17,2300.71,2023-07-26,False
2023-08-01,8.26,412.34,2023-08-26,True
2023-09-01,20.88,1302.91,2023-09-26,True
2023-10-01,6.06,302.52,2023-10-26,True
2023-11-01,22.4,1397.76,2023-11-26,True
2023-12-01,20.13,2255.76,2023-12-26,False
2024-01-01,55.43,3458.83,2024-01-26,True
2024-02-01,7.5,374.4,2024-02-26,True
2024-03-01,20.21,1261.1,2024-03-26,True
2024-04-01,13.04,650.95,2024-04-26,True
2024-05-01,6.29,313.99,2024-05-26,True
2024-06-01,27.73,1730.35,2024-06-26,True
2024-07-01,9.72,485.22,2024-07-26,True
2024-08-01,15.43,962.83,2024-08-26,True
2024-09-01,12.95,1012.79,2024-09-26,False
2024-10-01,13.67,682.4,2024-10-26,True
2024-11-01,23.17,2191.61,2024-11-26,False
2022-01-01,13.9,693.89,2022-01-29,True
2022-02-01,8.96,447.29,2022-03-01,True
2022-03-01,8.32,415.33,2022-03-29,True
2022-04-01,22.75,1419.6,2022-04-29,True
2022-05-01,7.65,381.89,2022-05-29,True
2022-06-01,20.45,1276.08,2022-06-29,True
2022-07-01,27.0,1684.8,2022-07-29,True
2022-08-01,30.97,1932.53,2022-08-29,True
2022-09-01,24.0,3254.78,2022-09-29,False
2022-10-01,22.99,1434.58,2022-10-29,True
2022-11-01,20.99,1309.78,2022-11-29,True
2022-12-01,9.39,468.74,2022-12-29,True
2023-01-01,31.14,1943.14,2023-01-29,True
2023-02-01,8.83,440.8,2023-03-01,True
2023-03-01,7.72,385.38,2023-03-29,True
2023-04-01,5.81,226.58,2023-04-29,True
2023-05-01,11.37,567.59,2023-05-29,True
2023-06-01,30.54,1905.7,2023-06-29,True
2023-07-01,20.94,1306.66,2023-07-29,True
2023-08-01,18.18,1134.43,2023-08-29,True
2023-09-01,9.94,927.48,2023-09-29,False
2023-10-01,6.29,313.99,2023-10-29,True
2023-11-01,7.47,372.9,2023-11-29,True
2023-12-01,9.15,819.14,2023-12-29,False
2022-05-01,23.46,3335.25,2022-05-26,False
2022-06-01,11.91,594.55,2022-06-26,True
2022-07-01,10.94,546.12,2022-07-26,True
2022-08-01,15.9,992.16,2022-08-26,True
2022-09-01,14.95,746.3,2022-09-26,True
2022-10-01,15.71,980.3,2022-10-26,True
2022-11-01,23.77,1483.25,2022-11-26,True
2022-12-01,17.61,1098.86,2022-12-26,True
2023-01-01,10.72,1109.97,2023-01-26,False
2023-02-01,17.99,1122.58,2023-02-26,True
2023-03-01,18.58,1159.39,2023-03-26,True
2023-04-01,21.2,1322.88,2023-04-26,True
2023-05-01,58.72,3664.13,2023-05-26,True
2023-06-01,20.09,1253.62,2023-06-26,True
2023-07-01,29.42,1835.81,2023-07-26,True
2023-08-01,12.41,619.51,2023-08-26,True
2023-09-01,8.13,405.85,2023-09-26,True
2023-10-01,23.03,1437.07,2023-10-26,True
2023-11-01,25.26,1576.22,2023-11-26,True
2023-12-01,6.23,311.0,2023-12-26,True
2024-01-01,4.6,179.4,2024-01-26,True
2024-02-01,8.77,437.8,2024-02-26,True
2024-03-01,13.26,661.94,2024-03-26,True
2024-04-01,12.46,622.01,2024-04-26,True
2026-04-01,27.16,1838.84,2026-04-27,False
2026-05-01,9.7,484.22,2026-05-27,True
2026-06-01,23.35,1457.04,2026-06-27,True
2026-07-01,17.5,1092.0,2026-07-27,True
2026-08-01,26.36,1644.86,2026-08-27,True
2026-09-01,92.92,5798.21,2026-09-27,True
2026-10-01,19.24,1200.58,2026-10-27,False
2026-11-01,7.36,367.42,2026-11-27,True
2026-12-01,13.81,689.4,2026-12-27,False
2027-01-01,15.32,955.97,2027-01-27,True
2027-02-01,9.96,497.21,2027-02-27,False
2027-03-01,25.0,1560.0,2027-03-27,True
2027-04-01,6.7,334.46,2027-04-27,True
2027-05-01,18.08,1128.19,2027-05-27,True
2027-06-01,21.25,1326.0,2027-06-27,False
2027-07-01,32.21,2009.9,2027-07-27,True
2027-08-01,27.52,1717.25,2027-08-27,False
2027-09-01,7.71,384.89,2027-09-27,True
2027-10-01,8.18,408.35,2027-10-27,True
2027-11-01,20.18,1259.23,2027-11-27,True
2027-12-01,17.01,1061.42,2027-12-27,False
2028-01-01,10.62,530.15,2028-01-27,True
2028-02-01,16.08,1003.39,2028-02-27,True
2028-03-01,18.22,1136.93,2028-03-27,True
2024-09-01,6.44,321.48,2024-09-27,True
2024-10-01,11.96,919.95,2024-10-27,False
2024-11-01,7.43,370.91,2024-11-27,True
2024-12-01,10.23,510.68,2024-12-27,True
2025-01-01,19.47,1214.93,2025-01-27,True
2025-02-01,12.06,602.04,2025-02-27,True
2025-03-01,8.52,601.83,2025-03-27,False
2025-04-01,14.0,698.88,2025-04-27,True
2025-05-01,21.24,1808.04,2025-05-27,False
2025-06-01,15.17,946.61,2025-06-27,True
2025-07-01,25.22,1573.73,2025-07-27,True
2025-08-01,30.44,1899.46,2025-08-27,True
2025-09-01,20.68,1290.43,2025-09-27,True
2025-10-01,19.26,1201.82,2025-10-27,True
2025-11-01,11.5,695.12,2025-11-27,False
2025-12-01,10.07,502.69,2025-12-27,True
2026-01-01,17.77,1108.85,2026-01-27,True
2026-02-01,8.02,400.36,2026-02-27,True
2026-03-01,11.28,563.1,2026-03-27,True
2026-04-01,21.38,1334.11,2026-04-27,True
2026-05-01,8.85,441.79,2026-05-27,True
2026-06-01,26.96,1682.3,2026-06-27,True
2026-07-01,7.66,385.9,2026-07-27,False
2026-08-01,19.12,1193.09,2026-08-27,True
2022-07-01,28.31,1766.54,2022-08-15,True
2022-08-01,34.38,2145.31,2022-09-15,True
2022-09-01,22.59,1409.62,2022-10-16,True
2022-10-01,10.51,524.66,2022-11-15,True
2022-11-01,21.95,1369.68,2022-12-16,True
2022-12-01,10.92,545.12,2023-01-15,True
2023-01-01,10.71,534.65,2023-02-15,True
2023-02-01,14.55,726.34,2023-03-18,True
2023-03-01,18.87,2364.79,2023-04-15,False
2023-04-01,24.71,3056.82,2023-05-16,False
2023-05-01,24.86,1551.26,2023-06-15,True
2023-06-01,36.2,2258.88,2023-07-16,True
2023-07-01,19.56,1220.54,2023-08-15,True
2023-08-01,26.57,3118.37,2023-09-15,False
2023-09-01,23.26,2692.38,2023-10-16,False
2023-10-01,21.92,2503.09,2023-11-15,False
2023-11-01,17.76,1108.22,2023-12-16,True
2023-12-01,5.37,209.42,2024-01-15,True
2024-01-01,14.12,704.87,2024-02-15,True
2024-02-01,15.79,985.3,2024-03-17,True
2024-03-01,26.49,1652.98,2024-04-15,True
2024-04-01,5.8,226.2,2024-05-16,True
2024-05-01,13.4,1105.41,2024-06-15,False
2024-06-01,13.21,659.45,2024-07-16,True
2021-12-01,14.7,733.82,2022-01-15,True
2022-01-01,16.86,1052.06,2022-02-15,True
2022-02-01,7.16,357.43,2022-03-18,True
2022-03-01,16.91,2440.1,2022-04-15,False
2022-04-01,19.43,1212.43,2022-05-16,True
2022-05-01,17.29,1078.9,2022-06-15,True
2022-06-01,30.77,4292.91,2022-07-16,False
2022-07-01,27.97,1745.33,2022-08-15,True
2022-08-01,32.77,2044.85,2022-09-15,True
2022-09-01,25.58,1596.19,2022-10-16,True
2022-10-01,24.35,1519.44,2022-11-15,True
2022-11-01,17.79,2340.46,2022-12-16,False
2022-12-01,5.61,218.78,2023-01-15,True
2023-01-01,11.53,575.58,2023-02-15,True
2023-02-01,13.51,674.42,2023-03-18,True
2023-03-01,14.17,707.36,2023-04-15,True
2023-04-01,17.56,2172.3,2023-05-16,False
2023-05-01,24.11,1504.46,2023-06-15,True
2023-06-01,16.9,1054.56,2023-07-16,True
2023-07-01,22.68,1415.23,2023-08-15,True
2023-08-01,21.85,2564.4,2023-09-15,False
2023-09-01,16.79,1047.7,2023-10-16,True
2023-10-01,10.77,983.88,2023-11-15,False
2023-11-01,20.5,1279.2,2023-12-16,True
2023-06-01,22.31,1392.14,2023-06-26,True
2023-07-01,16.84,1050.82,2023-07-26,True
2023-08-01,7.96,397.37,2023-08-26,True
2023-09-01,23.74,2772.65,2023-09-26,False
2023-10-01,14.13,705.37,2023-10-26,True
2023-11-01,20.74,2356.49,2023-11-26,False
2023-12-01,8.48,760.21,2023-12-26,False
2024-01-01,8.15,406.85,2024-01-26,True
2024-02-01,7.16,623.42,2024-02-26,False
2024-03-01,13.35,666.43,2024-03-26,True
2024-04-01,9.53,805.98,2024-04-26,False
2024-05-01,128.95,8046.48,2024-05-26,True
2024-06-01,13.99,1147.67,2024-06-26,False
2024-07-01,21.23,1324.75,2024-07-26,True
2024-08-01,26.28,1639.87,2024-08-26,True
2024-09-01,19.38,1209.31,2024-09-26,True
2024-10-01,6.9,531.03,2024-10-26,False
2024-11-01,24.84,1550.02,2024-11-26,True
2024-12-01,19.01,1186.22,2024-12-26,True
2025-01-01,12.67,632.48,2025-01-26,True
2025-02-01,18.29,1642.52,2025-02-26,False
2025-03-01,16.65,1038.96,2025-03-26,True
2025-04-01,18.4,1148.16,2025-04-26,True
2025-05-01,10.51,524.66,2025-05-26,True
2025-11-01,122.98,7673.95,2025-12-09,True
2025-12-01,7.91,394.87,2026-01-08,True
2026-01-01,8.16,407.35,2026-02-08,True
2026-02-01,10.03,500.7,2026-03-11,True
2026-03-01,16.27,1015.25,2026-04-08,True
2026-04-01,18.82,1262.45,2026-05-09,False
2026-05-01,8.98,448.28,2026-06-08,True
2026-06-01,21.8,1393.19,2026-07-09,False
2026-07-01,79.96,4989.5,2026-08-08,True
2026-08-01,17.27,1077.65,2026-09-08,False
2026-09-01,6.65,331.97,2026-10-09,True
2026-10-01,5.64,219.96,2026-11-08,False
2026-11-01,9.36,467.26,2026-12-09,True
2026-12-01,14.5,723.84,2027-01-08,True
2027-01-01,14.22,709.86,2027-02-08,True
2027-02-01,17.17,1071.41,2027-03-11,True
2027-03-01,18.21,1136.3,2027-04-08,False
2027-04-01,15.68,978.43,2027-05-09,True
2027-05-01,24.44,1525.06,2027-06-08,True
2027-06-01,8.46,422.33,2027-07-09,True
2027-07-01,22.06,1376.54,2027-08-08,True
2027-08-01,18.42,1149.41,2027-09-08,True
2027-09-01,20.62,1286.69,2027-10-09,True
2027-10-01,24.7,1541.28,2027-11-08,True
2026-07-01,35.9,2240.16,2026-07-28,True
2026-08-01,10.23,510.68,2026-08-28,True
2026-09-01,12.85,641.47,2026-09-28,True
2026-10-01,17.21,1073.9,2026-10-28,False
2026-11-01,7.53,375.9,2026-11-28,False
2026-12-01,15.27,952.85,2026-12-28,True
2027-01-01,17.05,1063.92,2027-01-28,True
2027-02-01,17.06,1064.54,2027-02-28,True
2027-03-01,21.33,1330.99,2027-03-28,True
2027-04-01,10.42,520.16,2027-04-28,True
2027-05-01,10.01,499.7,2027-05-28,True
2027-06-01,21.82,1361.57,2027-06-28,True
2027-07-01,14.11,704.38,2027-07-28,True
2027-08-01,29.4,1834.56,2027-08-28,True
2027-09-01,24.94,1556.26,2027-09-28,False
2027-10-01,20.51,1279.82,2027-10-28,True
2027-11-01,11.79,588.55,2027-11-28,True
2027-12-01,18.49,1153.78,2027-12-28,True
2028-01-01,12.87,642.47,2028-01-28,False
2028-02-01,12.6,628.99,2028-02-28,True
2028-03-01,8.67,432.8,2028-03-28,True
2028-04-01,7.57,377.89,2028-04-28,True
2028-05-01,5.35,208.66,2028-05-28,True
2028-06-01,24.95,1556.88,2028-06-28,True
2023-09-01,7.54,376.39,2023-10-06,True
2023-10-01,5.22,203.58,2023-11-05,True
2023-11-01,24.27,1514.45,2023-12-06,True
2023-12-01,4.2,163.8,2024-01-05,True
2024-01-01,15.34,957.22,2024-02-05,True
2024-02-01,12.83,640.48,2024-03-07,True
2024-03-01,25.51,2724.67,2024-04-05,False
2024-04-01,7.97,397.86,2024-05-06,True
2024-05-01,22.1,1379.04,2024-06-05,True
2024-06-01,20.69,1291.06,2024-07-06,True
2024-07-01,8.29,413.83,2024-08-05,True
2024-08-01,10.88,860.41,2024-09-05,False
2024-09-01,23.35,2270.55,2024-10-06,False
2024-10-01,19.13,1193.71,2024-11-05,True
2024-11-01,13.22,659.94,2024-12-06,True
2024-12-01,11.57,856.25,2025-01-05,False
2025-01-01,10.27,512.68,2025-02-05,True
2025-02-01,5.93,330.89,2025-03-08,False
2025-03-01,6.2,309.5,2025-04-05,True
2025-04-01,7.26,362.42,2025-05-06,True
2025-05-01,23.42,1982.65,2025-06-05,False
2025-06-01,28.43,1774.03,2025-07-06,True
2025-07-01,23.44,1462.66,2025-08-05,True
2025-08-01,8.54,426.31,2025-09-05,True
2026-04-01,11.05,551.62,2026-04-23,True
2026-05-01,17.39,1153.87,2026-05-23,False
2026-06-01,24.34,1518.82,2026-06-23,True
2026-07-01,21.7,1354.08,2026-07-23,True
2026-08-01,15.28,953.47,2026-08-23,False
2026-09-01,23.2,1447.68,2026-09-23,True
2026-10-01,18.56,1158.14,2026-10-23,False
2026-11-01,9.19,458.76,2026-11-23,True
2026-12-01,13.16,656.95,2026-12-23,True
2027-01-01,10.27,512.68,2027-01-23,False
2027-02-01,12.28,613.02,2027-02-23,True
2027-03-01,10.55,526.66,2027-03-23,True
2027-04-01,12.93,645.47,2027-04-23,True
2027-05-01,17.92,1118.21,2027-05-23,True
2027-06-01,12.64,630.98,2027-06-23,True
2027-07-01,24.1,1503.84,2027-07-23,True
2027-08-01,21.17,1321.01,2027-08-23,False
2027-09-01,16.03,1000.27,2027-09-23,True
2027-10-01,20.78,1296.67,2027-10-23,False
2027-11-01,21.35,1332.24,2027-11-23,False
2027-12-01,4.97,193.82,2027-12-23,True
2028-01-01,12.75,636.48,2028-01-23,True
2028-02-01,5.51,214.9,2028-02-23,True
2028-03-01,17.65,1101.36,2028-03-23,False
2025-11-01,7.33,439.71,2025-12-08,False
2025-12-01,15.29,1122.66,2026-01-07,False
2026-01-01,10.94,546.12,2026-02-07,True
2026-02-01,16.22,1012.13,2026-03-10,True
2026-03-01,18.97,1183.73,2026-04-07,True
2026-04-01,14.83,796.46,2026-05-08,False
2026-05-01,6.1,319.99,2026-06-07,False
2026-06-01,27.62,1723.49,2026-07-08,True
2026-07-01,23.36,1457.66,2026-08-07,False
2026-08-01,34.96,2181.5,2026-09-07,True
2026-09-01,17.48,1090.75,2026-10-08,True
2026-10-01,22.59,1409.62,2026-11-07,True
2026-11-01,14.22,709.86,2026-12-08,True
2026-12-01,18.21,1136.3,2027-01-07,True
2027-01-01,7.38,368.41,2027-02-07,False
2027-02-01,10.6,529.15,2027-03-10,True
2027-03-01,19.64,1225.54,2027-04-07,True
2027-04-01,16.88,1053.31,2027-05-08,True
2027-05-01,13.23,660.44,2027-06-07,True
2027-06-01,18.5,1154.4,2027-07-08,True
2027-07-01,14.76,736.82,2027-08-07,True
2027-08-01,16.0,998.4,2027-09-07,True
2027-09-01,23.08,1440.19,2027-10-08,True
2027-10-01,19.89,1241.14,2027-11-07,True
2024-01-01,16.86,1052.06,2024-01-31,True
2024-02-01,6.69,333.96,2024-03-02,True
2024-03-01,7.98,398.36,2024-03-31,True
2024-04-01,14.88,742.81,2024-05-01,True
2024-05-01,18.03,1873.24,2024-05-31,False
2024-06-01,23.28,1452.67,2024-07-01,True
2024-07-01,31.57,1969.97,2024-07-31,True
2024-08-01,19.72,1230.53,2024-08-31,True
2024-09-01,16.66,1039.58,2024-10-01,True
2024-10-01,6.31,315.0,2024-10-31,True
2024-11-01,5.63,219.58,2024-12-01,True
2024-12-01,10.7,794.09,2024-12-31,False
2025-01-01,16.46,1027.1,2025-01-31,True
2025-02-01,14.56,726.84,2025-03-03,True
2025-03-01,25.87,2278.84,2025-03-31,False
2025-04-01,23.56,1470.14,2025-05-01,True
2025-05-01,7.35,366.91,2025-05-31,True
2025-06-01,31.02,1935.65,2025-07-01,True
2025-07-01,10.84,708.88,2025-07-31,False
2025-08-01,23.06,1438.94,2025-08-31,True
2025-09-01,9.87,492.71,2025-10-01,True
2025-10-01,12.15,606.53,2025-10-31,True
2025-11-01,17.5,1092.0,2025-12-01,True
2025-12-01,10.26,605.65,2025-12-31,False
2023-11-01,20.66,1289.18,2023-12-03,True
2023-12-01,15.79,985.3,2024-01-02,True
2024-01-01,19.21,1198.7,2024-02-02,True
2024-02-01,8.4,419.33,2024-03-04,True
2024-03-01,73.63,4594.51,2024-04-02,True
2024-04-01,10.45,521.66,2024-05-03,True
2024-05-01,6.52,541.38,2024-06-02,False
2024-06-01,16.17,1652.25,2024-07-03,False
2024-07-01,24.71,1541.9,2024-08-02,True
2024-08-01,10.16,507.19,2024-09-02,True
2024-09-01,61.96,3866.3,2024-10-03,True
2024-10-01,25.58,1596.19,2024-11-02,True
2024-11-01,11.74,586.06,2024-12-03,True
2024-12-01,8.24,411.34,2025-01-02,True
2025-01-01,5.41,210.98,2025-02-02,True
2025-02-01,5.99,334.86,2025-03-05,False
2025-03-01,19.67,1227.41,2025-04-02,True
2025-04-01,6.97,347.94,2025-05-03,True
2025-05-01,19.6,1223.04,2025-06-02,True
2025-06-01,24.69,2054.21,2025-07-03,False
2025-07-01,14.97,747.3,2025-08-02,True
2025-08-01,13.56,868.15,2025-09-02,False
2025-09-01,20.69,1291.06,2025-10-03,True
2025-10-01,16.49,1028.98,2025-11-02,True
2022-06-01,6.83,340.96,2022-07-10,True
2022-07-01,25.6,1597.44,2022-08-09,True
2022-08-01,7.71,384.89,2022-09-09,True
2022-09-01,18.92,1180.61,2022-10-10,True
2022-10-01,25.26,1576.22,2022-11-09,True
2022-11-01,13.64,680.9,2022-12-10,True
2022-12-01,13.73,685.4,2023-01-09,True
2023-01-01,15.21,949.1,2023-02-09,True
2023-02-01,11.79,588.55,2023-03-12,True
2023-03-01,26.12,1629.89,2023-04-09,True
2023-04-01,10.94,1085.41,2023-05-10,False
2023-05-01,23.11,1442.06,2023-06-09,True
2023-06-01,93.49,11298.09,2023-07-10,False
2023-07-01,12.83,640.48,2023-08-09,True
2023-08-01,13.17,657.44,2023-09-09,True
2023-09-01,15.29,954.1,2023-10-10,True
2023-10-01,11.14,556.1,2023-11-09,True
2023-11-01,25.9,1616.16,2023-12-10,True
2023-12-01,16.54,1032.1,2024-01-09,True
2024-01-01,6.61,329.98,2024-02-09,True
2024-02-01,15.83,987.79,2024-03-11,True
2024-03-01,24.82,2645.82,2024-04-09,False
2024-04-01,26.35,1644.24,2024-05-10,True
2024-05-01,15.99,997.78,2024-06-09,True
2024-11-01,12.65,631.49,2024-12-12,True
2024-12-01,17.29,1078.9,2025-01-11,True
2025-01-01,19.7,1229.28,2025-02-11,True
2025-02-01,12.51,624.5,2025-03-14,True
2025-03-01,20.82,1822.09,2025-04-11,False
2025-04-01,25.77,1608.05,2025-05-12,True
2025-05-01,16.18,1009.63,2025-06-11,True
2025-06-01,19.59,1222.42,2025-07-12,True
2025-07-01,28.75,1794.0,2025-08-11,True
2025-08-01,12.29,613.51,2025-09-11,True
2025-09-01,21.05,1640.81,2025-10-12,False
2025-10-01,21.92,1367.81,2025-11-11,True
2025-11-01,23.64,1767.71,2025-12-12,False
2025-12-01,15.34,957.22,2026-01-11,True
2026-01-01,10.34,516.17,2026-02-11,True
2026-02-01,16.58,1034.59,2026-03-14,True
2026-03-01,19.14,1194.34,2026-04-11,True
2026-04-01,23.26,1451.42,2026-05-12,True
2026-05-01,18.91,1179.98,2026-06-11,True
2026-06-01,25.93,1653.09,2026-07-12,False
2026-07-01,28.5,1778.4,2026-08-11,True
2026-08-01,25.99,1621.78,2026-09-11,True
2026-09-01,25.48,1589.95,2026-10-12,True
2026-10-01,14.86,741.82,2026-11-11,True
2024-09-01,26.84,1674.82,2024-10-11,True
2024-10-01,17.74,1106.98,2024-11-10,True
2024-11-01,14.8,738.82,2024-12-11,True
2024-12-01,13.37,986.68,2025-01-10,False
2025-01-01,18.1,1129.44,2025-02-10,True
2025-02-01,14.08,702.88,2025-03-13,True
2025-03-01,11.34,566.09,2025-04-10,True
2025-04-01,5.84,227.76,2025-05-11,True
2025-05-01,23.16,1954.61,2025-06-10,False
2025-06-01,18.96,1183.1,2025-07-11,True
2025-07-01,28.46,1775.9,2025-08-10,True
2025-08-01,24.56,1532.54,2025-09-10,True
2025-09-01,8.97,447.78,2025-10-11,True
2025-10-01,14.57,727.33,2025-11-10,True
2025-11-01,26.32,1642.37,2025-12-11,True
2025-12-01,11.85,591.55,2026-01-10,True
2026-01-01,7.67,382.88,2026-02-10,True
2026-02-01,14.63,819.8,2026-03-13,False
2026-03-01,11.25,617.29,2026-04-10,False
2026-04-01,22.7,1520.36,2026-05-11,False
2026-05-01,17.29,1131.05,2026-06-10,False
2026-06-01,19.88,1240.51,2026-07-11,True
2026-07-01,35.38,2207.71,2026-08-10,True
2026-08-01,7.85,391.87,2026-09-10,True
2022-08-01,14.97,747.3,2022-08-31,True
2022-09-01,10.2,509.18,2022-10-01,True
2022-10-01,5.6,218.4,2022-10-31,True
2022-11-01,10.27,512.68,2022-12-01,True
2022-12-01,17.07,1065.17,2022-12-31,True
2023-01-01,6.71,334.97,2023-01-31,True
2023-02-01,12.97,647.46,2023-03-03,True
2023-03-01,26.55,1656.72,2023-03-31,True
2023-04-01,25.37,1583.09,2023-05-01,True
2023-05-01,20.8,1297.92,2023-05-31,True
2023-06-01,21.65,2626.49,2023-07-01,False
2023-07-01,31.9,3820.22,2023-07-31,False
2023-08-01,15.2,948.48,2023-08-31,True
2023-09-01,14.59,728.33,2023-10-01,True
2023-10-01,24.65,1538.16,2023-10-31,True
2023-11-01,23.44,1462.66,2023-12-01,True
2023-12-01,12.45,621.5,2023-12-31,True
2024-01-01,16.97,1058.93,2024-01-31,True
2024-02-01,15.26,952.22,2024-03-02,True
2024-03-01,26.86,2875.84,2024-03-31,False
2024-04-01,14.69,733.32,2024-05-01,True
2024-05-01,22.6,1410.24,2024-05-31,True
2024-06-01,38.26,2387.42,2024-07-01,True
2024-07-01,7.57,377.89,2024-07-31,True
2024-05-01,20.74,1294.18,2024-06-18,True
2024-06-01,22.51,1404.62,2024-07-19,True
2024-07-01,7.55,376.9,2024-08-18,True
2024-08-01,10.66,532.15,2024-09-18,True
2024-09-01,16.15,1007.76,2024-10-19,True
2024-10-01,10.37,788.15,2024-11-18,False
2024-11-01,16.48,1539.1,2024-12-19,False
2024-12-01,13.0,955.05,2025-01-18,False
2025-01-01,13.33,665.44,2025-02-18,True
2025-02-01,16.38,1022.11,2025-03-20,True
2025-03-01,5.29,206.3,2025-04-18,True
2025-04-01,14.64,730.82,2025-05-19,True
2025-05-01,10.73,535.64,2025-06-18,True
2025-06-01,45.96,2867.9,2025-07-19,True
2025-07-01,6.57,424.72,2025-08-18,False
2025-08-01,12.31,614.52,2025-09-18,True
2025-09-01,24.64,1537.54,2025-10-19,True
2025-10-01,6.07,303.01,2025-11-18,True
2025-11-01,8.35,497.07,2025-12-19,False
2025-12-01,13.07,652.45,2026-01-18,True
2026-01-01,19.75,1232.4,2026-02-18,True
2026-02-01,12.7,633.98,2026-03-20,True
2026-03-01,16.45,1026.48,2026-04-18,True
2026-04-01,16.79,1047.7,2026-05-19,True
2026-06-01,31.57,2015.94,2026-07-10,False
2026-07-01,31.05,1937.52,2026-08-09,True
2026-08-01,13.51,674.42,2026-09-09,True
2026-09-01,7.44,371.4,2026-10-10,True
2026-10-01,16.23,1012.75,2026-11-09,False
2026-11-01,19.11,1192.46,2026-12-10,True
2026-12-01,11.27,562.6,2027-01-09,True
2027-01-01,5.51,214.9,2027-02-09,True
2027-02-01,13.31,664.44,2027-03-12,True
2027-03-01,7.09,353.93,2027-04-09,True
2027-04-01,19.33,1206.19,2027-05-10,True
2027-05-01,21.93,1368.43,2027-06-09,True
2027-06-01,23.55,1469.52,2027-07-10,True
2027-07-01,25.49,1590.58,2027-08-09,True
2027-08-01,11.16,557.11,2027-09-09,True
2027-09-01,15.85,989.04,2027-10-10,False
2027-10-01,7.82,390.37,2027-11-09,True
2027-11-01,9.85,491.71,2027-12-10,True
2027-12-01,9.25,461.76,2028-01-09,True
2028-01-01,6.59,328.97,2028-02-09,True
2028-02-01,5.38,209.82,2028-03-11,False
2028-03-01,23.49,1465.78,2028-04-09,True
2028-04-01,13.66,681.91,2028-05-10,True
2028-05-01,6.21,310.01,2028-06-09,False
2025-02-01,7.26,362.42,2025-03-10,True
2025-03-01,6.62,330.47,2025-04-07,True
2025-04-01,19.02,1637.85,2025-05-08,False
2025-05-01,18.29,1546.46,2025-06-07,False
2025-06-01,31.55,1968.72,2025-07-08,True
2025-07-01,22.65,1843.26,2025-08-07,False
2025-08-01,22.84,1425.22,2025-09-07,True
2025-09-01,16.87,1052.69,2025-10-08,True
2025-10-01,8.77,437.8,2025-11-07,True
2025-11-01,26.21,1965.33,2025-12-08,False
2025-12-01,3.98,155.22,2026-01-07,True
2026-01-01,13.04,749.13,2026-02-07,False
2026-02-01,16.79,1047.7,2026-03-10,True
2026-03-01,26.79,1841.66,2026-04-07,False
2026-04-01,10.53,565.52,2026-05-08,False
2026-05-01,110.41,6889.58,2026-06-07,True
2026-06-01,10.8,539.14,2026-07-08,True
2026-07-01,36.22,2260.13,2026-08-07,False
2026-08-01,9.46,472.25,2026-09-07,True
2026-09-01,8.1,404.35,2026-10-08,True
2026-10-01,12.03,600.54,2026-11-07,True
2026-11-01,19.57,1221.17,2026-12-08,True
2026-12-01,5.72,223.08,2027-01-07,False
2027-01-01,44.46,2774.3,2027-02-07,True
2023-06-01,30.96,1931.9,2023-07-05,True
2023-07-01,14.47,722.34,2023-08-04,True
2023-08-01,11.94,596.04,2023-09-04,True
2023-09-01,21.17,1321.01,2023-10-05,True
2023-10-01,15.89,991.54,2023-11-04,True
2023-11-01,20.35,1269.84,2023-12-05,True
2023-12-01,15.43,1721.86,2024-01-04,False
2024-01-01,11.0,549.12,2024-02-04,True
2024-02-01,15.31,955.34,2024-03-06,True
2024-03-01,16.32,1018.37,2024-04-04,True
2024-04-01,90.99,5677.78,2024-05-05,True
2024-05-01,8.09,403.85,2024-06-04,True
2024-06-01,8.99,448.78,2024-07-05,True
2024-07-01,14.44,720.84,2024-08-04,True
2024-08-01,14.47,722.34,2024-09-04,True
2024-09-01,12.76,636.98,2024-10-05,True
2024-10-01,14.83,740.32,2024-11-04,True
2024-11-01,13.81,689.4,2024-12-05,True
2024-12-01,18.27,1691.07,2025-01-04,False
2025-01-01,16.85,1051.44,2025-02-04,True
2025-02-01,14.16,706.87,2025-03-07,True
2025-03-01,22.28,1390.27,2025-04-04,True
2025-04-01,12.56,627.0,2025-05-05,True
2025-05-01,18.08,1531.52,2025-06-04,False
2023-09-01,6.9,344.45,2023-09-22,True
2023-10-01,22.33,1393.39,2023-10-22,True
2023-11-01,12.88,1172.88,2023-11-22,False
2023-12-01,10.65,531.65,2023-12-22,True
2024-01-01,4.95,193.06,2024-01-22,True
2024-02-01,18.71,1167.5,2024-02-22,True
2024-03-01,23.8,1485.12,2024-03-22,True
2024-04-01,24.4,1522.56,2024-04-22,True
2024-05-01,22.05,2301.23,2024-05-22,False
2024-06-01,16.16,1660.47,2024-06-22,False
2024-07-01,20.95,1307.28,2024-07-22,True
2024-08-01,29.85,2972.46,2024-08-22,False
2024-09-01,10.1,504.19,2024-09-22,True
2024-10-01,6.65,331.97,2024-10-22,True
2024-11-01,11.47,572.58,2024-11-22,True
2024-12-01,18.21,1136.3,2024-12-22,True
2025-01-01,13.17,965.34,2025-01-22,False
2025-02-01,4.47,174.34,2025-02-22,True
2025-03-01,17.9,1116.96,2025-03-22,True
2025-04-01,6.02,300.52,2025-04-22,True
2025-05-01,12.01,599.54,2025-05-22,True
2025-06-01,15.74,982.18,2025-06-22,True
2025-07-01,29.06,1813.34,2025-07-22,True
2025-08-01,25.99,1621.78,2025-08-22,True
2024-10-01,21.06,1314.14,2024-11-02,True
2024-11-01,19.83,1237.39,2024-12-03,True
2024-12-01,18.71,1167.5,2025-01-02,True
2025-01-01,6.94,346.44,2025-02-02,True
2025-02-01,7.91,394.87,2025-03-05,True
2025-03-01,19.48,1713.93,2025-04-02,False
2025-04-01,10.73,741.42,2025-05-03,False
2025-05-01,13.7,683.9,2025-06-02,True
2025-06-01,15.4,960.96,2025-07-03,True
2025-07-01,19.39,1583.0,2025-08-02,False
2025-08-01,20.41,1273.58,2025-09-02,True
2025-09-01,14.98,747.8,2025-10-03,True
2025-10-01,12.34,616.01,2025-11-02,True
2025-11-01,14.03,700.38,2025-12-03,True
2025-12-01,19.22,1416.21,2026-01-02,False
2026-01-01,30.72,1916.93,2026-02-02,True
2026-02-01,6.51,366.96,2026-03-05,False
2026-03-01,15.49,966.58,2026-04-02,True
2026-04-01,26.02,1623.65,2026-05-03,True
2026-05-01,6.24,311.5,2026-06-02,True
2026-06-01,32.18,2008.03,2026-07-03,True
2026-07-01,14.67,735.37,2026-08-02,False
2026-08-01,20.59,1284.82,2026-09-02,False
2026-09-01,24.14,1506.34,2026-10-03,True
2022-05-01,19.03,1187.47,2022-06-20,True
2022-06-01,16.97,1058.93,2022-07-20,True
2022-07-01,9.56,1053.11,2022-08-20,False
2022-08-01,37.67,2350.61,2022-09-20,True
2022-09-01,19.21,2584.2,2022-10-20,False
2022-10-01,10.07,502.69,2022-11-20,True
2022-11-01,16.19,1010.26,2022-12-20,True
2022-12-01,7.08,734.86,2023-01-20,False
2023-01-01,12.67,632.48,2023-02-20,True
2023-02-01,9.08,453.28,2023-03-20,True
2023-03-01,20.57,1283.57,2023-04-20,True
2023-04-01,12.3,614.02,2023-05-20,True
2023-05-01,7.45,371.9,2023-06-20,True
2023-06-01,10.87,542.63,2023-07-20,True
2023-07-01,29.29,1827.7,2023-08-20,True
2023-08-01,28.57,3345.67,2023-09-20,False
2023-09-01,8.32,415.33,2023-10-20,True
2023-10-01,8.56,427.32,2023-11-20,True
2023-11-01,24.19,1509.46,2023-12-20,True
2023-12-01,5.51,214.9,2024-01-20,True
2024-01-01,16.39,1022.74,2024-02-20,True
2024-02-01,4.91,191.5,2024-03-20,True
2024-03-01,17.63,1100.11,2024-04-20,True
2024-04-01,12.88,642.97,2024-05-20,True
2026-03-01,13.09,653.45,2026-03-23,True
2026-04-01,21.72,1475.05,2026-04-23,False
2026-05-01,6.14,325.91,2026-05-23,False
2026-06-01,26.17,1694.25,2026-06-23,False
2026-07-01,34.88,2203.72,2026-07-23,False
2026-08-01,11.81,589.56,2026-08-23,True
2026-09-01,15.83,987.79,2026-09-23,True
2026-10-01,17.46,1089.5,2026-10-23,True
2026-11-01,22.85,1425.84,2026-11-23,False
2026-12-01,16.7,1042.08,2026-12-23,True
2027-01-01,15.52,968.45,2027-01-23,True
2027-02-01,11.35,566.59,2027-02-23,True
2027-03-01,21.53,1343.47,2027-03-23,True
2027-04-01,7.37,367.91,2027-04-23,False
2027-05-01,8.21,409.85,2027-05-23,True
2027-06-01,27.81,1735.34,2027-06-23,True
2027-07-01,19.86,1239.26,2027-07-23,True
2027-08-01,19.45,1213.68,2027-08-23,False
2027-09-01,9.56,477.24,2027-09-23,True
2027-10-01,11.98,598.04,2027-10-23,True
2027-11-01,11.52,575.08,2027-11-23,True
2027-12-01,7.21,359.93,2027-12-23,False
2028-01-01,14.89,743.3,2028-01-23,True
2028-02-01,10.78,538.14,2028-02-23,True
2022-01-01,16.1,1004.64,2022-02-10,True
2022-02-01,15.48,2260.32,2022-03-13,False
2022-03-01,10.11,504.7,2022-04-10,True
2022-04-01,12.79,638.47,2022-05-11,True
2022-05-01,19.03,1187.47,2022-06-10,True
2022-06-01,18.59,1160.02,2022-07-11,True
2022-07-01,7.44,371.4,2022-08-10,True
2022-08-01,7.96,397.37,2022-09-10,True
2022-09-01,8.74,943.86,2022-10-11,False
2022-10-01,6.53,325.98,2022-11-10,True
2022-11-01,16.64,1038.34,2022-12-11,True
2022-12-01,8.95,446.78,2023-01-10,True
2023-01-01,15.46,964.7,2023-02-10,True
2023-02-01,5.66,220.75,2023-03-13,True
2023-03-01,23.04,1437.7,2023-04-10,True
2023-04-01,15.62,974.69,2023-05-11,True
2023-05-01,14.44,720.84,2023-06-10,True
2023-06-01,12.17,607.52,2023-07-11,True
2023-07-01,23.41,2791.31,2023-08-10,False
2023-08-01,34.88,4102.72,2023-09-10,False
2023-09-01,6.34,588.41,2023-10-11,False
2023-10-01,20.74,1294.18,2023-11-10,True
2023-11-01,22.64,1412.74,2023-12-11,True
2023-12-01,12.72,1132.38,2024-01-10,False
2025-01-01,11.29,822.37,2025-02-02,False
2025-02-01,16.82,1049.57,2025-03-05,True
2025-03-01,19.97,1757.04,2025-04-02,False
2025-04-01,18.87,1177.49,2025-05-03,True
2025-05-01,10.08,503.2,2025-06-02,True
2025-06-01,18.45,1151.28,2025-07-03,True
2025-07-01,32.1,2620.64,2025-08-02,False
2025-08-01,16.22,1012.13,2025-09-02,True
2025-09-01,22.7,1416.48,2025-10-03,True
2025-10-01,10.92,671.41,2025-11-02,False
2025-11-01,19.63,1477.04,2025-12-03,False
2025-12-01,6.32,372.54,2026-01-02,False
2026-01-01,16.16,1164.68,2026-02-02,False
2026-02-01,7.35,366.91,2026-03-05,True
2026-03-01,14.62,807.07,2026-04-02,False
2026-04-01,20.18,1259.23,2026-05-03,True
2026-05-01,5.86,228.55,2026-06-02,True
2026-06-01,27.82,1735.97,2026-07-03,True
2026-07-01,30.75,1918.8,2026-08-02,True
2026-08-01,30.58,1908.19,2026-09-02,True
2026-09-01,10.01,499.7,2026-10-03,True
2026-10-01,6.38,318.49,2026-11-02,True
2026-11-01,13.77,687.4,2026-12-03,False
2026-12-01,19.21,1198.7,2027-01-02,True
2022-03-01,14.58,727.84,2022-04-08,True
2022-04-01,13.5,673.92,2022-05-09,True
2022-05-01,10.38,518.17,2022-06-08,True
2022-06-01,18.8,1173.12,2022-07-09,True
2022-07-01,27.12,1692.29,2022-08-08,True
2022-08-01,13.98,697.88,2022-09-08,True
2022-09-01,49.2,3070.08,2022-10-09,True
2022-10-01,17.22,1074.53,2022-11-08,True
2022-11-01,22.63,1412.11,2022-12-09,True
2022-12-01,15.25,951.6,2023-01-08,True
2023-01-01,15.49,966.58,2023-02-08,True
2023-02-01,18.52,1155.65,2023-03-11,True
2023-03-01,10.31,514.68,2023-04-08,True
2023-04-01,14.12,1401.52,2023-05-09,False
2023-05-01,14.5,723.84,2023-06-08,True
2023-06-01,19.89,1241.14,2023-07-09,True
2023-07-01,28.7,3425.06,2023-08-08,False
2023-08-01,17.72,2086.14,2023-09-08,False
2023-09-01,12.43,620.51,2023-10-09,True
2023-10-01,7.8,389.38,2023-11-08,True
2023-11-01,12.17,607.52,2023-12-09,True
2023-12-01,18.02,1124.45,2024-01-08,True
2024-01-01,9.32,465.25,2024-02-08,True
2024-02-01,10.79,538.63,2024-03-10,True
2024-12-01,7.98,590.9,2025-01-04,False
2025-01-01,17.38,1580.67,2025-02-04,False
2025-02-01,8.68,620.36,2025-03-07,False
2025-03-01,12.15,606.53,2025-04-04,True
2025-04-01,18.23,1137.55,2025-05-05,True
2025-05-01,14.68,732.83,2025-06-04,True
2025-06-01,36.97,3072.06,2025-07-05,False
2025-07-01,17.68,1103.23,2025-08-04,True
2025-08-01,19.44,1213.06,2025-09-04,True
2025-09-01,10.12,505.19,2025-10-05,True
2025-10-01,21.92,1367.81,2025-11-04,True
2025-11-01,22.87,1427.09,2025-12-05,True
2025-12-01,17.75,1107.6,2026-01-04,True
2026-01-01,5.62,219.19,2026-02-04,True
2026-02-01,17.24,1075.78,2026-03-07,True
2026-03-01,13.86,763.97,2026-04-04,False
2026-04-01,12.42,620.0,2026-05-05,True
2026-05-01,10.48,551.06,2026-06-04,False
2026-06-01,37.89,2429.36,2026-07-05,False
2026-07-01,10.0,500.45,2026-08-04,False
2026-08-01,27.13,1692.91,2026-09-04,False
2026-09-01,14.84,740.81,2026-10-05,True
2026-10-01,6.06,302.52,2026-11-04,False
2026-11-01,15.37,959.09,2026-12-05,True
2024-02-01,13.75,1190.33,2024-03-09,False
2024-03-01,8.17,407.84,2024-04-07,True
2024-04-01,17.88,1115.71,2024-05-08,True
2024-05-01,20.79,1297.3,2024-06-07,True
2024-06-01,27.01,2752.85,2024-07-08,False
2024-07-01,11.62,580.07,2024-08-07,True
2024-08-01,26.24,1637.38,2024-09-07,True
2024-09-01,16.58,1610.51,2024-10-08,False
2024-10-01,15.04,938.5,2024-11-07,True
2024-11-01,22.68,1415.23,2024-12-08,True
2024-12-01,19.93,1243.63,2025-01-07,True
2025-01-01,3.92,152.88,2025-02-07,True
2025-02-01,17.74,1106.98,2025-03-10,True
2025-03-01,13.99,698.38,2025-04-07,True
2025-04-01,13.94,960.31,2025-05-08,False
2025-05-01,23.35,1457.04,2025-06-07,True
2025-06-01,18.34,1521.12,2025-07-08,False
2025-07-01,19.4,1578.77,2025-08-07,False
2025-08-01,32.13,2562.94,2025-09-07,False
2025-09-01,5.43,265.25,2025-10-08,False
2025-10-01,21.36,1636.09,2025-11-07,False
2025-11-01,11.57,577.57,2025-12-08,True
2025-12-01,10.56,527.16,2026-01-07,True
2026-01-01,12.58,628.0,2026-02-07,True
2024-12-01,10.75,536.64,2025-01-01,True
2025-01-01,46.61,2908.46,2025-02-01,True
2025-02-01,14.67,732.32,2025-03-04,True
2025-03-01,22.25,1388.4,2025-04-01,True
2025-04-01,15.09,941.62,2025-05-02,True
2025-05-01,14.36,716.86,2025-06-01,True
2025-06-01,18.19,1135.06,2025-07-02,True
2025-07-01,31.76,1981.82,2025-08-01,True
2025-08-01,15.27,952.85,2025-09-01,True
2025-09-01,9.74,486.22,2025-10-02,True
2025-10-01,9.11,454.78,2025-11-01,True
2025-11-01,9.37,564.42,2025-12-02,False
2025-12-01,20.16,1257.98,2026-01-01,True
2026-01-01,14.33,715.36,2026-02-01,True
2026-02-01,12.02,600.04,2026-03-04,True
2026-03-01,13.11,654.46,2026-04-01,True
2026-04-01,15.83,987.79,2026-05-02,True
2026-05-01,9.22,485.96,2026-06-01,False
2026-06-01,18.04,1125.7,2026-07-02,True
2026-07-01,17.94,1119.46,2026-08-01,True
2026-08-01,30.73,1917.55,2026-09-01,True
2026-09-01,18.55,1157.52,2026-10-02,True
2026-10-01,12.1,604.03,2026-11-01,True
2026-11-01,19.02,1186.85,2026-12-02,True
2023-02-01,17.11,1067.66,2023-03-20,True
2023-03-01,13.11,654.46,2023-04-17,True
2023-04-01,17.56,2170.48,2023-05-18,False
2023-05-01,23.45,2861.93,2023-06-17,False
2023-06-01,34.8,2171.52,2023-07-18,True
2023-07-01,31.96,1994.3,2023-08-17,True
2023-08-01,33.34,3909.46,2023-09-17,False
2023-09-01,14.04,700.87,2023-10-18,True
2023-10-01,14.66,731.83,2023-11-17,True
2023-11-01,13.93,695.39,2023-12-18,True
2023-12-01,8.4,419.33,2024-01-17,True
2024-01-01,17.32,1080.77,2024-02-17,True
2024-02-01,7.03,605.66,2024-03-19,False
2024-03-01,18.8,1996.26,2024-04-17,False
2024-04-01,21.87,1364.69,2024-05-18,True
2024-05-01,21.85,1363.44,2024-06-17,True
2024-06-01,30.35,1893.84,2024-07-18,True
2024-07-01,17.07,1065.17,2024-08-17,True
2024-08-01,9.83,772.48,2024-09-17,False
2024-09-01,17.73,1106.35,2024-10-18,True
2024-10-01,8.08,403.36,2024-11-17,True
2024-11-01,6.22,310.5,2024-12-18,True
2024-12-01,10.34,516.17,2025-01-17,True
2025-01-01,9.95,496.7,2025-02-17,True
2022-03-01,7.72,385.38,2022-04-10,True
2022-04-01,13.75,686.4,2022-05-11,True
2022-05-01,9.72,485.22,2022-06-10,True
2022-06-01,11.01,549.62,2022-07-11,True
2022-07-01,10.38,518.17,2022-08-10,True
2022-08-01,31.42,4292.1,2022-09-10,False
2022-09-01,14.85,741.31,2022-10-11,True
2022-10-01,21.66,1351.58,2022-11-10,True
2022-11-01,10.2,1075.64,2022-12-11,False
2022-12-01,8.1,404.35,2023-01-10,True
2023-01-01,9.52,475.24,2023-02-10,True
2023-02-01,17.15,1070.16,2023-03-13,True
2023-03-01,24.38,1521.31,2023-04-10,True
2023-04-01,23.11,2864.89,2023-05-11,False
2023-05-01,17.5,1092.0,2023-06-10,True
2023-06-01,14.46,721.85,2023-07-11,True
2023-07-01,47.05,5610.05,2023-08-10,False
2023-08-01,24.86,1551.26,2023-09-10,True
2023-09-01,18.79,1172.5,2023-10-11,True
2023-10-01,20.6,1285.44,2023-11-10,True
2023-11-01,9.56,477.24,2023-12-11,True
2023-12-01,9.85,491.71,2024-01-10,True
2024-01-01,10.8,539.14,2024-02-10,True
2024-02-01,9.92,857.52,2024-03-12,False
2023-08-01,12.18,608.03,2023-08-24,True
2023-09-01,12.41,1160.55,2023-09-24,False
2023-10-01,21.74,1356.58,2023-10-24,True
2023-11-01,16.75,1904.88,2023-11-24,False
2023-12-01,19.32,1205.57,2023-12-24,True
2024-01-01,17.04,1063.3,2024-01-24,True
2024-02-01,16.09,1004.02,2024-02-24,True
2024-03-01,5.85,392.78,2024-03-24,False
2024-04-01,21.72,1355.33,2024-04-24,True
2024-05-01,11.35,946.68,2024-05-24,False
2024-06-01,18.9,1179.36,2024-06-24,True
2024-07-01,28.59,2890.11,2024-07-24,False
2024-08-01,34.77,2169.65,2024-08-24,True
2024-09-01,24.63,1536.91,2024-09-24,True
2024-10-01,24.78,1546.27,2024-10-24,True
2024-11-01,19.02,1186.85,2024-11-24,True
2024-12-01,20.82,1939.01,2024-12-24,False
2025-01-01,5.67,221.14,2025-01-24,True
2025-02-01,16.56,1033.34,2025-02-24,True
2025-03-01,23.73,1480.75,2025-03-24,True
2025-04-01,19.19,1197.46,2025-04-24,True
2025-05-01,20.8,1773.82,2025-05-24,False
2025-06-01,13.68,682.91,2025-06-24,True
2025-07-01,15.5,1272.67,2025-07-24,False
2022-11-01,21.69,1353.46,2022-12-12,True
2022-12-01,6.92,345.44,2023-01-11,True
2023-01-01,3.66,142.75,2023-02-11,True
2023-02-01,7.29,363.91,2023-03-14,True
2023-03-01,19.08,1190.59,2023-04-11,True
2023-04-01,16.34,1019.62,2023-05-12,True
2023-05-01,23.03,2817.85,2023-06-11,False
2023-06-01,24.47,1526.93,2023-07-12,True
2023-07-01,13.69,683.4,2023-08-11,True
2023-08-01,7.6,379.39,2023-09-11,True
2023-09-01,6.28,313.5,2023-10-12,True
2023-10-01,8.02,400.36,2023-11-11,True
2023-11-01,18.29,1141.3,2023-12-12,True
2023-12-01,9.06,452.28,2024-01-11,True
2024-01-01,5.43,372.03,2024-02-11,False
2024-02-01,20.17,1258.61,2024-03-13,True
2024-03-01,10.62,530.15,2024-04-11,True
2024-04-01,8.62,430.31,2024-05-12,True
2024-05-01,19.69,1228.66,2024-06-11,True
2024-06-01,32.25,2012.4,2024-07-12,True
2024-07-01,28.6,2864.35,2024-08-11,False
2024-08-01,27.57,1720.37,2024-09-11,True
2024-09-01,14.86,741.82,2024-10-12,True
2024-10-01,6.99,533.3,2024-11-11,False
2023-12-01,17.49,1091.38,2024-01-02,True
2024-01-01,10.7,534.14,2024-02-02,True
2024-02-01,18.18,1134.43,2024-03-04,True
2024-03-01,5.61,218.78,2024-04-02,True
2024-04-01,22.2,1385.28,2024-05-03,True
2024-05-01,13.92,694.88,2024-06-02,True
2024-06-01,33.25,2074.8,2024-07-03,True
2024-07-01,23.54,2368.6,2024-08-02,False
2024-08-01,13.59,1076.41,2024-09-02,False
2024-09-01,19.66,1226.78,2024-10-03,True
2024-10-01,16.85,1051.44,2024-11-02,True
2024-11-01,13.64,680.9,2024-12-03,True
2024-12-01,10.01,742.05,2025-01-02,False
2025-01-01,18.06,1644.39,2025-02-02,False
2025-02-01,13.8,987.42,2025-03-05,False
2025-03-01,9.63,480.73,2025-04-02,True
2025-04-01,15.68,1354.31,2025-05-03,False
2025-05-01,9.42,639.13,2025-06-02,False
2025-06-01,34.31,2854.59,2025-07-03,False
2025-07-01,12.41,810.53,2025-08-02,False
2025-08-01,29.03,1811.47,2025-09-02,True
2025-09-01,11.21,559.61,2025-10-03,True
2025-10-01,10.4,519.17,2025-11-02,True
2025-11-01,18.62,1161.89,2025-12-03,True
2023-02-01,18.59,1160.02,2023-02-23,True
2023-03-01,19.07,2412.66,2023-03-23,False
2023-04-01,80.48,5021.95,2023-04-23,True
2023-05-01,13.4,668.93,2023-05-23,True
2023-06-01,19.31,1204.94,2023-06-23,True
2023-07-01,25.63,1599.31,2023-07-23,True
2023-08-01,32.17,2007.41,2023-08-23,True
2023-09-01,11.5,1075.92,2023-09-23,False
2023-10-01,23.96,1495.1,2023-10-23,True
2023-11-01,5.32,207.48,2023-11-23,True
2023-12-01,9.66,482.23,2023-12-23,True
2024-01-01,10.71,534.65,2024-01-23,True
2024-02-01,14.6,1273.02,2024-02-23,False
2024-03-01,20.54,1281.7,2024-03-23,True
2024-04-01,8.07,402.85,2024-04-23,True
2024-05-01,20.95,1307.28,2024-05-23,True
2024-06-01,31.71,1978.7,2024-06-23,True
2024-07-01,36.77,2294.45,2024-07-23,True
2024-08-01,13.1,1043.05,2024-08-23,False
2024-09-01,9.94,778.62,2024-09-23,False
2024-10-01,13.74,685.9,2024-10-23,True
2024-11-01,7.66,382.39,2024-11-23,True
2024-12-01,14.26,711.86,2024-12-23,True
2025-01-01,10.09,739.17,2025-01-23,False
2025-11-01,13.5,673.92,2025-12-18,True
2025-12-01,12.26,612.02,2026-01-17,True
2026-01-01,18.36,1145.66,2026-02-17,True
2026-02-01,64.22,4007.33,2026-03-20,True
2026-03-01,25.22,1573.73,2026-04-17,True
2026-04-01,16.8,1119.08,2026-05-18,False
2026-05-01,17.41,1086.38,2026-06-17,True
2026-06-01,13.33,665.44,2026-07-18,True
2026-07-01,23.73,1480.75,2026-08-17,False
2026-08-01,12.91,644.47,2026-09-17,True
2026-09-01,5.6,218.4,2026-10-18,True
2026-10-01,10.49,523.66,2026-11-17,True
2026-11-01,8.28,413.34,2026-12-18,True
2026-12-01,11.89,593.54,2027-01-17,True
2027-01-01,8.9,444.29,2027-02-17,True
2027-02-01,4.32,168.48,2027-03-20,True
2027-03-01,8.77,437.8,2027-04-17,True
2027-04-01,9.54,476.23,2027-05-18,False
2027-05-01,5.87,228.94,2027-06-17,True
2027-06-01,9.4,469.25,2027-07-18,False
2027-07-01,13.74,685.9,2027-08-17,True
2027-08-01,27.57,1720.37,2027-09-17,True
2027-09-01,21.16,1320.38,2027-10-18,True
2027-10-01,8.0,399.36,2027-11-17,True
2022-11-01,23.83,1486.99,2022-11-30,True
2022-12-01,5.98,489.01,2022-12-30,False
2023-01-01,20.42,1274.21,2023-01-30,True
2023-02-01,16.32,1018.37,2023-03-02,True
2023-03-01,124.08,15652.94,2023-03-30,False
2023-04-01,19.72,1230.53,2023-04-30,True
2023-05-01,19.27,1202.45,2023-05-30,True
2023-06-01,34.75,2168.4,2023-06-30,True
2023-07-01,28.96,1807.1,2023-07-30,True
2023-08-01,15.33,956.59,2023-08-30,True
2023-09-01,21.23,2475.07,2023-09-30,False
2023-10-01,7.91,394.87,2023-10-30,True
2023-11-01,19.29,1203.7,2023-11-30,True
2023-12-01,6.51,582.53,2023-12-30,False
2024-01-01,69.61,4343.66,2024-01-30,True
2024-02-01,11.55,576.58,2024-03-01,True
2024-03-01,9.66,482.23,2024-03-30,True
2024-04-01,147.29,15540.28,2024-04-30,False
2024-05-01,23.2,2411.59,2024-05-30,False
2024-06-01,21.83,1362.19,2024-06-30,True
2024-07-01,11.81,589.56,2024-07-30,True
2024-08-01,8.57,427.81,2024-08-30,True
2024-09-01,9.2,459.26,2024-09-30,True
2024-10-01,10.18,508.19,2024-10-30,True
2024-09-01,13.65,1065.84,2024-09-29,False
2024-10-01,24.23,1511.95,2024-10-29,True
2024-11-01,7.35,555.26,2024-11-29,False
2024-12-01,14.3,713.86,2024-12-29,True
2025-01-01,14.6,728.83,2025-01-29,True
2025-02-01,13.39,668.42,2025-03-01,True
2025-03-01,13.35,666.43,2025-03-29,True
2025-04-01,14.87,742.31,2025-04-29,True
2025-05-01,20.07,1252.37,2025-05-29,True
2025-06-01,22.96,1432.7,2025-06-29,True
2025-07-01,12.45,621.5,2025-07-29,True
2025-08-01,12.01,599.54,2025-08-29,True
2025-09-01,8.04,505.7,2025-09-29,False
2025-10-01,7.03,350.94,2025-10-29,True
2025-11-01,71.8,4480.32,2025-11-29,True
2025-12-01,4.5,175.49,2025-12-29,True
2026-01-01,13.21,763.86,2026-01-29,False
2026-02-01,9.36,467.26,2026-03-01,True
2026-03-01,5.0,195.0,2026-03-29,True
2026-04-01,16.15,1007.76,2026-04-29,True
2026-05-01,6.67,332.96,2026-05-29,True
2026-06-01,20.35,1269.84,2026-06-29,True
2026-07-01,7.69,383.88,2026-07-29,True
2026-08-01,7.85,391.87,2026-08-29,True
2026-05-01,6.33,329.17,2026-06-18,False
2026-06-01,18.12,1130.69,2026-07-19,True
2026-07-01,33.03,2061.07,2026-08-18,True
2026-08-01,24.21,1510.7,2026-09-18,True
2026-09-01,42.0,2620.8,2026-10-19,False
2026-10-01,52.22,3258.53,2026-11-18,True
2026-11-01,19.22,1199.33,2026-12-19,False
2026-12-01,4.88,190.32,2027-01-18,True
2027-01-01,11.21,559.61,2027-02-18,True
2027-02-01,4.09,159.5,2027-03-20,False
2027-03-01,12.5,624.0,2027-04-18,False
2027-04-01,19.09,1191.22,2027-05-19,True
2027-05-01,13.94,695.88,2027-06-18,True
2027-06-01,8.48,423.32,2027-07-19,True
2027-07-01,37.04,2311.3,2027-08-18,True
2027-08-01,34.1,2127.84,2027-09-18,True
2027-09-01,16.97,1058.93,2027-10-19,True
2027-10-01,20.46,1276.7,2027-11-18,True
2027-11-01,20.57,1283.57,2027-12-19,False
2027-12-01,9.17,457.76,2028-01-18,True
2028-01-01,13.18,657.95,2028-02-18,True
2028-02-01,4.53,176.66,2028-03-20,False
2028-03-01,23.76,1482.62,2028-04-18,False
2028-04-01,19.45,1213.68,2028-05-19,True
2024-09-01,12.8,990.42,2024-10-16,False
2024-10-01,7.85,391.87,2024-11-15,True
2024-11-01,6.62,330.47,2024-12-16,True
2024-12-01,5.41,311.02,2025-01-15,False
2025-01-01,18.83,1174.99,2025-02-15,True
2025-02-01,14.28,712.86,2025-03-18,True
2025-03-01,18.92,1180.61,2025-04-15,True
2025-04-01,27.02,2315.51,2025-05-16,False
2025-05-01,14.71,734.33,2025-06-15,True
2025-06-01,12.03,600.54,2025-07-16,True
2025-07-01,9.74,486.22,2025-08-15,True
2025-08-01,24.23,1511.95,2025-09-15,True
2025-09-01,16.62,1292.04,2025-10-16,False
2025-10-01,19.65,1226.16,2025-11-15,True
2025-11-01,25.18,1571.23,2025-12-16,True
2025-12-01,7.27,362.92,2026-01-15,True
2026-01-01,61.68,4403.7,2026-02-15,False
2026-02-01,8.88,443.29,2026-03-18,True
2026-03-01,16.67,1040.21,2026-04-15,True
2026-04-01,20.63,1287.31,2026-05-16,True
2026-05-01,13.06,680.75,2026-06-15,False
2026-06-01,25.49,1619.74,2026-07-16,False
2026-07-01,17.39,1085.14,2026-08-15,True
2026-08-01,18.06,1126.94,2026-09-15,False
2022-06-01,24.06,1501.34,2022-07-12,True
2022-07-01,27.98,1745.95,2022-08-11,True
2022-08-01,38.17,2381.81,2022-09-11,True
2022-09-01,24.0,3238.56,2022-10-12,False
2022-10-01,16.88,2251.45,2022-11-11,False
2022-11-01,13.31,664.44,2022-12-12,True
2022-12-01,6.15,307.01,2023-01-11,True
2023-01-01,10.46,1076.11,2023-02-11,False
2023-02-01,14.44,720.84,2023-03-14,True
2023-03-01,13.45,671.42,2023-04-11,True
2023-04-01,15.76,1952.91,2023-05-12,False
2023-05-01,9.07,887.81,2023-06-11,False
2023-06-01,14.55,726.34,2023-07-12,True
2023-07-01,31.0,1934.4,2023-08-11,True
2023-08-01,14.16,706.87,2023-09-11,True
2023-09-01,6.45,598.35,2023-10-12,False
2023-10-01,22.55,1407.12,2023-11-11,True
2023-11-01,12.19,608.52,2023-12-12,True
2023-12-01,17.57,1954.28,2024-01-11,False
2024-01-01,9.57,477.73,2024-02-11,True
2024-02-01,10.07,502.69,2024-03-13,True
2024-03-01,6.77,337.96,2024-04-11,True
2024-04-01,22.99,2411.29,2024-05-12,False
2024-05-01,18.68,1165.63,2024-06-11,True
2026-08-01,26.16,1632.38,2026-08-25,True
2026-09-01,8.61,429.82,2026-09-25,True
2026-10-01,10.09,503.69,2026-10-25,True
2026-11-01,22.78,1421.47,2026-11-25,True
2026-12-01,16.4,1023.36,2026-12-25,False
2027-01-01,4.75,185.26,2027-01-25,True
2027-02-01,11.0,549.12,2027-02-25,True
2027-03-01,16.8,1048.32,2027-03-25,True
2027-04-01,17.81,1111.34,2027-04-25,True
2027-05-01,6.53,325.98,2027-05-25,True
2027-06-01,22.26,1389.02,2027-06-25,True
2027-07-01,32.63,2036.11,2027-07-25,True
2027-08-01,11.1,554.11,2027-08-25,True
2027-09-01,25.48,1589.95,2027-09-25,True
2027-10-01,20.41,1273.58,2027-10-25,True
2027-11-01,11.86,592.06,2027-11-25,True
2027-12-01,15.66,977.18,2027-12-25,True
2028-01-01,4.13,161.06,2028-01-25,False
2028-02-01,10.8,539.14,2028-02-25,True
2028-03-01,23.28,1452.67,2028-03-25,True
2028-04-01,13.87,692.39,2028-04-25,True
2028-05-01,22.72,1417.73,2028-05-25,False
2028-06-01,22.26,1389.02,2028-06-25,True
2028-07-01,80.44,5019.46,2028-07-25,True
2025-09-01,45.82,2859.17,2025-10-16,True
2025-10-01,7.88,480.24,2025-11-15,False
2025-11-01,33.6,2096.64,2025-12-16,True
2025-12-01,5.34,208.26,2026-01-15,True
2026-01-01,13.93,695.39,2026-02-15,True
2026-02-01,18.55,1157.52,2026-03-18,True
2026-03-01,9.25,461.76,2026-04-15,True
2026-04-01,6.26,334.11,2026-05-16,False
2026-05-01,20.8,1297.92,2026-06-15,True
2026-06-01,19.34,1206.82,2026-07-16,True
2026-07-01,30.09,1877.62,2026-08-15,True
2026-08-01,28.79,1796.5,2026-09-15,True
2026-09-01,9.02,450.28,2026-10-16,False
2026-10-01,10.63,530.65,2026-11-15,False
2026-11-01,9.66,482.23,2026-12-16,True
2026-12-01,16.03,1000.27,2027-01-15,True
2027-01-01,12.29,613.51,2027-02-15,True
2027-02-01,9.35,466.75,2027-03-18,True
2027-03-01,23.49,1465.78,2027-04-15,True
2027-04-01,22.14,1381.54,2027-05-16,False
2027-05-01,19.19,1197.46,2027-06-15,True
2027-06-01,29.04,1812.1,2027-07-16,True
2027-07-01,87.86,5482.46,2027-08-15,True
2027-08-01,20.97,1308.53,2027-09-15,False
2023-05-01,21.56,2634.62,2023-06-14,False
2023-06-01,7.41,714.85,2023-07-15,False
2023-07-01,8.57,427.81,2023-08-14,True
2023-08-01,28.62,1785.89,2023-09-14,True
2023-09-01,21.92,2538.43,2023-10-15,False
2023-10-01,6.02,300.52,2023-11-14,True
2023-11-01,13.04,650.95,2023-12-15,True
2023-12-01,9.81,489.72,2024-01-14,True
2024-01-01,13.71,684.41,2024-02-14,True
2024-02-01,17.32,1080.77,2024-03-16,True
2024-03-01,20.13,1256.11,2024-04-14,True
2024-04-01,23.11,2420.26,2024-05-15,False
2024-05-01,8.08,403.36,2024-06-14,True
2024-06-01,10.24,511.18,2024-07-15,True
2024-07-01,16.79,1678.94,2024-08-14,False
2024-08-01,24.27,1514.45,2024-09-14,True
2024-09-01,10.94,546.12,2024-10-15,True
2024-10-01,12.79,638.47,2024-11-14,True
2024-11-01,11.5,574.08,2024-12-15,True
2024-12-01,17.41,1086.38,2025-01-14,True
2025-01-01,11.9,594.05,2025-02-14,True
2025-02-01,4.55,177.46,2025-03-17,True
2025-03-01,25.51,1591.82,2025-04-14,True
2025-04-01,12.42,851.98,2025-05-15,False
2025-09-01,17.21,1360.27,2025-09-21,False
2025-10-01,20.77,1296.05,2025-10-21,True
2025-11-01,9.18,458.27,2025-11-21,True
2025-12-01,17.22,1074.53,2025-12-21,True
2026-01-01,18.13,1131.31,2026-01-21,True
2026-02-01,15.67,977.81,2026-02-21,True
2026-03-01,23.76,1482.62,2026-03-21,True
2026-04-01,17.27,1077.65,2026-04-21,True
2026-05-01,20.16,1257.98,2026-05-21,True
2026-06-01,30.73,1992.65,2026-06-21,False
2026-07-01,22.44,1420.1,2026-07-21,False
2026-08-01,35.21,2197.1,2026-08-21,True
2026-09-01,22.46,1401.5,2026-09-21,True
2026-10-01,5.47,213.34,2026-10-21,True
2026-11-01,20.22,1261.73,2026-11-21,True
2026-12-01,18.03,1125.07,2026-12-21,True
2027-01-01,15.72,980.93,2027-01-21,True
2027-02-01,17.58,1096.99,2027-02-21,True
2027-03-01,26.14,1631.14,2027-03-21,False
2027-04-01,15.46,964.7,2027-04-21,True
2027-05-01,17.52,1093.25,2027-05-21,True
2027-06-01,94.29,5883.7,2027-06-21,False
2027-07-01,15.79,985.3,2027-07-21,True
2027-08-01,14.23,710.36,2027-08-21,False
2022-09-01,15.33,2063.84,2022-10-18,False
2022-10-01,16.16,1008.38,2022-11-17,True
2022-11-01,27.03,3553.25,2022-12-18,False
2022-12-01,7.51,374.9,2023-01-17,True
2023-01-01,15.83,987.79,2023-02-17,True
2023-02-01,18.16,2300.36,2023-03-20,False
2023-03-01,10.87,542.63,2023-04-17,True
2023-04-01,17.79,1110.1,2023-05-18,True
2023-05-01,10.44,521.16,2023-06-17,True
2023-06-01,14.95,1440.36,2023-07-18,False
2023-07-01,39.67,2475.41,2023-08-17,True
2023-08-01,12.28,613.02,2023-09-17,True
2023-09-01,16.75,1045.2,2023-10-18,True
2023-10-01,6.57,327.97,2023-11-17,True
2023-11-01,16.13,1006.51,2023-12-18,True
2023-12-01,11.85,591.55,2024-01-17,True
2024-01-01,7.68,383.39,2024-02-17,True
2024-02-01,10.76,537.14,2024-03-19,True
2024-03-01,12.58,628.0,2024-04-17,True
2024-04-01,23.58,1471.39,2024-05-18,True
2024-05-01,22.27,2294.08,2024-06-17,False
2024-06-01,30.98,3141.37,2024-07-18,False
2024-07-01,8.5,424.32,2024-08-17,True
2024-08-01,15.39,960.34,2024-09-17,True
2026-05-01,19.05,1188.72,2026-06-12,True
2026-06-01,13.89,693.38,2026-07-13,True
2026-07-01,18.75,1170.0,2026-08-12,True
2026-08-01,35.64,2223.94,2026-09-12,True
2026-09-01,21.12,1317.89,2026-10-13,False
2026-10-01,10.16,507.19,2026-11-12,False
2026-11-01,13.56,676.92,2026-12-13,True
2026-12-01,5.89,229.7,2027-01-12,False
2027-01-01,16.36,1020.86,2027-02-12,True
2027-02-01,9.91,494.71,2027-03-15,True
2027-03-01,26.88,1677.31,2027-04-12,True
2027-04-01,10.87,542.63,2027-05-13,True
2027-05-01,15.21,949.1,2027-06-12,True
2027-06-01,18.52,1155.65,2027-07-13,True
2027-07-01,8.93,445.79,2027-08-12,False
2027-08-01,32.79,2046.1,2027-09-12,True
2027-09-01,8.65,431.81,2027-10-13,False
2027-10-01,12.75,636.48,2027-11-12,True
2027-11-01,19.84,1238.02,2027-12-13,True
2027-12-01,12.69,633.48,2028-01-12,True
2028-01-01,12.22,610.02,2028-02-12,True
2028-02-01,17.62,1099.49,2028-03-14,True
2028-03-01,21.68,1352.83,2028-04-12,True
2028-04-01,18.58,1159.39,2028-05-13,True
2025-02-01,14.36,1034.07,2025-02-22,False
2025-03-01,14.16,1003.17,2025-03-22,False
2025-04-01,14.54,1011.32,2025-04-22,False
2025-05-01,20.44,1275.46,2025-05-22,True
2025-06-01,32.92,2757.78,2025-06-22,False
2025-07-01,38.41,2396.78,2025-07-22,True
2025-08-01,18.29,1141.3,2025-08-22,True
2025-09-01,14.15,894.15,2025-09-22,False
2025-10-01,17.84,1381.32,2025-10-22,False
2025-11-01,11.42,692.65,2025-11-22,False
2025-12-01,8.71,434.81,2025-12-22,True
2026-01-01,19.78,1234.27,2026-01-22,True
2026-02-01,12.61,716.58,2026-02-22,False
2026-03-01,24.49,1528.18,2026-03-22,True
2026-04-01,18.17,1133.81,2026-04-22,True
2026-05-01,18.67,1239.76,2026-05-22,False
2026-06-01,8.42,420.32,2026-06-22,True
2026-07-01,27.14,1693.54,2026-07-22,True
2026-08-01,9.46,472.25,2026-08-22,True
2026-09-01,5.37,209.42,2026-09-22,True
2026-10-01,22.34,1394.02,2026-10-22,True
2026-11-01,10.59,528.65,2026-11-22,False
2026-12-01,11.18,558.11,2026-12-22,True
2027-01-01,13.31,664.44,2027-01-22,False
2022-03-01,21.48,1340.35,2022-03-27,True
2022-04-01,23.0,1435.2,2022-04-27,True
2022-05-01,11.59,578.57,2022-05-27,True
2022-06-01,20.27,1264.85,2022-06-27,True
2022-07-01,17.53,1093.87,2022-07-27,True
2022-08-01,17.52,1093.25,2022-08-27,True
2022-09-01,22.46,3048.26,2022-09-27,False
2022-10-01,25.05,1563.12,2022-10-27,True
2022-11-01,14.24,1509.99,2022-11-27,False
2022-12-01,9.24,968.26,2022-12-27,False
2023-01-01,8.98,929.43,2023-01-27,False
2023-02-01,15.91,2032.72,2023-02-27,False
2023-03-01,12.83,640.48,2023-03-27,True
2023-04-01,10.27,512.68,2023-04-27,True
2023-05-01,8.05,793.0,2023-05-27,False
2023-06-01,22.34,1394.02,2023-06-27,True
2023-07-01,30.13,3614.51,2023-07-27,False
2023-08-01,27.57,1720.37,2023-08-27,True
2023-09-01,19.15,2235.57,2023-09-27,False
2023-10-01,11.33,565.6,2023-10-27,True
2023-11-01,15.77,984.05,2023-11-27,True
2023-12-01,7.3,364.42,2023-12-27,True
2024-01-01,4.52,176.28,2024-01-27,True
2024-02-01,7.56,377.4,2024-02-27,True
2022-06-01,13.24,660.94,2022-06-21,True
2022-07-01,28.01,1747.82,2022-07-21,True
2022-08-01,6.8,748.79,2022-08-21,False
2022-09-01,14.25,711.36,2022-09-21,True
2022-10-01,7.27,362.92,2022-10-21,True
2022-11-01,19.33,1206.19,2022-11-21,True
2022-12-01,16.66,1039.58,2022-12-21,True
2023-01-01,15.64,2028.33,2023-01-21,False
2023-02-01,55.14,3440.74,2023-02-21,True
2023-03-01,8.07,817.45,2023-03-21,False
2023-04-01,13.09,1309.08,2023-04-21,False
2023-05-01,14.9,743.81,2023-05-21,True
2023-06-01,16.5,2010.29,2023-06-21,False
2023-07-01,27.32,1704.77,2023-07-21,True
2023-08-01,8.23,781.28,2023-08-21,False
2023-09-01,21.53,2520.13,2023-09-21,False
2023-10-01,9.07,838.0,2023-10-21,False
2023-11-01,8.62,430.31,2023-11-21,True
2023-12-01,18.34,1144.42,2023-12-21,True
2024-01-01,6.38,318.49,2024-01-21,True
2024-02-01,15.6,973.44,2024-02-21,True
2024-03-01,18.3,1141.92,2024-03-21,True
2024-04-01,22.37,2370.69,2024-04-21,False
2024-05-01,14.59,728.33,2024-05-21,True
2021-08-01,24.11,1504.46,2021-08-29,True
2021-09-01,18.85,1176.24,2021-09-29,True
2021-10-01,18.88,1178.11,2021-10-29,True
2021-11-01,7.4,369.41,2021-11-29,True
2021-12-01,16.06,1002.14,2021-12-29,True
2022-01-01,4.97,193.82,2022-01-29,True
2022-02-01,10.49,1230.6,2022-03-01,False
2022-03-01,20.23,1262.35,2022-03-29,True
2022-04-01,15.86,2277.04,2022-04-29,False
2022-05-01,24.01,1498.22,2022-05-29,True
2022-06-01,15.92,993.41,2022-06-29,True
2022-07-01,19.49,1216.18,2022-07-29,True
2022-08-01,25.29,3470.5,2022-08-29,False
2022-09-01,22.16,1382.78,2022-09-29,True
2022-10-01,17.3,1079.52,2022-10-29,True
2022-11-01,17.72,2346.91,2022-11-29,False
2022-12-01,10.31,514.68,2022-12-29,True
2023-01-01,14.7,733.82,2023-01-29,True
2023-02-01,12.79,1306.2,2023-03-01,False
2023-03-01,22.85,1425.84,2023-03-29,True
2023-04-01,13.29,663.43,2023-04-29,True
2023-05-01,20.15,2479.09,2023-05-29,False
2023-06-01,17.44,2117.57,2023-06-29,False
2023-07-01,26.85,3218.24,2023-07-29,False
2024-11-01,8.68,433.31,2024-11-22,True
2024-12-01,7.81,389.88,2024-12-22,True
2025-01-01,4.28,245.09,2025-01-22,False
2025-02-01,8.35,416.83,2025-02-22,True
2025-03-01,9.99,498.7,2025-03-22,True
2025-04-01,7.22,502.19,2025-04-22,False
2025-05-01,21.14,1319.14,2025-05-22,True
2025-06-01,11.16,747.92,2025-06-22,False
2025-07-01,26.67,2192.6,2025-07-22,False
2025-08-01,15.95,995.28,2025-08-22,True
2025-09-01,17.48,1090.75,2025-09-22,True
2025-10-01,7.59,470.14,2025-10-22,False
2025-11-01,16.52,1030.85,2025-11-22,True
2025-12-01,14.94,745.8,2025-12-22,True
2026-01-01,12.27,612.52,2026-01-22,True
2026-02-01,15.93,1131.54,2026-02-22,False
2026-03-01,24.08,1675.39,2026-03-22,False
2026-04-01,16.67,1040.21,2026-04-22,True
2026-05-01,21.62,1349.09,2026-05-22,True
2026-06-01,33.23,2073.55,2026-06-22,True
2026-07-01,29.56,1869.13,2026-07-22,False
2026-08-01,10.67,532.64,2026-08-22,True
2026-09-01,26.11,1629.26,2026-09-22,True
2026-10-01,24.63,1536.91,2026-10-22,True
2026-03-01,24.34,1518.82,2026-04-11,True
2026-04-01,8.24,441.16,2026-05-12,False
2026-05-01,7.59,396.89,2026-06-11,False
2026-06-01,19.95,1271.85,2026-07-12,False
2026-07-01,9.22,460.26,2026-08-11,True
2026-08-01,24.05,1500.72,2026-09-11,False
2026-09-01,9.9,494.21,2026-10-12,False
2026-10-01,22.96,1432.7,2026-11-11,True
2026-11-01,5.68,221.52,2026-12-12,True
2026-12-01,10.28,513.18,2027-01-11,True
2027-01-01,12.32,615.01,2027-02-11,True
2027-02-01,10.53,525.66,2027-03-14,True
2027-03-01,10.28,513.18,2027-04-11,True
2027-04-01,14.94,745.8,2027-05-12,True
2027-05-01,16.71,1042.7,2027-06-11,True
2027-06-01,32.04,1999.3,2027-07-12,False
2027-07-01,30.2,1884.48,2027-08-11,True
2027-08-01,20.32,1267.97,2027-09-11,False
2027-09-01,14.57,727.33,2027-10-12,False
2027-10-01,10.42,520.16,2027-11-11,True
2027-11-01,19.88,1240.51,2027-12-12,True
2027-12-01,19.01,1186.22,2028-01-11,True
2028-01-01,20.54,1281.7,2028-02-11,True
2028-02-01,10.79,538.63,2028-03-13,False
2023-05-01,21.99,1372.18,2023-05-26,True
2023-06-01,11.42,570.08,2023-06-26,True
2023-07-01,31.06,3727.69,2023-07-26,False
2023-08-01,37.85,2361.84,2023-08-26,True
2023-09-01,19.38,1209.31,2023-09-26,True
2023-10-01,11.98,598.04,2023-10-26,True
2023-11-01,13.67,682.4,2023-11-26,True
2023-12-01,12.14,606.02,2023-12-26,True
2024-01-01,5.23,203.98,2024-01-26,True
2024-02-01,16.1,1004.64,2024-02-26,True
2024-03-01,15.1,942.24,2024-03-26,True
2024-04-01,24.67,2608.02,2024-04-26,False
2024-05-01,19.42,2022.71,2024-05-26,False
2024-06-01,27.48,1714.75,2024-06-26,True
2024-07-01,35.76,2231.42,2024-07-26,True
2024-08-01,13.56,676.92,2024-08-26,True
2024-09-01,16.91,1055.18,2024-09-26,True
2024-10-01,29.94,2880.23,2024-10-26,False
2024-11-01,24.39,1521.94,2024-11-26,True
2024-12-01,15.33,1426.12,2024-12-26,False
2025-01-01,6.32,315.49,2025-01-26,True
2025-02-01,4.97,278.94,2025-02-26,False
2025-03-01,21.13,1318.51,2025-03-26,True
2025-04-01,18.1,1129.44,2025-04-26,True
2026-02-01,11.52,575.08,2026-03-18,True
2026-03-01,6.03,329.62,2026-04-15,False
2026-04-01,8.05,401.86,2026-05-16,True
2026-05-01,20.41,1273.58,2026-06-15,True
2026-06-01,21.74,1356.58,2026-07-16,True
2026-07-01,12.61,629.5,2026-08-15,True
2026-08-01,18.23,1137.55,2026-09-15,True
2026-09-01,9.88,493.21,2026-10-16,True
2026-10-01,18.57,1158.77,2026-11-15,True
2026-11-01,14.16,706.87,2026-12-16,True
2026-12-01,9.07,452.77,2027-01-15,True
2027-01-01,12.48,623.0,2027-02-15,True
2027-02-01,7.0,349.44,2027-03-18,False
2027-03-01,19.1,1191.84,2027-04-15,False
2027-04-01,18.67,1165.01,2027-05-16,True
2027-05-01,32.33,2017.39,2027-06-15,True
2027-06-01,34.74,2167.78,2027-07-16,True
2027-07-01,10.04,501.19,2027-08-15,True
2027-08-01,9.44,471.24,2027-09-15,True
2027-09-01,12.7,633.98,2027-10-16,True
2027-10-01,13.49,673.42,2027-11-15,True
2027-11-01,20.63,1287.31,2027-12-16,True
2027-12-01,11.67,582.56,2028-01-15,True
2028-01-01,8.45,421.82,2028-02-15,True
2023-02-01,11.95,596.54,2023-03-04,True
2023-03-01,12.68,1278.64,2023-04-01,False
2023-04-01,10.5,524.16,2023-05-02,True
2023-05-01,5.34,208.26,2023-06-01,True
2023-06-01,11.27,1093.32,2023-07-02,False
2023-07-01,29.11,1816.46,2023-08-01,True
2023-08-01,17.62,1099.49,2023-09-01,True
2023-09-01,6.84,637.37,2023-10-02,False
2023-10-01,22.3,1391.52,2023-11-01,True
2023-11-01,12.93,645.47,2023-12-02,True
2023-12-01,7.39,368.9,2024-01-01,True
2024-01-01,10.54,526.15,2024-02-01,True
2024-02-01,16.51,1030.22,2024-03-03,True
2024-03-01,8.55,732.0,2024-04-01,False
2024-04-01,14.41,719.35,2024-05-02,True
2024-05-01,25.71,1604.3,2024-06-01,True
2024-06-01,16.38,1022.11,2024-07-02,True
2024-07-01,29.81,1860.14,2024-08-01,True
2024-08-01,35.12,2191.49,2024-09-01,True
2024-09-01,11.86,592.06,2024-10-02,True
2024-10-01,20.2,1936.94,2024-11-01,False
2024-11-01,12.97,647.46,2024-12-02,True
2024-12-01,17.68,1639.22,2025-01-01,False
2025-01-01,12.73,635.48,2025-02-01,True
2023-07-01,22.95,1432.08,2023-08-09,True
2023-08-01,9.49,473.74,2023-09-09,True
2023-09-01,23.04,1437.7,2023-10-10,True
2023-10-01,11.66,582.07,2023-11-09,True
2023-11-01,8.93,445.79,2023-12-10,True
2023-12-01,11.54,576.07,2024-01-09,True
2024-01-01,18.86,1176.86,2024-02-09,True
2024-02-01,8.12,405.35,2024-03-11,True
2024-03-01,24.08,2566.92,2024-04-09,False
2024-04-01,24.07,2527.06,2024-05-10,False
2024-05-01,66.14,4127.14,2024-06-09,True
2024-06-01,33.49,2089.78,2024-07-10,True
2024-07-01,31.1,3117.96,2024-08-09,False
2024-08-01,18.82,1174.37,2024-09-09,True
2024-09-01,12.46,622.01,2024-10-10,True
2024-10-01,15.91,992.78,2024-11-09,True
2024-11-01,15.11,942.86,2024-12-10,True
2024-12-01,14.33,715.36,2025-01-09,True
2025-01-01,7.39,368.9,2025-02-09,True
2025-02-01,13.39,668.42,2025-03-12,True
2025-03-01,16.47,1027.73,2025-04-09,True
2025-04-01,8.96,447.29,2025-05-10,True
2025-05-01,24.32,1517.57,2025-06-09,True
2025-06-01,12.29,613.51,2025-07-10,True
2022-12-01,18.64,1163.14,2023-01-07,True
2023-01-01,13.85,691.39,2023-02-07,True
2023-02-01,4.46,354.55,2023-03-10,False
2023-03-01,12.86,641.98,2023-04-07,True
2023-04-01,10.61,529.66,2023-05-08,True
2023-05-01,12.23,610.52,2023-06-07,True
2023-06-01,32.45,2024.88,2023-07-08,True
2023-07-01,35.95,4292.14,2023-08-07,False
2023-08-01,10.27,512.68,2023-09-07,True
2023-09-01,55.68,3474.43,2023-10-08,True
2023-10-01,7.95,396.86,2023-11-07,True
2023-11-01,11.47,572.58,2023-12-08,True
2023-12-01,8.81,439.8,2024-01-07,True
2024-01-01,12.37,617.51,2024-02-07,True
2024-02-01,11.62,580.07,2024-03-09,True
2024-03-01,13.33,665.44,2024-04-07,True
2024-04-01,22.01,1373.42,2024-05-08,True
2024-05-01,14.39,718.34,2024-06-07,True
2024-06-01,22.26,1389.02,2024-07-08,True
2024-07-01,13.18,657.95,2024-08-07,True
2024-08-01,28.78,2841.96,2024-09-07,False
2024-09-01,8.1,404.35,2024-10-08,True
2024-10-01,12.42,620.0,2024-11-07,True
2024-11-01,21.79,1359.7,2024-12-08,True
2023-06-01,25.93,1618.03,2023-07-16,True
2023-07-01,11.81,589.56,2023-08-15,True
2023-08-01,16.97,1058.93,2023-09-15,True
2023-09-01,13.96,696.89,2023-10-16,True
2023-10-01,5.77,225.02,2023-11-15,True
2023-11-01,13.65,681.41,2023-12-16,True
2023-12-01,18.16,1133.18,2024-01-15,True
2024-01-01,7.61,379.9,2024-02-15,True
2024-02-01,15.81,1704.25,2024-03-17,False
2024-03-01,20.66,1289.18,2024-04-15,True
2024-04-01,9.23,460.76,2024-05-16,True
2024-05-01,18.95,1182.48,2024-06-15,True
2024-06-01,16.93,1056.43,2024-07-16,True
2024-07-01,10.88,543.13,2024-08-15,True
2024-08-01,75.69,4723.06,2024-09-15,True
2024-09-01,15.3,954.72,2024-10-16,True
2024-10-01,12.25,932.57,2024-11-15,False
2024-11-01,7.01,524.62,2024-12-16,False
2024-12-01,12.27,612.52,2025-01-15,True
2025-01-01,11.34,566.09,2025-02-15,True
2025-02-01,4.89,271.27,2025-03-18,False
2025-03-01,24.19,1509.46,2025-04-15,True
2025-04-01,17.59,1097.62,2025-05-16,True
2025-05-01,17.26,1077.02,2025-06-15,True
2025-10-01,7.64,381.38,2025-11-08,True
2025-11-01,23.24,1450.18,2025-12-09,True
2025-12-01,19.02,1186.85,2026-01-08,True
2026-01-01,12.06,602.04,2026-02-08,True
2026-02-01,16.72,1172.88,2026-03-11,False
2026-03-01,23.52,1467.65,2026-04-08,True
2026-04-01,9.0,482.98,2026-05-09,False
2026-05-01,9.49,497.43,2026-06-08,False
2026-06-01,14.21,726.51,2026-07-09,False
2026-07-01,21.9,1366.56,2026-08-08,True
2026-08-01,7.64,381.38,2026-09-08,True
2026-09-01,14.61,729.34,2026-10-09,True
2026-10-01,19.97,1246.13,2026-11-08,False
2026-11-01,21.5,1341.6,2026-12-09,False
2026-12-01,5.56,216.84,2027-01-08,False
2027-01-01,6.99,348.94,2027-02-08,True
2027-02-01,15.23,950.35,2027-03-11,True
2027-03-01,11.2,559.1,2027-04-08,False
2027-04-01,9.15,456.77,2027-05-09,True
2027-05-01,18.78,1171.87,2027-06-08,True
2027-06-01,11.14,556.1,2027-07-09,True
2027-07-01,22.75,1419.6,2027-08-08,False
2027-08-01,18.15,1132.56,2027-09-08,True
2027-09-01,18.4,1148.16,2027-10-09,True
2023-01-01,63.61,3969.26,2023-02-03,True
2023-02-01,6.7,334.46,2023-03-06,True
2023-03-01,26.18,1633.63,2023-04-03,True
2023-04-01,14.31,714.36,2023-05-04,True
2023-05-01,11.5,1129.5,2023-06-03,False
2023-06-01,31.59,1971.22,2023-07-04,True
2023-07-01,32.19,2008.66,2023-08-03,True
2023-08-01,9.03,450.78,2023-09-03,True
2023-09-01,18.23,1137.55,2023-10-04,True
2023-10-01,9.64,885.44,2023-11-03,False
2023-11-01,11.61,579.58,2023-12-04,True
2023-12-01,20.44,1275.46,2024-01-03,True
2024-01-01,13.76,686.9,2024-02-03,True
2024-02-01,12.56,1089.41,2024-03-05,False
2024-03-01,16.3,1742.67,2024-04-03,False
2024-04-01,9.68,483.23,2024-05-04,True
2024-05-01,19.11,1192.46,2024-06-03,True
2024-06-01,18.17,1133.81,2024-07-04,True
2024-07-01,26.15,2629.85,2024-08-03,False
2024-08-01,15.35,957.84,2024-09-03,True
2024-09-01,24.38,1521.31,2024-10-04,True
2024-10-01,7.38,368.41,2024-11-03,True
2024-11-01,7.13,355.93,2024-12-04,True
2024-12-01,10.64,788.3,2025-01-03,False
2025-01-01,8.56,622.46,2025-02-05,False
2025-02-01,13.72,684.9,2025-03-08,True
2025-03-01,14.51,724.34,2025-04-05,True
2025-04-01,5.91,230.5,2025-05-06,True
2025-05-01,16.86,1052.06,2025-06-05,True
2025-06-01,34.0,2121.6,2025-07-06,True
2025-07-01,36.13,2944.01,2025-08-05,False
2025-08-01,30.5,1903.2,2025-09-05,True
2025-09-01,24.3,1901.72,2025-10-06,False
2025-10-01,12.05,601.54,2025-11-05,True
2025-11-01,23.1,1441.44,2025-12-06,True
2025-12-01,15.95,995.28,2026-01-05,True
2026-01-01,13.51,674.42,2026-02-05,True
2026-02-01,15.84,1113.62,2026-03-08,False
2026-03-01,90.93,5674.03,2026-04-05,True
2026-04-01,9.99,498.7,2026-05-06,True
2026-05-01,8.05,401.86,2026-06-05,True
2026-06-01,21.0,1310.4,2026-07-06,True
2026-07-01,33.3,2077.92,2026-08-05,True
2026-08-01,21.28,1327.87,2026-09-05,True
2026-09-01,6.83,340.96,2026-10-06,False
2026-10-01,6.37,317.99,2026-11-05,False
2026-11-01,17.23,1075.15,2026-12-06,True
2026-12-01,12.94,645.96,2027-01-05,True
2024-07-01,32.77,2044.85,2024-08-09,True
2024-08-01,8.3,655.0,2024-09-09,False
2024-09-01,12.64,630.98,2024-10-10,True
2024-10-01,20.43,1274.83,2024-11-09,True
2024-11-01,19.83,1237.39,2024-12-10,True
2024-12-01,13.8,688.9,2025-01-09,True
2025-01-01,8.19,408.84,2025-02-09,True
2025-02-01,5.5,214.51,2025-03-12,True
2025-03-01,21.62,1894.35,2025-04-09,False
2025-04-01,10.69,533.64,2025-05-10,True
2025-05-01,19.5,1216.8,2025-06-09,True
2025-06-01,32.06,2655.72,2025-07-10,False
2025-07-01,35.45,2212.08,2025-08-09,True
2025-08-01,17.33,1081.39,2025-09-09,True
2025-09-01,23.01,1795.97,2025-10-10,False
2025-10-01,9.74,486.22,2025-11-09,True
2025-11-01,5.51,214.9,2025-12-10,True
2025-12-01,4.31,168.1,2026-01-09,True
2026-01-01,11.48,573.08,2026-02-09,True
2026-02-01,4.92,191.88,2026-03-12,True
2026-03-01,5.79,248.4,2026-04-09,False
2026-04-01,16.17,1009.01,2026-05-10,True
2026-05-01,19.27,1202.45,2026-06-09,True
2026-06-01,34.79,2221.55,2026-07-10,False
2022-07-01,23.16,3223.96,2022-07-22,False
2022-08-01,18.59,2557.84,2022-08-22,False
2022-09-01,24.93,1555.63,2022-09-22,True
2022-10-01,11.63,580.57,2022-10-22,True
2022-11-01,10.59,528.65,2022-11-22,True
2022-12-01,8.96,447.29,2022-12-22,True
2023-01-01,13.58,677.92,2023-01-22,True
2023-02-01,20.66,1289.18,2023-02-22,True
2023-03-01,22.33,1393.39,2023-03-22,True
2023-04-01,6.94,693.75,2023-04-22,False
2023-05-01,16.2,1999.02,2023-05-22,False
2023-06-01,29.98,1870.75,2023-06-22,True
2023-07-01,23.88,1490.11,2023-07-22,True
2023-08-01,24.86,1551.26,2023-08-22,True
2023-09-01,21.54,1344.1,2023-09-22,True
2023-10-01,7.38,368.41,2023-10-22,True
2023-11-01,16.21,1011.5,2023-11-22,True
2023-12-01,10.66,532.15,2023-12-22,True
2024-01-01,8.36,740.08,2024-01-22,False
2024-02-01,5.72,389.83,2024-02-22,False
2024-03-01,23.28,1452.67,2024-03-22,True
2024-04-01,14.3,713.86,2024-04-22,True
2024-05-01,17.36,1811.75,2024-05-22,False
2024-06-01,26.01,1623.02,2024-06-22,True
2025-05-01,5.82,226.99,2025-06-01,True
2025-06-01,12.23,610.52,2025-07-02,True
2025-07-01,8.59,561.38,2025-08-01,False
2025-08-01,8.89,443.78,2025-09-01,True
2025-09-01,8.27,412.84,2025-10-02,True
2025-10-01,8.82,440.29,2025-11-01,True
2025-11-01,12.4,746.94,2025-12-02,False
2025-12-01,19.92,1243.01,2026-01-01,True
2026-01-01,13.37,771.44,2026-02-01,False
2026-02-01,14.93,842.2,2026-03-04,False
2026-03-01,21.91,1367.18,2026-04-01,True
2026-04-01,20.14,1256.74,2026-05-02,True
2026-05-01,21.44,1337.86,2026-06-01,True
2026-06-01,27.71,1729.1,2026-07-02,True
2026-07-01,20.89,1310.06,2026-08-01,False
2026-08-01,27.84,1737.22,2026-09-01,True
2026-09-01,14.1,703.87,2026-10-02,True
2026-10-01,18.6,1160.64,2026-11-01,True
2026-11-01,18.98,1184.35,2026-12-02,False
2026-12-01,4.8,187.2,2027-01-01,False
2027-01-01,11.52,575.08,2027-02-01,False
2027-02-01,11.12,555.11,2027-03-04,True
2027-03-01,33.79,2108.5,2027-04-01,True
2027-04-01,23.55,1469.52,2027-05-02,True
2023-10-01,10.65,531.65,2023-11-05,True
2023-11-01,20.08,1252.99,2023-12-06,True
2023-12-01,22.66,1413.98,2024-01-05,True
2024-01-01,6.41,319.99,2024-02-05,True
2024-02-01,15.64,975.94,2024-03-07,True
2024-03-01,56.91,6078.44,2024-04-05,False
2024-04-01,19.75,1232.4,2024-05-06,True
2024-05-01,8.62,714.67,2024-06-05,False
2024-06-01,25.56,1594.94,2024-07-06,True
2024-07-01,11.03,550.62,2024-08-05,True
2024-08-01,20.46,1276.7,2024-09-05,True
2024-09-01,21.66,1351.58,2024-10-06,True
2024-10-01,12.28,613.02,2024-11-05,True
2024-11-01,24.31,2286.79,2024-12-06,False
2024-12-01,13.67,1011.66,2025-01-05,False
2025-01-01,11.24,817.34,2025-02-05,False
2025-02-01,9.18,458.27,2025-03-08,True
2025-03-01,16.73,1469.36,2025-04-05,False
2025-04-01,9.47,653.17,2025-05-06,False
2025-05-01,23.12,1442.69,2025-06-05,True
2025-06-01,18.01,1123.82,2025-07-06,True
2025-07-01,155.02,9673.25,2025-08-05,True
2025-08-01,33.94,2117.86,2025-09-05,True
2025-09-01,8.63,430.81,2025-10-06,True
2023-09-01,13.86,691.9,2023-10-06,True
2023-10-01,12.01,599.54,2023-11-05,True
2023-11-01,19.26,2178.3,2023-12-06,False
2023-12-01,17.66,1101.98,2024-01-05,True
2024-01-01,18.55,1157.52,2024-02-05,True
2024-02-01,16.91,1055.18,2024-03-07,True
2024-03-01,13.15,1123.62,2024-04-05,False
2024-04-01,5.41,210.98,2024-05-06,True
2024-05-01,25.2,1572.48,2024-06-05,True
2024-06-01,19.07,1189.97,2024-07-06,True
2024-07-01,29.4,2953.64,2024-08-05,False
2024-08-01,35.47,2213.33,2024-09-05,True
2024-09-01,13.05,651.46,2024-10-06,True
2024-10-01,6.97,347.94,2024-11-05,True
2024-11-01,24.91,1554.38,2024-12-06,True
2024-12-01,11.56,855.52,2025-01-05,False
2025-01-01,13.52,674.92,2025-02-05,True
2025-02-01,13.72,684.9,2025-03-08,True
2025-03-01,7.3,364.42,2025-04-05,True
2025-04-01,19.16,1195.58,2025-05-06,True
2025-05-01,19.7,1667.72,2025-06-05,False
2025-06-01,33.01,2059.82,2025-07-06,True
2025-07-01,11.37,567.59,2025-08-05,True
2025-08-01,7.78,388.38,2025-09-05,True
2026-06-01,8.3,422.97,2026-07-13,False
2026-07-01,37.53,2341.87,2026-08-12,True
2026-08-01,31.8,1984.32,2026-09-12,False
2026-09-01,14.9,743.81,2026-10-13,True
2026-10-01,10.06,502.2,2026-11-12,True
2026-11-01,20.84,1300.42,2026-12-13,False
2026-12-01,16.21,1011.5,2027-01-12,True
2027-01-01,15.16,945.98,2027-02-12,False
2027-02-01,13.55,676.42,2027-03-15,True
2027-03-01,12.85,641.47,2027-04-12,True
2027-04-01,12.51,624.5,2027-05-13,True
2027-05-01,21.4,1335.36,2027-06-12,True
2027-06-01,10.77,537.64,2027-07-13,True
2027-07-01,32.7,2040.48,2027-08-12,True
2027-08-01,8.69,433.8,2027-09-12,True
2027-09-01,23.95,1494.48,2027-10-13,False
2027-10-01,7.43,370.91,2027-11-12,False
2027-11-01,17.83,1112.59,2027-12-13,True
2027-12-01,17.88,1115.71,2028-01-12,False
2028-01-01,7.91,394.87,2028-02-12,True
2028-02-01,9.2,459.26,2028-03-14,True
2028-03-01,19.27,1202.45,2028-04-12,True
2028-04-01,22.97,1433.33,2028-05-13,True
2028-05-01,16.06,1002.14,2028-06-12,True
2023-09-01,14.69,1363.98,2023-10-10,False
2023-10-01,122.28,7630.27,2023-11-09,True
2023-11-01,23.79,1484.5,2023-12-10,True
2023-12-01,7.65,381.89,2024-01-09,True
2024-01-01,16.73,1043.95,2024-02-09,True
2024-02-01,15.73,981.55,2024-03-11,True
2024-03-01,6.0,234.0,2024-04-09,True
2024-04-01,10.31,514.68,2024-05-10,True
2024-05-01,21.79,1359.7,2024-06-09,True
2024-06-01,25.05,1563.12,2024-07-10,True
2024-07-01,32.89,2052.34,2024-08-09,True
2024-08-01,27.99,1746.58,2024-09-09,True
2024-09-01,24.94,1556.26,2024-10-10,True
2024-10-01,25.16,1569.98,2024-11-09,True
2024-11-01,26.06,1626.14,2024-12-10,True
2024-12-01,5.7,222.3,2025-01-09,True
2025-01-01,14.99,748.3,2025-02-09,True
2025-02-01,7.53,375.9,2025-03-12,True
2025-03-01,21.15,1853.16,2025-04-09,False
2025-04-01,17.43,1499.12,2025-05-10,False
2025-05-01,18.77,1171.25,2025-06-09,True
2025-06-01,10.99,548.62,2025-07-10,True
2025-07-01,6.85,341.95,2025-08-09,True
2025-08-01,14.58,727.84,2025-09-09,True
2025-09-01,16.18,1009.63,2025-10-02,True
2025-10-01,13.43,670.43,2025-11-01,True
2025-11-01,24.43,1524.43,2025-12-02,True
2025-12-01,8.73,435.8,2026-01-01,True
2026-01-01,4.59,179.02,2026-02-01,True
2026-02-01,14.42,719.84,2026-03-04,True
2026-03-01,12.99,717.63,2026-04-01,False
2026-04-01,8.35,416.83,2026-05-02,True
2026-05-01,22.07,1454.06,2026-06-01,False
2026-06-01,189.65,11834.16,2026-07-02,True
2026-07-01,38.99,2432.98,2026-08-01,True
2026-08-01,23.22,1448.93,2026-09-01,True
2026-09-01,23.62,1473.89,2026-10-02,True
2026-10-01,19.04,1188.1,2026-11-01,True
2026-11-01,23.75,1482.0,2026-12-02,True
2026-12-01,11.49,573.58,2027-01-01,False
2027-01-01,16.34,1019.62,2027-02-01,True
2027-02-01,8.69,433.8,2027-03-04,True
2027-03-01,9.3,464.26,2027-04-01,False
2027-04-01,10.28,513.18,2027-05-02,True
2027-05-01,15.34,957.22,2027-06-01,False
2027-06-01,108.55,6773.52,2027-07-02,True
2027-07-01,18.49,1153.78,2027-08-01,True
2027-08-01,27.05,1687.92,2027-09-01,False
2023-06-01,18.5,1154.4,2023-07-17,True
2023-07-01,20.9,1304.16,2023-08-16,True
2023-08-01,18.56,1158.14,2023-09-16,True
2023-09-01,9.67,482.72,2023-10-17,True
2023-10-01,27.36,3122.86,2023-11-16,False
2023-11-01,14.9,743.81,2023-12-17,True
2023-12-01,17.59,1097.62,2024-01-16,True
2024-01-01,20.5,1279.2,2024-02-16,True
2024-02-01,10.96,944.71,2024-03-18,False
2024-03-01,7.25,361.92,2024-04-16,True
2024-04-01,16.35,1020.24,2024-05-17,True
2024-05-01,7.73,385.88,2024-06-16,True
2024-06-01,15.41,1563.37,2024-07-17,False
2024-07-01,25.37,2534.26,2024-08-16,False
2024-08-01,30.15,2963.14,2024-09-16,False
2024-09-01,6.86,530.53,2024-10-17,False
2024-10-01,10.3,514.18,2024-11-16,True
2024-11-01,14.3,713.86,2024-12-17,True
2024-12-01,11.71,584.57,2025-01-16,True
2025-01-01,11.17,557.6,2025-02-16,True
2025-02-01,8.08,403.36,2025-03-19,True
2025-03-01,21.16,1320.38,2025-04-16,True
2025-04-01,64.58,4029.79,2025-05-17,True
2025-05-01,10.62,530.15,2025-06-16,True
2023-01-01,3.84,149.76,2023-02-20,True
2023-02-01,11.43,570.59,2023-03-20,True
2023-03-01,11.72,585.06,2023-04-20,True
2023-04-01,19.79,1234.9,2023-05-20,True
2023-05-01,9.09,453.77,2023-06-20,True
2023-06-01,10.28,513.18,2023-07-20,True
2023-07-01,21.32,1330.37,2023-08-20,True
2023-08-01,19.9,1241.76,2023-09-20,True
2023-09-01,6.55,605.46,2023-10-20,False
2023-10-01,16.68,1040.83,2023-11-20,True
2023-11-01,7.62,380.39,2023-12-20,True
2023-12-01,9.64,481.22,2024-01-20,True
2024-01-01,6.56,572.82,2024-02-20,False
2024-02-01,15.52,968.45,2024-03-20,True
2024-03-01,15.03,937.87,2024-04-20,True
2024-04-01,5.65,220.34,2024-05-20,True
2024-05-01,15.45,964.08,2024-06-20,True
2024-06-01,34.75,3520.04,2024-07-20,False
2024-07-01,28.09,1752.82,2024-08-20,True
2024-08-01,26.41,1647.98,2024-09-20,True
2024-09-01,20.14,1256.74,2024-10-20,True
2024-10-01,17.28,1078.27,2024-11-20,True
2024-11-01,17.16,1070.78,2024-12-20,True
2024-12-01,18.04,1654.78,2025-01-20,False
2024-05-01,19.16,1988.65,2024-06-02,False
2024-06-01,16.45,1680.86,2024-07-03,False
2024-07-01,21.06,1314.14,2024-08-02,True
2024-08-01,36.58,2282.59,2024-09-02,True
2024-09-01,9.42,470.24,2024-10-03,True
2024-10-01,24.27,1514.45,2024-11-02,True
2024-11-01,20.67,1289.81,2024-12-03,True
2024-12-01,15.05,1394.59,2025-01-02,False
2025-01-01,5.92,230.88,2025-02-02,True
2025-02-01,7.53,375.9,2025-03-05,True
2025-03-01,16.96,1058.3,2025-04-02,True
2025-04-01,9.49,473.74,2025-05-03,True
2025-05-01,12.75,636.48,2025-06-02,True
2025-06-01,26.09,1628.02,2025-07-03,True
2025-07-01,29.84,2436.14,2025-08-02,False
2025-08-01,21.4,1335.36,2025-09-02,True
2025-09-01,15.22,949.73,2025-10-03,True
2025-10-01,21.64,1350.34,2025-11-02,True
2025-11-01,18.75,1410.83,2025-12-03,False
2025-12-01,5.22,240.39,2026-01-02,False
2026-01-01,10.3,514.18,2026-02-02,True
2026-02-01,6.2,309.5,2026-03-05,True
2026-03-01,16.16,1008.38,2026-04-02,True
2026-04-01,21.65,1459.04,2026-05-03,False
2024-09-01,7.34,366.41,2024-10-05,True
2024-10-01,113.77,7099.25,2024-11-04,True
2024-11-01,17.68,1664.04,2024-12-05,False
2024-12-01,17.36,1083.26,2025-01-04,True
2025-01-01,12.25,611.52,2025-02-04,True
2025-02-01,19.02,1186.85,2025-03-07,True
2025-03-01,12.91,907.63,2025-04-04,False
2025-04-01,18.64,1163.14,2025-05-05,True
2025-05-01,6.48,323.48,2025-06-04,True
2025-06-01,10.78,716.62,2025-07-05,False
2025-07-01,9.39,612.49,2025-08-04,False
2025-08-01,15.46,964.7,2025-09-04,True
2025-09-01,9.78,488.22,2025-10-05,True
2025-10-01,14.27,712.36,2025-11-04,True
2025-11-01,10.6,529.15,2025-12-05,True
2025-12-01,11.06,552.12,2026-01-04,True
2026-01-01,16.88,1053.31,2026-02-04,True
2026-02-01,4.86,189.55,2026-03-07,True
2026-03-01,76.05,4745.52,2026-04-04,True
2026-04-01,7.05,351.94,2026-05-05,True
2026-05-01,21.33,1330.99,2026-06-04,True
2026-06-01,10.05,501.7,2026-07-05,True
2026-07-01,8.86,442.3,2026-08-04,True
2026-08-01,19.45,1213.68,2026-09-04,False
2026-06-01,29.92,1867.01,2026-07-06,True
2026-07-01,34.48,2151.55,2026-08-05,True
2026-08-01,11.69,583.56,2026-09-05,False
2026-09-01,9.69,483.72,2026-10-06,True
2026-10-01,22.62,1411.49,2026-11-05,True
2026-11-01,9.38,468.25,2026-12-06,True
2026-12-01,20.52,1280.45,2027-01-05,True
2027-01-01,16.92,1055.81,2027-02-05,True
2027-02-01,11.78,588.06,2027-03-08,True
2027-03-01,9.68,483.23,2027-04-05,True
2027-04-01,15.62,974.69,2027-05-06,True
2027-05-01,15.41,961.58,2027-06-05,True
2027-06-01,26.1,1628.64,2027-07-06,True
2027-07-01,15.73,981.55,2027-08-05,True
2027-08-01,32.12,2004.29,2027-09-05,False
2027-09-01,7.04,351.43,2027-10-06,False
2027-10-01,17.98,1121.95,2027-11-05,True
2027-11-01,10.37,517.67,2027-12-06,True
2027-12-01,19.62,1224.29,2028-01-05,True
2028-01-01,14.24,710.86,2028-02-05,False
2028-02-01,16.53,1031.47,2028-03-07,True
2028-03-01,17.11,1067.66,2028-04-05,True
2028-04-01,14.32,714.85,2028-05-06,True
2028-05-01,12.99,648.46,2028-06-05,True
2022-11-01,24.91,3293.99,2022-12-03,False
2022-12-01,8.03,400.86,2023-01-02,True
2023-01-01,17.68,1103.23,2023-02-02,True
2023-02-01,15.7,2001.0,2023-03-05,False
2023-03-01,14.48,722.84,2023-04-02,True
2023-04-01,13.26,1319.47,2023-05-03,False
2023-05-01,23.67,1477.01,2023-06-02,True
2023-06-01,26.48,3209.69,2023-07-03,False
2023-07-01,21.02,1311.65,2023-08-02,True
2023-08-01,23.7,1478.88,2023-09-02,True
2023-09-01,12.05,601.54,2023-10-03,True
2023-10-01,14.99,748.3,2023-11-02,True
2023-11-01,11.39,1031.97,2023-12-03,False
2023-12-01,4.12,287.62,2024-01-02,False
2024-01-01,13.76,686.9,2024-02-02,True
2024-02-01,12.25,1063.03,2024-03-04,False
2024-03-01,17.52,1093.25,2024-04-02,True
2024-04-01,5.44,212.16,2024-05-03,True
2024-05-01,9.84,491.21,2024-06-02,True
2024-06-01,34.88,2176.51,2024-07-03,True
2024-07-01,63.47,3960.53,2024-08-02,True
2024-08-01,20.04,1250.5,2024-09-02,True
2024-09-01,6.68,333.47,2024-10-03,True
2024-10-01,8.03,615.65,2024-11-02,False
2024-02-01,15.76,983.42,2024-03-15,True
2024-03-01,17.98,1121.95,2024-04-13,True
2024-04-01,15.18,947.23,2024-05-14,True
2024-05-01,12.19,608.52,2024-06-13,True
2024-06-01,26.56,1657.34,2024-07-14,True
2024-07-01,23.38,1458.91,2024-08-13,True
2024-08-01,35.14,2192.74,2024-09-13,True
2024-09-01,20.11,1947.12,2024-10-14,False
2024-10-01,21.74,2071.05,2024-11-13,False
2024-11-01,9.32,698.26,2024-12-14,False
2024-12-01,12.5,920.92,2025-01-13,False
2025-01-01,5.98,233.23,2025-02-13,True
2025-02-01,17.26,1077.02,2025-03-16,True
2025-03-01,14.3,1000.0,2025-04-13,False
2025-04-01,11.87,592.55,2025-05-14,True
2025-05-01,10.58,528.16,2025-06-13,True
2025-06-01,29.32,1829.57,2025-07-14,True
2025-07-01,31.8,1984.32,2025-08-13,True
2025-08-01,22.51,1404.62,2025-09-13,True
2025-09-01,14.86,741.82,2025-10-14,True
2025-10-01,12.01,599.54,2025-11-13,True
2025-11-01,25.33,1580.59,2025-12-14,True
2025-12-01,39.01,2852.09,2026-01-13,False
2026-01-01,5.83,260.54,2026-02-13,False
2025-06-01,31.05,1937.52,2025-06-23,True
2025-07-01,33.47,2088.53,2025-07-23,True
2025-08-01,24.04,1936.38,2025-08-23,False
2025-09-01,21.42,1336.61,2025-09-23,True
2025-10-01,23.07,1785.07,2025-10-23,False
2025-11-01,19.98,1513.76,2025-11-23,False
2025-12-01,8.68,433.31,2025-12-23,True
2026-01-01,14.75,736.32,2026-01-23,True
2026-02-01,12.82,639.97,2026-02-23,True
2026-03-01,22.74,1580.98,2026-03-23,False
2026-04-01,23.43,1462.03,2026-04-23,True
2026-05-01,6.16,307.51,2026-05-23,True
2026-06-01,15.83,1024.83,2026-06-23,False
2026-07-01,15.8,985.92,2026-07-23,True
2026-08-01,32.39,2021.14,2026-08-23,True
2026-09-01,11.9,594.05,2026-09-23,False
2026-10-01,7.71,384.89,2026-10-23,True
2026-11-01,23.32,1455.17,2026-11-23,True
2026-12-01,12.74,635.98,2026-12-23,True
2027-01-01,11.01,549.62,2027-01-23,True
2027-02-01,10.22,510.18,2027-02-23,True
2027-03-01,24.6,1535.04,2027-03-23,True
2027-04-01,7.29,363.91,2027-04-23,False
2027-05-01,19.58,1221.79,2027-05-23,True
2024-07-01,26.12,1629.89,2024-08-20,True
2024-08-01,30.67,1913.81,2024-09-20,True
2024-09-01,20.19,1259.86,2024-10-20,True
2024-10-01,13.87,692.39,2024-11-20,True
2024-11-01,17.03,1062.67,2024-12-20,True
2024-12-01,20.41,1872.16,2025-01-20,False
2025-01-01,4.95,278.81,2025-02-20,False
2025-02-01,8.75,436.8,2025-03-20,True
2025-03-01,14.41,719.35,2025-04-20,True
2025-04-01,7.92,395.36,2025-05-20,True
2025-05-01,15.56,970.94,2025-06-20,True
2025-06-01,32.7,2040.48,2025-07-20,True
2025-07-01,9.71,484.73,2025-08-20,True
2025-08-01,21.53,1343.47,2025-09-20,True
2025-09-01,23.1,1441.44,2025-10-20,True
2025-10-01,7.37,367.91,2025-11-20,True
2025-11-01,16.97,1058.93,2025-12-20,True
2025-12-01,12.82,746.1,2026-01-20,False
2026-01-01,5.42,211.38,2026-02-20,True
2026-02-01,8.68,433.31,2026-03-20,True
2026-03-01,6.24,339.79,2026-04-20,False
2026-04-01,8.8,468.22,2026-05-20,False
2026-05-01,20.19,1259.86,2026-06-20,True
2026-06-01,12.02,609.04,2026-07-20,False
2025-09-01,21.82,1361.57,2025-10-18,True
2025-10-01,9.78,488.22,2025-11-17,True
2025-11-01,20.08,1252.99,2025-12-18,True
2025-12-01,20.44,1275.46,2026-01-17,True
2026-01-01,4.21,164.18,2026-02-17,True
2026-02-01,12.75,710.74,2026-03-20,False
2026-03-01,12.41,619.51,2026-04-17,True
2026-04-01,15.43,962.83,2026-05-18,True
2026-05-01,16.28,1015.87,2026-06-17,True
2026-06-01,27.46,1713.5,2026-07-18,True
2026-07-01,31.46,1963.1,2026-08-17,True
2026-08-01,33.96,2119.1,2026-09-17,True
2026-09-01,22.51,1404.62,2026-10-18,True
2026-10-01,22.17,1383.41,2026-11-17,True
2026-11-01,19.95,1244.88,2026-12-18,False
2026-12-01,49.81,3108.14,2027-01-17,True
2027-01-01,5.06,197.35,2027-02-17,True
2027-02-01,8.71,434.81,2027-03-20,False
2027-03-01,16.56,1033.34,2027-04-17,False
2027-04-01,26.87,1676.69,2027-05-18,True
2027-05-01,5.33,207.86,2027-06-17,True
2027-06-01,26.09,1628.02,2027-07-18,True
2027-07-01,11.19,558.6,2027-08-17,True
2027-08-01,11.33,565.6,2027-09-17,True
2026-06-01,14.67,751.24,2026-07-07,False
2026-07-01,19.8,1235.52,2026-08-06,True
2026-08-01,13.28,662.94,2026-09-06,True
2026-09-01,20.83,1299.79,2026-10-07,True
2026-10-01,20.98,1309.15,2026-11-06,True
2026-11-01,24.12,1505.09,2026-12-07,True
2026-12-01,10.04,501.19,2027-01-06,True
2027-01-01,10.53,525.66,2027-02-06,True
2027-02-01,8.37,417.83,2027-03-09,True
2027-03-01,4.94,192.67,2027-04-06,True
2027-04-01,17.75,1107.6,2027-05-07,False
2027-05-01,9.74,486.22,2027-06-06,True
2027-06-01,31.04,1936.9,2027-07-07,True
2027-07-01,18.45,1151.28,2027-08-06,True
2027-08-01,18.77,1171.25,2027-09-06,True
2027-09-01,21.21,1323.5,2027-10-07,True
2027-10-01,16.48,1028.35,2027-11-06,False
2027-11-01,21.07,1314.77,2027-12-07,True
2027-12-01,11.82,590.05,2028-01-06,False
2028-01-01,18.29,1141.3,2028-02-06,False
2028-02-01,9.61,479.74,2028-03-08,False
2028-03-01,11.02,550.12,2028-04-06,True
2028-04-01,10.62,530.15,2028-05-07,True
2028-05-01,8.45,421.82,2028-06-06,True
2024-12-01,7.28,538.77,2025-01-05,False
2025-01-01,17.36,1083.26,2025-02-05,True
2025-02-01,17.54,1566.05,2025-03-08,False
2025-03-01,13.12,921.84,2025-04-05,False
2025-04-01,14.19,708.36,2025-05-06,True
2025-05-01,13.27,898.71,2025-06-05,False
2025-06-01,16.88,1053.31,2025-07-06,True
2025-07-01,30.06,2449.4,2025-08-05,False
2025-08-01,9.12,455.27,2025-09-05,True
2025-09-01,21.16,1320.38,2025-10-06,True
2025-10-01,22.31,1392.14,2025-11-05,True
2025-11-01,10.62,530.15,2025-12-06,True
2025-12-01,16.99,1060.18,2026-01-05,True
2026-01-01,10.73,535.64,2026-02-05,True
2026-02-01,20.01,1248.62,2026-03-08,True
2026-03-01,8.04,401.35,2026-04-05,True
2026-04-01,21.48,1340.35,2026-05-06,True
2026-05-01,5.65,220.34,2026-06-05,True
2026-06-01,11.2,574.01,2026-07-06,False
2026-07-01,8.91,444.79,2026-08-05,True
2026-08-01,29.85,1862.64,2026-09-05,True
2026-09-01,12.94,645.96,2026-10-06,True
2026-10-01,21.82,1361.57,2026-11-05,True
2026-11-01,18.49,1153.78,2026-12-06,True
2022-08-01,23.44,1462.66,2022-09-18,True
2022-09-01,18.33,1143.79,2022-10-19,True
2022-10-01,22.36,1395.26,2022-11-18,True
2022-11-01,5.94,231.67,2022-12-19,True
2022-12-01,6.05,302.02,2023-01-18,True
2023-01-01,18.83,1174.99,2023-02-18,True
2023-02-01,13.73,685.4,2023-03-20,True
2023-03-01,17.47,1090.13,2023-04-18,True
2023-04-01,21.32,1330.37,2023-05-19,True
2023-05-01,14.46,721.85,2023-06-18,True
2023-06-01,29.45,3545.19,2023-07-19,False
2023-07-01,18.9,1179.36,2023-08-18,True
2023-08-01,15.5,967.2,2023-09-18,True
2023-09-01,20.33,1268.59,2023-10-19,True
2023-10-01,9.44,471.24,2023-11-18,True
2023-11-01,22.11,2485.69,2023-12-19,False
2023-12-01,8.47,422.82,2024-01-18,True
2024-01-01,14.94,1305.77,2024-02-18,False
2024-02-01,15.89,991.54,2024-03-20,True
2024-03-01,5.55,216.46,2024-04-18,True
2024-04-01,18.39,1147.54,2024-05-19,True
2024-05-01,11.47,572.58,2024-06-18,True
2024-06-01,24.46,1526.3,2024-07-19,True
2024-07-01,19.87,1239.89,2024-08-18,True
2026-04-01,5.39,210.22,2026-04-25,True
2026-05-01,14.23,710.36,2026-05-25,True
2026-06-01,18.45,1151.28,2026-06-25,True
2026-07-01,34.88,2176.51,2026-07-25,True
2026-08-01,18.43,1150.03,2026-08-25,False
2026-09-01,88.9,5547.36,2026-09-25,True
2026-10-01,16.02,999.65,2026-10-25,True
2026-11-01,8.31,414.84,2026-11-25,False
2026-12-01,9.66,482.23,2026-12-25,True
2027-01-01,9.28,463.26,2027-01-25,True
2027-02-01,6.32,315.49,2027-02-25,True
2027-03-01,7.28,363.42,2027-03-25,True
2027-04-01,13.71,684.41,2027-04-25,True
2027-05-01,22.63,1412.11,2027-05-25,False
2027-06-01,36.22,2260.13,2027-06-25,True
2027-07-01,34.48,2151.55,2027-07-25,True
2027-08-01,23.99,1496.98,2027-08-25,False
2027-09-01,17.64,1100.74,2027-09-25,True
2027-10-01,9.47,472.74,2027-10-25,True
2027-11-01,19.75,1232.4,2027-11-25,True
2027-12-01,16.8,1048.32,2027-12-25,True
2028-01-01,16.22,1012.13,2028-01-25,False
2028-02-01,7.21,359.93,2028-02-25,True
2028-03-01,5.68,221.52,2028-03-25,False
2024-03-01,13.5,673.92,2024-04-13,True
2024-04-01,19.3,1204.32,2024-05-14,True
2024-05-01,23.34,1456.42,2024-06-13,True
2024-06-01,27.61,1722.86,2024-07-14,True
2024-07-01,27.18,2719.3,2024-08-13,False
2024-08-01,34.28,2139.07,2024-09-13,True
2024-09-01,15.96,995.9,2024-10-14,True
2024-10-01,20.93,1993.87,2024-11-13,False
2024-11-01,22.72,2127.78,2024-12-14,False
2024-12-01,14.96,746.81,2025-01-13,True
2025-01-01,8.27,412.84,2025-02-13,True
2025-02-01,11.22,560.1,2025-03-16,True
2025-03-01,17.62,1540.2,2025-04-13,False
2025-04-01,83.34,5200.42,2025-05-14,True
2025-05-01,18.47,1152.53,2025-06-13,True
2025-06-01,11.39,752.89,2025-07-14,False
2025-07-01,21.68,1352.83,2025-08-13,True
2025-08-01,30.05,1875.12,2025-09-13,True
2025-09-01,9.8,489.22,2025-10-14,True
2025-10-01,12.8,638.98,2025-11-13,True
2025-11-01,13.11,654.46,2025-12-14,True
2025-12-01,15.01,1097.41,2026-01-13,False
2026-01-01,9.12,455.27,2026-02-13,True
2026-02-01,10.73,535.64,2026-03-16,True
2024-05-01,52.51,3276.62,2024-06-01,True
2024-06-01,9.12,745.88,2024-07-02,False
2024-07-01,8.47,422.82,2024-08-01,True
2024-08-01,13.48,672.92,2024-09-01,True
2024-09-01,20.1,1254.24,2024-10-02,True
2024-10-01,13.84,690.89,2024-11-01,True
2024-11-01,7.64,381.38,2024-12-02,True
2024-12-01,10.84,804.03,2025-01-01,False
2025-01-01,19.95,1244.88,2025-02-01,True
2025-02-01,14.43,720.35,2025-03-04,True
2025-03-01,16.02,999.65,2025-04-01,True
2025-04-01,20.8,1297.92,2025-05-02,True
2025-05-01,16.34,1019.62,2025-06-01,True
2025-06-01,28.22,1760.93,2025-07-02,True
2025-07-01,25.7,1603.68,2025-08-01,True
2025-08-01,32.92,2054.21,2025-09-01,True
2025-09-01,15.94,1250.78,2025-10-02,False
2025-10-01,24.48,1527.55,2025-11-01,True
2025-11-01,13.26,661.94,2025-12-02,True
2025-12-01,12.81,755.65,2026-01-01,False
2026-01-01,4.72,184.08,2026-02-01,True
2026-02-01,17.97,1121.33,2026-03-04,True
2026-03-01,16.96,1058.3,2026-04-01,True
2026-04-01,24.08,1624.05,2026-05-02,False
2025-06-01,9.82,649.12,2025-07-14,False
2025-07-01,36.18,2257.63,2025-08-13,True
2025-08-01,10.1,504.19,2025-09-13,True
2025-09-01,5.16,251.05,2025-10-14,False
2025-10-01,5.97,232.82,2025-11-13,True
2025-11-01,16.15,1007.76,2025-12-14,True
2025-12-01,15.12,943.49,2026-01-13,True
2026-01-01,4.96,221.65,2026-02-13,False
2026-02-01,13.74,685.9,2026-03-16,True
2026-03-01,23.27,1452.05,2026-04-13,True
2026-04-01,22.86,1426.46,2026-05-14,True
2026-05-01,7.03,350.94,2026-06-13,True
2026-06-01,7.48,373.4,2026-07-14,True
2026-07-01,27.16,1694.78,2026-08-13,False
2026-08-01,7.73,385.88,2026-09-13,True
2026-09-01,19.35,1207.44,2026-10-14,False
2026-10-01,24.83,1549.39,2026-11-13,True
2026-11-01,8.59,428.81,2026-12-14,False
2026-12-01,14.39,718.34,2027-01-13,True
2027-01-01,19.66,1226.78,2027-02-13,False
2027-02-01,6.0,234.0,2027-03-16,True
2027-03-01,5.93,231.26,2027-04-13,True
2027-04-01,14.89,743.3,2027-05-14,False
2027-05-01,15.22,949.73,2027-06-13,True
2025-05-01,5.19,202.42,2025-05-29,True
2025-06-01,20.28,1265.47,2025-06-29,True
2025-07-01,20.46,1276.7,2025-07-29,True
2025-08-01,19.09,1191.22,2025-08-29,True
2025-09-01,6.17,308.0,2025-09-29,True
2025-10-01,6.92,426.62,2025-10-29,False
2025-11-01,18.0,1123.2,2025-11-29,True
2025-12-01,10.32,515.17,2025-12-29,True
2026-01-01,5.09,198.5,2026-01-29,True
2026-02-01,19.97,1246.13,2026-03-01,True
2026-03-01,8.47,422.82,2026-03-29,True
2026-04-01,8.81,439.8,2026-04-29,True
2026-05-01,21.84,1442.32,2026-05-29,False
2026-06-01,30.23,1947.66,2026-06-29,False
2026-07-01,39.04,2436.1,2026-07-29,True
2026-08-01,21.35,1332.24,2026-08-29,True
2026-09-01,18.48,1153.15,2026-09-29,False
2026-10-01,16.62,1037.09,2026-10-29,True
2026-11-01,9.26,462.26,2026-11-29,True
2026-12-01,6.95,346.94,2026-12-29,False
2027-01-01,6.89,343.94,2027-01-29,True
2027-02-01,7.25,361.92,2027-03-01,True
2027-03-01,7.52,375.4,2027-03-29,True
2027-04-01,10.5,524.16,2027-04-29,True
2024-01-01,15.79,1738.23,2024-02-02,False
2024-02-01,5.41,366.75,2024-03-04,False
2024-03-01,12.1,604.03,2024-04-02,True
2024-04-01,6.59,328.97,2024-05-03,True
2024-05-01,17.48,1090.75,2024-06-02,True
2024-06-01,19.27,1202.45,2024-07-03,True
2024-07-01,29.81,1860.14,2024-08-02,True
2024-08-01,18.18,1134.43,2024-09-02,True
2024-09-01,5.74,349.42,2024-10-03,False
2024-10-01,10.12,505.19,2024-11-02,True
2024-11-01,23.05,1438.32,2024-12-03,True
2024-12-01,4.59,179.02,2025-01-02,True
2025-01-01,6.27,313.0,2025-02-02,True
2025-02-01,19.39,1209.94,2025-03-05,True
2025-03-01,93.83,5854.99,2025-04-02,True
2025-04-01,10.42,719.99,2025-05-03,False
2025-05-01,42.75,2667.6,2025-06-02,True
2025-06-01,14.73,735.32,2025-07-03,True
2025-07-01,29.61,1847.66,2025-08-02,True
2025-08-01,15.02,937.25,2025-09-02,True
2025-09-01,8.13,405.85,2025-10-03,True
2025-10-01,6.3,387.36,2025-11-02,False
2025-11-01,12.65,761.47,2025-12-03,False
2025-12-01,11.51,678.48,2026-01-02,False
2021-08-01,17.06,1064.54,2021-09-17,True
2021-09-01,8.38,418.33,2021-10-18,True
2021-10-01,18.22,1136.93,2021-11-17,True
2021-11-01,11.12,555.11,2021-12-18,True
2021-12-01,5.05,196.94,2022-01-17,True
2022-01-01,13.7,683.9,2022-02-17,True
2022-02-01,78.4,4892.16,2022-03-20,True
2022-03-01,21.53,1343.47,2022-04-17,True
2022-04-01,22.14,1381.54,2022-05-18,True
2022-05-01,13.13,655.45,2022-06-17,True
2022-06-01,10.38,518.17,2022-07-18,True
2022-07-01,11.52,1270.45,2022-08-17,False
2022-08-01,8.41,419.83,2022-09-17,True
2022-09-01,26.1,1628.64,2022-10-18,True
2022-10-01,23.84,1487.62,2022-11-17,True
2022-11-01,18.92,2487.15,2022-12-18,False
2022-12-01,6.17,641.15,2023-01-17,False
2023-01-01,10.46,1073.49,2023-02-17,False
2023-02-01,12.84,1301.17,2023-03-20,False
2023-03-01,11.42,570.08,2023-04-17,True
2023-04-01,23.25,1450.8,2023-05-18,True
2023-05-01,22.89,2793.59,2023-06-17,False
2023-06-01,16.96,1058.3,2023-07-18,True
2023-07-01,24.6,1535.04,2023-08-17,True
2023-06-01,31.88,3849.31,2023-07-12,False
2023-07-01,11.29,1076.46,2023-08-11,False
2023-08-01,14.41,719.35,2023-09-11,True
2023-09-01,21.58,1346.59,2023-10-12,True
2023-10-01,8.16,746.81,2023-11-11,False
2023-11-01,19.51,1217.42,2023-12-12,True
2023-12-01,20.31,1267.34,2024-01-11,True
2024-01-01,5.41,210.98,2024-02-11,True
2024-02-01,5.5,214.51,2024-03-13,True
2024-03-01,22.46,1401.5,2024-04-11,True
2024-04-01,24.67,1539.41,2024-05-12,True
2024-05-01,12.4,1024.98,2024-06-11,False
2024-06-01,8.53,425.82,2024-07-12,True
2024-07-01,7.02,350.44,2024-08-11,True
2024-08-01,27.68,2727.58,2024-09-11,False
2024-09-01,14.19,708.36,2024-10-12,True
2024-10-01,12.5,624.0,2024-11-11,True
2024-11-01,7.64,381.38,2024-12-12,True
2024-12-01,13.63,680.41,2025-01-11,True
2025-01-01,13.37,667.43,2025-02-11,True
2025-02-01,7.32,365.41,2025-03-14,True
2025-03-01,14.5,723.84,2025-04-11,True
2025-04-01,12.79,638.47,2025-05-12,True
2025-05-01,6.69,333.96,2025-06-11,True
2023-03-01,12.23,610.52,2023-04-02,True
2023-04-01,20.55,1282.32,2023-05-03,True
2023-05-01,17.57,1096.37,2023-06-02,True
2023-06-01,9.27,462.76,2023-07-03,True
2023-07-01,15.71,980.3,2023-08-02,True
2023-08-01,29.07,1813.97,2023-09-02,True
2023-09-01,8.05,401.86,2023-10-03,True
2023-10-01,23.65,2716.63,2023-11-02,False
2023-11-01,8.57,427.81,2023-12-03,True
2023-12-01,6.71,599.6,2024-01-02,False
2024-01-01,12.14,606.02,2024-02-02,True
2024-02-01,17.05,1063.92,2024-03-04,True
2024-03-01,15.38,959.71,2024-04-02,True
2024-04-01,23.06,1438.94,2024-05-03,True
2024-05-01,7.34,366.41,2024-06-02,True
2024-06-01,15.38,959.71,2024-07-03,True
2024-07-01,15.0,748.8,2024-08-02,True
2024-08-01,14.78,737.82,2024-09-02,True
2024-09-01,22.68,2208.94,2024-10-03,False
2024-10-01,23.15,2218.6,2024-11-02,False
2024-11-01,14.51,724.34,2024-12-03,True
2024-12-01,7.74,573.77,2025-01-02,False
2025-01-01,13.06,651.96,2025-02-02,True
2025-02-01,19.57,1221.17,2025-03-05,True
2023-03-01,22.39,2822.22,2023-04-01,False
2023-04-01,20.39,1272.34,2023-05-02,True
2023-05-01,21.01,1311.02,2023-06-01,True
2023-06-01,21.03,2550.18,2023-07-02,False
2023-07-01,19.86,1239.26,2023-08-01,True
2023-08-01,30.64,1911.94,2023-09-01,True
2023-09-01,11.06,552.12,2023-10-02,True
2023-10-01,21.99,1372.18,2023-11-01,True
2023-11-01,11.4,569.09,2023-12-02,True
2023-12-01,14.74,735.82,2024-01-01,True
2024-01-01,14.84,740.81,2024-02-01,True
2024-02-01,16.06,1002.14,2024-03-03,True
2024-03-01,14.42,719.84,2024-04-01,True
2024-04-01,25.84,1612.42,2024-05-02,True
2024-05-01,22.35,1394.64,2024-06-01,True
2024-06-01,73.56,4590.14,2024-07-02,True
2024-07-01,19.18,1930.89,2024-08-01,False
2024-08-01,22.84,2262.54,2024-09-01,False
2024-09-01,91.12,5685.89,2024-10-02,True
2024-10-01,7.99,612.91,2024-11-01,False
2024-11-01,18.2,1135.68,2024-12-02,True
2024-12-01,11.94,596.04,2025-01-01,True
2025-01-01,12.32,615.01,2025-02-01,True
2025-02-01,9.2,658.66,2025-03-04,False
2025-04-01,17.9,1531.17,2025-05-19,False
2025-05-01,7.13,355.93,2025-06-18,True
2025-06-01,26.4,1647.36,2025-07-19,True
2025-07-01,28.52,1779.65,2025-08-18,True
2025-08-01,33.17,2069.81,2025-09-18,True
2025-09-01,15.45,1198.67,2025-10-19,False
2025-10-01,6.05,302.02,2025-11-18,True
2025-11-01,19.07,1189.97,2025-12-19,True
2025-12-01,7.7,448.76,2026-01-18,False
2026-01-01,13.28,756.86,2026-02-18,False
2026-02-01,8.48,423.32,2026-03-20,True
2026-03-01,22.26,1389.02,2026-04-18,True
2026-04-01,23.58,1471.39,2026-05-19,True
2026-05-01,15.0,748.8,2026-06-18,True
2026-06-01,26.15,1631.76,2026-07-19,True
2026-07-01,37.4,2333.76,2026-08-18,True
2026-08-01,12.22,610.02,2026-09-18,True
2026-09-01,23.42,1461.41,2026-10-19,True
2026-10-01,8.9,444.29,2026-11-18,True
2026-11-01,7.86,392.38,2026-12-19,True
2026-12-01,16.57,1033.97,2027-01-18,True
2027-01-01,17.28,1078.27,2027-02-18,False
2027-02-01,6.59,328.97,2027-03-20,True
2027-03-01,13.59,678.41,2027-04-18,True
2025-11-01,18.32,1389.9,2025-11-21,False
2025-12-01,12.63,630.49,2025-12-21,True
2026-01-01,16.99,1060.18,2026-01-21,True
2026-02-01,15.88,1128.81,2026-02-21,False
2026-03-01,26.1,1817.29,2026-03-21,False
2026-04-01,5.37,228.27,2026-04-21,False
2026-05-01,19.93,1243.63,2026-05-21,True
2026-06-01,22.93,1430.83,2026-06-21,True
2026-07-01,13.16,656.95,2026-07-21,True
2026-08-01,21.24,1325.38,2026-08-21,False
2026-09-01,8.2,409.34,2026-09-21,True
2026-10-01,14.15,706.37,2026-10-21,False
2026-11-01,7.34,366.41,2026-11-21,True
2026-12-01,5.88,229.32,2026-12-21,True
2027-01-01,7.26,362.42,2027-01-21,True
2027-02-01,10.7,534.14,2027-02-21,True
2027-03-01,18.1,1129.44,2027-03-21,True
2027-04-01,24.29,1515.7,2027-04-21,False
2027-05-01,20.39,1272.34,2027-05-21,True
2027-06-01,9.64,481.22,2027-06-21,True
2027-07-01,10.29,513.67,2027-07-21,True
2027-08-01,8.19,408.84,2027-08-21,True
2027-09-01,21.72,1355.33,2027-09-21,True
2027-10-01,15.81,986.54,2027-10-21,True
2025-08-01,16.36,1316.06,2025-08-25,False
2025-09-01,9.49,598.49,2025-09-25,False
2025-10-01,13.05,651.46,2025-10-25,True
2025-11-01,9.49,473.74,2025-11-25,True
2025-12-01,17.33,1081.39,2025-12-25,True
2026-01-01,14.6,846.66,2026-01-25,False
2026-02-01,4.27,166.54,2026-02-25,True
2026-03-01,17.21,1073.9,2026-03-25,True
2026-04-01,16.81,1048.94,2026-04-25,True
2026-05-01,15.72,1041.42,2026-05-25,False
2026-06-01,24.79,1546.9,2026-06-25,True
2026-07-01,7.26,362.42,2026-07-25,True
2026-08-01,28.2,1759.68,2026-08-25,True
2026-09-01,15.31,955.34,2026-09-25,True
2026-10-01,14.61,729.34,2026-10-25,True
2026-11-01,12.86,641.98,2026-11-25,True
2026-12-01,8.8,439.3,2026-12-25,True
2027-01-01,17.35,1082.64,2027-01-25,False
2027-02-01,17.86,1114.46,2027-02-25,True
2027-03-01,16.58,1034.59,2027-03-25,True
2027-04-01,15.48,965.95,2027-04-25,True
2027-05-01,15.99,997.78,2027-05-25,True
2027-06-01,24.83,1549.39,2027-06-25,True
2027-07-01,17.64,1100.74,2027-07-25,True
2023-04-01,10.84,541.13,2023-05-06,True
2023-05-01,22.19,1384.66,2023-06-05,True
2023-06-01,26.94,1681.06,2023-07-06,True
2023-07-01,19.02,2272.82,2023-08-05,False
2023-08-01,34.98,2182.75,2023-09-05,True
2023-09-01,85.53,5337.07,2023-10-06,True
2023-10-01,19.07,2187.56,2023-11-05,False
2023-11-01,18.44,1150.66,2023-12-06,True
2023-12-01,6.95,346.94,2024-01-05,True
2024-01-01,5.02,195.79,2024-02-05,True
2024-02-01,6.33,316.0,2024-03-07,True
2024-03-01,18.95,1182.48,2024-04-05,True
2024-04-01,8.81,439.8,2024-05-06,True
2024-05-01,18.41,1148.78,2024-06-05,True
2024-06-01,9.42,470.24,2024-07-06,True
2024-07-01,13.68,682.91,2024-08-05,True
2024-08-01,7.38,368.41,2024-09-05,True
2024-09-01,44.15,4293.15,2024-10-06,False
2024-10-01,12.04,601.03,2024-11-05,True
2024-11-01,21.31,1329.74,2024-12-06,True
2024-12-01,11.72,585.06,2025-01-05,True
2025-01-01,10.28,513.18,2025-02-05,True
2025-02-01,6.96,347.45,2025-03-08,True
2025-03-01,6.3,314.5,2025-04-05,True
2026-04-01,17.37,1174.21,2026-04-29,False
2026-05-01,10.04,530.43,2026-05-29,False
2026-06-01,101.63,6341.71,2026-06-29,True
2026-07-01,12.83,640.48,2026-07-29,True
2026-08-01,25.15,1569.36,2026-08-29,False
2026-09-01,23.26,1451.42,2026-09-29,True
2026-10-01,118.42,7389.41,2026-10-29,True
2026-11-01,7.26,362.42,2026-11-29,True
2026-12-01,19.06,1189.34,2026-12-29,True
2027-01-01,20.18,1259.23,2027-01-29,False
2027-02-01,12.2,609.02,2027-03-01,True
2027-03-01,26.3,1641.12,2027-03-29,True
2027-04-01,6.98,348.44,2027-04-29,True
2027-05-01,23.8,1485.12,2027-05-29,False
2027-06-01,9.7,484.22,2027-06-29,True
2027-07-01,10.5,524.16,2027-07-29,True
2027-08-01,26.29,1640.5,2027-08-29,True
2027-09-01,23.54,1468.9,2027-09-29,True
2027-10-01,6.32,315.49,2027-10-29,True
2027-11-01,21.82,1361.57,2027-11-29,False
2027-12-01,32.03,1998.67,2027-12-29,True
2028-01-01,8.38,418.33,2028-01-29,True
2028-02-01,4.8,187.2,2028-02-29,True
2028-03-01,13.03,650.46,2028-03-29,True
2025-04-01,20.48,1277.95,2025-05-05,True
2025-05-01,11.06,552.12,2025-06-04,True
2025-06-01,8.26,412.34,2025-07-05,True
2025-07-01,15.46,964.7,2025-08-04,True
2025-08-01,14.44,923.28,2025-09-04,False
2025-09-01,9.77,487.72,2025-10-05,True
2025-10-01,13.48,672.92,2025-11-04,True
2025-11-01,11.54,576.07,2025-12-05,True
2025-12-01,5.93,272.69,2026-01-04,False
2026-01-01,8.88,443.29,2026-02-04,True
2026-02-01,6.26,312.5,2026-03-07,True
2026-03-01,11.18,558.11,2026-04-04,True
2026-04-01,7.61,379.9,2026-05-05,True
2026-05-01,21.35,1403.29,2026-06-04,False
2026-06-01,18.28,1172.04,2026-07-05,False
2026-07-01,24.17,1508.21,2026-08-04,True
2026-08-01,11.35,566.59,2026-09-04,True
2026-09-01,23.45,1463.28,2026-10-05,True
2026-10-01,10.59,528.65,2026-11-04,True
2026-11-01,15.65,976.56,2026-12-05,True
2026-12-01,20.32,1267.97,2027-01-04,True
2027-01-01,18.52,1155.65,2027-02-04,True
2027-02-01,5.17,201.62,2027-03-07,True
2027-03-01,22.64,1412.74,2027-04-04,False
2025-08-01,19.47,1214.93,2025-09-10,True
2025-09-01,12.67,790.6,2025-10-11,False
2025-10-01,10.93,668.4,2025-11-10,False
2025-11-01,13.45,805.14,2025-12-11,False
2025-12-01,16.97,1058.93,2026-01-10,True
2026-01-01,5.56,216.84,2026-02-10,True
2026-02-01,12.96,646.97,2026-03-13,True
2026-03-01,23.66,1476.38,2026-04-10,True
2026-04-01,17.49,1091.38,2026-05-11,True
2026-05-01,19.83,1237.39,2026-06-10,True
2026-06-01,25.59,1632.75,2026-07-11,False
2026-07-01,21.44,1337.86,2026-08-10,True
2026-08-01,10.66,532.15,2026-09-10,False
2026-09-01,11.31,564.6,2026-10-11,True
2026-10-01,117.97,7361.33,2026-11-10,True
2026-11-01,13.67,682.4,2026-12-11,False
2026-12-01,7.89,393.86,2027-01-10,True
2027-01-01,15.28,953.47,2027-02-10,True
2027-02-01,14.08,702.88,2027-03-13,True
2027-03-01,16.96,1058.3,2027-04-10,False
2027-04-01,9.97,497.7,2027-05-11,True
2027-05-01,21.38,1334.11,2027-06-10,False
2027-06-01,25.94,1618.66,2027-07-11,True
2027-07-01,8.12,405.35,2027-08-10,False
2022-02-01,14.16,706.87,2022-02-28,True
2022-03-01,14.51,724.34,2022-03-28,True
2022-04-01,11.3,1298.37,2022-04-28,False
2022-05-01,14.75,1676.36,2022-05-28,False
2022-06-01,24.96,1557.5,2022-06-28,True
2022-07-01,12.4,1377.81,2022-07-28,False
2022-08-01,14.12,704.87,2022-08-28,True
2022-09-01,16.66,2260.22,2022-09-28,False
2022-10-01,17.86,1114.46,2022-10-28,True
2022-11-01,15.67,977.81,2022-11-28,True
2022-12-01,46.89,6139.6,2022-12-28,False
2023-01-01,15.29,954.1,2023-01-28,True
2023-02-01,18.67,1165.01,2023-02-28,True
2023-03-01,25.17,1570.61,2023-03-28,True
2023-04-01,23.61,1473.26,2023-04-28,True
2023-05-01,15.7,1932.42,2023-05-28,False
2023-06-01,8.76,437.3,2023-06-28,True
2023-07-01,22.66,2717.2,2023-07-28,False
2023-08-01,63.53,7515.6,2023-08-28,False
2023-09-01,12.28,613.02,2023-09-28,True
2023-10-01,6.14,306.5,2023-10-28,True
2023-11-01,18.0,2043.29,2023-11-28,False
2023-12-01,8.88,795.34,2023-12-28,False
2024-01-01,7.01,349.94,2024-01-28,True
2025-04-01,16.05,1372.08,2025-05-20,False
2025-05-01,20.11,1254.86,2025-06-19,True
2025-06-01,33.06,2062.94,2025-07-20,True
2025-07-01,13.79,688.39,2025-08-19,True
2025-08-01,13.12,654.95,2025-09-19,True
2025-09-01,5.72,223.08,2025-10-20,True
2025-10-01,8.86,442.3,2025-11-19,True
2025-11-01,15.27,952.85,2025-12-20,True
2025-12-01,14.68,854.97,2026-01-19,False
2026-01-01,9.78,488.22,2026-02-19,True
2026-02-01,11.48,639.94,2026-03-20,False
2026-03-01,16.47,1027.73,2026-04-19,True
2026-04-01,8.82,440.29,2026-05-20,True
2026-05-01,20.34,1269.22,2026-06-19,True
2026-06-01,19.98,1246.75,2026-07-20,True
2026-07-01,27.18,1696.03,2026-08-19,False
2026-08-01,31.04,1936.9,2026-09-19,False
2026-09-01,24.01,1498.22,2026-10-20,True
2026-10-01,24.26,1513.82,2026-11-19,False
2026-11-01,6.27,313.0,2026-12-20,True
2026-12-01,16.55,1032.72,2027-01-19,False
2027-01-01,12.77,637.48,2027-02-19,False
2027-02-01,7.65,381.89,2027-03-20,True
2027-03-01,25.74,1606.18,2027-04-19,True
2024-02-01,7.41,369.91,2024-02-27,True
2024-03-01,5.84,227.76,2024-03-27,True
2024-04-01,8.82,745.56,2024-04-27,False
2024-05-01,7.27,362.92,2024-05-27,True
2024-06-01,25.18,1571.23,2024-06-27,True
2024-07-01,20.7,2089.29,2024-07-27,False
2024-08-01,8.63,430.81,2024-08-27,True
2024-09-01,21.34,2085.09,2024-09-27,False
2024-10-01,16.11,1005.26,2024-10-27,True
2024-11-01,14.38,1087.54,2024-11-27,False
2024-12-01,11.9,594.05,2024-12-27,True
2025-01-01,16.99,1060.18,2025-01-27,True
2025-02-01,4.26,238.96,2025-02-27,False
2025-03-01,19.31,1204.94,2025-03-27,True
2025-04-01,7.76,387.38,2025-04-27,True
2025-05-01,11.95,596.54,2025-05-27,True
2025-06-01,8.48,423.32,2025-06-27,True
2025-07-01,21.08,1315.39,2025-07-27,True
2025-08-01,19.27,1548.15,2025-08-27,False
2025-09-01,91.73,7221.72,2025-09-27,False
2025-10-01,10.3,514.18,2025-10-27,True
2025-11-01,6.22,310.5,2025-11-27,True
2025-12-01,20.63,1287.31,2025-12-27,True
2026-01-01,7.49,373.9,2026-01-27,True
2026-04-01,9.23,493.4,2026-05-14,False
2026-05-01,13.11,654.46,2026-06-13,True
2026-06-01,39.07,2486.73,2026-07-14,False
2026-07-01,15.1,942.24,2026-08-13,True
2026-08-01,14.63,730.33,2026-09-13,True
2026-09-01,72.41,4518.38,2026-10-14,False
2026-10-01,8.73,435.8,2026-11-13,False
2026-11-01,17.96,1120.7,2026-12-14,False
2026-12-01,6.5,324.48,2027-01-13,False
2027-01-01,5.15,200.86,2027-02-13,False
2027-02-01,6.43,320.99,2027-03-16,True
2027-03-01,11.36,567.1,2027-04-13,False
2027-04-01,19.54,1219.3,2027-05-14,False
2027-05-01,14.45,721.34,2027-06-13,True
2027-06-01,21.51,1342.22,2027-07-14,True
2027-07-01,14.26,711.86,2027-08-13,True
2027-08-01,22.62,1411.49,2027-09-13,False
2027-09-01,22.67,1414.61,2027-10-14,True
2027-10-01,14.21,709.37,2027-11-13,False
2027-11-01,15.42,962.21,2027-12-14,True
2027-12-01,5.06,197.35,2028-01-13,True
2028-01-01,16.64,1038.34,2028-02-13,False
2028-02-01,10.34,516.17,2028-03-15,True
2028-03-01,12.12,605.03,2028-04-13,True
2025-11-01,14.15,845.29,2025-12-14,False
2025-12-01,5.92,230.88,2026-01-13,True
2026-01-01,13.39,668.42,2026-02-13,True
2026-02-01,11.87,592.55,2026-03-16,True
2026-03-01,11.32,619.72,2026-04-13,False
2026-04-01,6.67,332.96,2026-05-14,True
2026-05-01,14.97,781.55,2026-06-13,False
2026-06-01,19.89,1265.96,2026-07-14,False
2026-07-01,8.97,447.78,2026-08-13,False
2026-08-01,8.29,413.83,2026-09-13,True
2026-09-01,19.9,1241.76,2026-10-14,True
2026-10-01,13.63,680.41,2026-11-13,True
2026-11-01,21.71,1354.7,2026-12-14,True
2026-12-01,16.42,1024.61,2027-01-13,True
2027-01-01,14.24,710.86,2027-02-13,True
2027-02-01,18.26,1139.42,2027-03-16,False
2027-03-01,5.69,221.9,2027-04-13,True
2027-04-01,8.4,419.33,2027-05-14,False
2027-05-01,26.9,1678.56,2027-06-13,True
2027-06-01,19.28,1203.07,2027-07-14,False
2027-07-01,31.79,1983.7,2027-08-13,True
2027-08-01,29.57,1845.17,2027-09-13,True
2027-09-01,24.71,1541.9,2027-10-14,False
2027-10-01,6.99,348.94,2027-11-13,True
2024-11-01,22.78,2136.94,2024-12-11,False
2024-12-01,52.11,4807.04,2025-01-10,False
2025-01-01,11.88,593.05,2025-02-10,True
2025-02-01,14.94,745.8,2025-03-13,True
2025-03-01,23.24,1450.18,2025-04-10,True
2025-04-01,23.7,1478.88,2025-05-11,True
2025-05-01,5.78,304.89,2025-06-10,False
2025-06-01,9.22,610.61,2025-07-11,False
2025-07-01,32.58,2032.99,2025-08-10,True
2025-08-01,9.49,473.74,2025-09-10,True
2025-09-01,24.77,1932.06,2025-10-11,False
2025-10-01,12.66,631.99,2025-11-10,True
2025-11-01,24.45,1525.68,2025-12-11,True
2025-12-01,19.34,1206.82,2026-01-10,True
2026-01-01,7.73,385.88,2026-02-10,True
2026-02-01,18.76,1170.62,2026-03-13,True
2026-03-01,14.92,744.8,2026-04-10,True
2026-04-01,12.55,672.44,2026-05-11,False
2026-05-01,11.32,565.09,2026-06-10,True
2026-06-01,7.14,356.42,2026-07-11,True
2026-07-01,17.94,1119.46,2026-08-10,False
2026-08-01,23.19,1447.06,2026-09-10,True
2026-09-01,15.96,995.9,2026-10-11,True
2026-10-01,20.21,1261.1,2026-11-10,True
2022-06-01,22.27,1389.65,2022-06-21,True
2022-07-01,29.01,1810.22,2022-07-21,True
2022-08-01,29.39,4045.37,2022-08-21,False
2022-09-01,17.61,2395.51,2022-09-21,False
2022-10-01,19.89,2674.66,2022-10-21,False
2022-11-01,15.3,2032.76,2022-11-21,False
2022-12-01,15.34,957.22,2022-12-21,True
2023-01-01,17.12,1068.29,2023-01-21,True
2023-02-01,5.19,415.47,2023-02-21,False
2023-03-01,20.8,2633.7,2023-03-21,False
2023-04-01,21.58,1346.59,2023-04-21,True
2023-05-01,18.1,1129.44,2023-05-21,True
2023-06-01,15.67,1909.17,2023-06-21,False
2023-07-01,10.7,534.14,2023-07-21,True
2023-08-01,20.37,1271.09,2023-08-21,True
2023-09-01,16.44,1025.86,2023-09-21,True
2023-10-01,13.8,688.9,2023-10-21,True
2023-11-01,13.68,1246.31,2023-11-21,False
2023-12-01,9.53,475.74,2023-12-21,True
2024-01-01,10.8,539.14,2024-01-21,True
2024-02-01,9.68,483.23,2024-02-21,True
2024-03-01,6.49,323.98,2024-03-21,True
2024-04-01,16.09,1004.02,2024-04-21,True
2024-05-01,17.72,1105.73,2024-05-21,True
2022-06-01,9.32,465.25,2022-06-28,True
2022-07-01,34.25,4757.05,2022-07-28,False
2022-08-01,40.96,2555.9,2022-08-28,True
2022-09-01,22.46,1401.5,2022-09-28,True
2022-10-01,112.77,15123.36,2022-10-28,False
2022-11-01,24.02,3182.56,2022-11-28,False
2022-12-01,8.26,412.34,2022-12-28,True
2023-01-01,5.82,470.44,2023-01-28,False
2023-02-01,10.39,1061.52,2023-02-28,False
2023-03-01,7.35,366.91,2023-03-28,True
2023-04-01,20.48,1277.95,2023-04-28,True
2023-05-01,11.86,592.06,2023-05-28,True
2023-06-01,7.77,755.07,2023-06-28,False
2023-07-01,9.72,485.22,2023-07-28,True
2023-08-01,29.59,1846.42,2023-08-28,True
2023-09-01,9.76,487.22,2023-09-28,True
2023-10-01,26.12,1629.89,2023-10-28,True
2023-11-01,16.04,1820.8,2023-11-28,False
2023-12-01,15.69,979.06,2023-12-28,True
2024-01-01,7.84,391.37,2024-01-28,True
2024-02-01,17.56,1095.74,2024-02-28,True
2024-03-01,59.67,3723.41,2024-03-28,True
2024-04-01,20.51,2166.1,2024-04-28,False
2024-05-01,7.81,389.88,2024-05-28,True
2022-03-01,22.88,1427.71,2022-04-03,True
2022-04-01,15.54,2227.08,2022-05-04,False
2022-05-01,23.79,1484.5,2022-06-03,True
2022-06-01,8.89,996.66,2022-07-04,False
2022-07-01,19.36,1208.06,2022-08-03,True
2022-08-01,16.5,1029.6,2022-09-03,True
2022-09-01,6.89,746.06,2022-10-04,False
2022-10-01,12.09,603.53,2022-11-03,True
2022-11-01,8.32,879.81,2022-12-04,False
2022-12-01,19.7,1229.28,2023-01-03,True
2023-01-01,16.6,2141.6,2023-02-03,False
2023-02-01,5.21,203.18,2023-03-06,True
2023-03-01,22.84,1425.22,2023-04-03,True
2023-04-01,7.56,377.4,2023-05-04,True
2023-05-01,11.43,570.59,2023-06-03,True
2023-06-01,122.65,7653.36,2023-07-04,True
2023-07-01,7.68,383.39,2023-08-03,True
2023-08-01,19.41,1211.18,2023-09-03,True
2023-09-01,18.6,2164.59,2023-10-04,False
2023-10-01,21.99,1372.18,2023-11-03,True
2023-11-01,24.68,2793.87,2023-12-04,False
2023-12-01,20.4,2277.54,2024-01-03,False
2024-01-01,8.69,433.8,2024-02-03,True
2024-02-01,21.6,1347.84,2024-03-05,True
2022-02-01,46.84,2922.82,2022-02-23,True
2022-03-01,13.39,1558.53,2022-03-23,False
2022-04-01,105.7,6595.68,2022-04-23,True
2022-05-01,20.68,1290.43,2022-05-23,True
2022-06-01,7.97,897.17,2022-06-23,False
2022-07-01,26.9,1678.56,2022-07-23,True
2022-08-01,7.07,352.93,2022-08-23,True
2022-09-01,25.66,3487.9,2022-09-23,False
2022-10-01,21.41,2876.81,2022-10-23,False
2022-11-01,13.95,1481.55,2022-11-23,False
2022-12-01,12.11,1271.05,2022-12-23,False
2023-01-01,7.41,369.91,2023-01-23,True
2023-02-01,15.97,996.53,2023-02-23,True
2023-03-01,16.86,1052.06,2023-03-23,True
2023-04-01,23.63,1474.51,2023-04-23,True
2023-05-01,23.29,1453.3,2023-05-23,True
2023-06-01,128.87,8041.49,2023-06-23,True
2023-07-01,19.21,1198.7,2023-07-23,True
2023-08-01,40.46,2524.7,2023-08-23,True
2023-09-01,11.04,1032.87,2023-09-23,False
2023-10-01,8.04,401.35,2023-10-23,True
2023-11-01,23.7,1478.88,2023-11-23,True
2023-12-01,8.7,781.02,2023-12-23,False
2024-01-01,17.04,1884.7,2024-01-23,False
2023-07-01,26.72,3181.82,2023-08-13,False
2023-08-01,14.29,713.35,2023-09-13,True
2023-09-01,7.63,380.89,2023-10-14,True
2023-10-01,15.32,955.97,2023-11-13,True
2023-11-01,10.46,942.95,2023-12-14,False
2023-12-01,16.62,1037.09,2024-01-13,True
2024-01-01,21.04,1312.9,2024-02-13,True
2024-02-01,9.56,477.24,2024-03-15,True
2024-03-01,22.86,1426.46,2024-04-13,True
2024-04-01,8.17,684.83,2024-05-14,False
2024-05-01,20.85,1301.04,2024-06-13,True
2024-06-01,32.21,3272.79,2024-07-14,False
2024-07-01,21.23,1324.75,2024-08-13,True
2024-08-01,35.63,2223.31,2024-09-13,True
2024-09-01,8.69,433.8,2024-10-14,True
2024-10-01,12.09,603.53,2024-11-13,True
2024-11-01,13.4,1003.95,2024-12-14,False
2024-12-01,16.26,1014.62,2025-01-13,True
2025-01-01,18.03,1125.07,2025-02-13,True
2025-02-01,10.11,504.7,2025-03-16,True
2025-03-01,9.57,669.22,2025-04-13,False
2025-04-01,22.72,1417.73,2025-05-14,True
2025-05-01,14.25,711.36,2025-06-13,True
2025-06-01,28.51,1779.02,2025-07-14,True
2022-06-01,26.02,1623.65,2022-07-19,True
2022-07-01,20.5,2824.9,2022-08-18,False
2022-08-01,29.62,4033.89,2022-09-18,False
2022-09-01,23.49,1465.78,2022-10-19,True
2022-10-01,19.81,1236.14,2022-11-18,True
2022-11-01,17.99,1122.58,2022-12-19,True
2022-12-01,15.42,962.21,2023-01-18,True
2023-01-01,4.38,170.82,2023-02-18,True
2023-02-01,15.74,1993.83,2023-03-20,False
2023-03-01,19.37,1208.69,2023-04-18,True
2023-04-01,25.16,1569.98,2023-05-19,True
2023-05-01,5.87,228.94,2023-06-18,True
2023-06-01,80.76,9721.88,2023-07-19,False
2023-07-01,30.0,1872.0,2023-08-18,True
2023-08-01,18.31,2146.07,2023-09-18,False
2023-09-01,22.25,1388.4,2023-10-19,True
2023-10-01,20.15,2297.83,2023-11-18,False
2023-11-01,15.32,955.97,2023-12-19,True
2023-12-01,9.36,467.26,2024-01-18,True
2024-01-01,18.4,1148.16,2024-02-18,True
2024-02-01,12.96,646.97,2024-03-20,True
2024-03-01,9.77,487.72,2024-04-18,True
2024-04-01,13.7,683.9,2024-05-19,True
2024-05-01,16.21,1668.97,2024-06-18,False
2024-06-01,26.41,2690.33,2024-07-09,False
2024-07-01,142.19,8872.66,2024-08-08,True
2024-08-01,26.94,1681.06,2024-09-08,True
2024-09-01,12.99,648.46,2024-10-09,True
2024-10-01,24.94,2382.37,2024-11-08,False
2024-11-01,19.48,1215.55,2024-12-09,True
2024-12-01,11.57,577.57,2025-01-08,True
2025-01-01,17.69,1103.86,2025-02-08,True
2025-02-01,14.98,747.8,2025-03-11,True
2025-03-01,8.51,424.82,2025-04-08,True
2025-04-01,22.43,1399.63,2025-05-09,True
2025-05-01,10.31,514.68,2025-06-08,True
2025-06-01,20.61,1708.32,2025-07-09,False
2025-07-01,22.81,1855.09,2025-08-08,False
2025-08-01,27.16,2165.08,2025-09-08,False
2025-09-01,16.26,1014.62,2025-10-09,True
2025-10-01,16.63,1037.71,2025-11-08,True
2025-11-01,20.33,1268.59,2025-12-09,True
2025-12-01,10.07,591.08,2026-01-08,False
2026-01-01,12.35,616.51,2026-02-08,True
2026-02-01,20.53,1440.14,2026-03-11,False
2026-03-01,23.58,1471.39,2026-04-08,True
2026-04-01,22.95,1432.08,2026-05-09,True
2026-05-01,20.49,1278.58,2026-06-08,True
2025-04-01,8.5,424.32,2025-04-24,True
2025-05-01,14.4,718.85,2025-05-24,True
2025-06-01,28.42,1773.41,2025-06-24,True
2025-07-01,34.73,2851.61,2025-07-24,False
2025-08-01,24.63,1536.91,2025-08-24,True
2025-09-01,84.5,6665.7,2025-09-24,False
2025-10-01,13.57,677.41,2025-10-24,True
2025-11-01,21.67,1352.21,2025-11-24,True
2025-12-01,9.99,498.7,2025-12-24,True
2026-01-01,108.31,6758.54,2026-01-24,True
2026-02-01,5.66,220.75,2026-02-24,True
2026-03-01,16.53,1148.37,2026-03-24,False
2026-04-01,19.29,1309.02,2026-04-24,False
2026-05-01,23.42,1461.41,2026-05-24,True
2026-06-01,20.41,1273.58,2026-06-24,True
2026-07-01,15.38,959.71,2026-07-24,True
2026-08-01,26.72,1667.33,2026-08-24,True
2026-09-01,15.41,961.58,2026-09-24,True
2026-10-01,18.59,1160.02,2026-10-24,True
2026-11-01,17.53,1093.87,2026-11-24,True
2026-12-01,13.46,671.93,2026-12-24,True
2027-01-01,10.42,520.16,2027-01-24,True
2027-02-01,7.07,352.93,2027-02-24,True
2027-03-01,13.76,686.9,2027-03-24,True
2025-05-01,17.93,1118.83,2025-06-16,True
2025-06-01,16.19,1010.26,2025-07-17,True
2025-07-01,15.89,991.54,2025-08-16,True
2025-08-01,11.19,558.6,2025-09-16,True
2025-09-01,12.73,635.48,2025-10-17,True
2025-10-01,18.84,1434.26,2025-11-16,False
2025-11-01,24.97,1558.13,2025-12-17,True
2025-12-01,4.89,190.7,2026-01-16,True
2026-01-01,18.63,1162.51,2026-02-16,True
2026-02-01,6.98,348.44,2026-03-19,True
2026-03-01,16.96,1157.96,2026-04-16,False
2026-04-01,25.83,1611.79,2026-05-17,True
2026-05-01,22.77,1420.85,2026-06-16,True
2026-06-01,17.24,1075.78,2026-07-17,True
2026-07-01,15.03,937.87,2026-08-16,True
2026-08-01,12.43,620.51,2026-09-16,True
2026-09-01,6.63,330.97,2026-10-17,False
2026-10-01,15.64,975.94,2026-11-16,False
2026-11-01,22.82,1423.97,2026-12-17,False
2026-12-01,5.01,195.38,2027-01-16,True
2027-01-01,5.99,233.62,2027-02-16,False
2027-02-01,10.21,509.69,2027-03-19,False
2027-03-01,19.05,1188.72,2027-04-16,True
2027-04-01,23.98,1496.35,2027-05-17,False
2023-06-01,27.76,1732.22,2023-07-16,True
2023-07-01,9.0,449.28,2023-08-15,True
2023-08-01,7.91,394.87,2023-09-15,True
2023-09-01,22.54,1406.5,2023-10-16,True
2023-10-01,11.76,587.06,2023-11-15,True
2023-11-01,5.57,217.22,2023-12-16,True
2023-12-01,19.49,1216.18,2024-01-15,True
2024-01-01,15.73,981.55,2024-02-15,True
2024-02-01,16.92,1055.81,2024-03-17,True
2024-03-01,5.32,207.48,2024-04-15,True
2024-04-01,19.3,1204.32,2024-05-16,True
2024-05-01,17.89,1116.34,2024-06-15,True
2024-06-01,32.1,2003.04,2024-07-16,True
2024-07-01,32.56,2031.74,2024-08-15,True
2024-08-01,20.0,1248.0,2024-09-15,True
2024-09-01,15.83,987.79,2024-10-16,True
2024-10-01,6.37,317.99,2024-11-15,True
2024-11-01,19.22,1798.0,2024-12-16,False
2024-12-01,11.06,552.12,2025-01-15,True
2025-01-01,3.66,142.75,2025-02-15,True
2025-02-01,4.11,160.3,2025-03-18,True
2025-03-01,14.35,1002.29,2025-04-15,False
2025-04-01,10.64,729.43,2025-05-16,False
2025-05-01,20.5,1279.2,2025-06-15,True
2022-05-01,18.78,1171.87,2022-06-14,True
2022-06-01,33.89,4729.97,2022-07-15,False
2022-07-01,25.43,1586.83,2022-08-14,True
2022-08-01,17.82,1111.97,2022-09-14,True
2022-09-01,16.51,2225.28,2022-10-15,False
2022-10-01,26.94,1681.06,2022-11-14,True
2022-11-01,15.03,937.87,2022-12-15,True
2022-12-01,14.35,1492.99,2023-01-14,False
2023-01-01,14.08,702.88,2023-02-14,True
2023-02-01,16.18,1009.63,2023-03-17,True
2023-03-01,21.4,1335.36,2023-04-14,True
2023-04-01,24.84,1550.02,2023-05-15,True
2023-05-01,22.46,1401.5,2023-06-14,True
2023-06-01,25.56,3082.22,2023-07-15,False
2023-07-01,28.05,1750.32,2023-08-14,True
2023-08-01,22.52,1405.25,2023-09-14,True
2023-09-01,20.16,1257.98,2023-10-15,True
2023-10-01,25.46,1588.7,2023-11-14,True
2023-11-01,19.12,1193.09,2023-12-15,True
2023-12-01,19.54,1219.3,2024-01-14,True
2024-01-01,16.04,1000.9,2024-02-14,True
2024-02-01,20.4,1272.96,2024-03-16,True
2024-03-01,18.87,1177.49,2024-04-14,True
2024-04-01,23.79,1484.5,2024-05-15,True
2024-02-01,15.67,1689.98,2024-03-16,False
2024-03-01,7.54,376.39,2024-04-14,True
2024-04-01,18.76,1170.62,2024-05-15,True
2024-05-01,5.65,364.3,2024-06-14,False
2024-06-01,17.28,1078.27,2024-07-15,True
2024-07-01,12.21,609.53,2024-08-14,True
2024-08-01,23.73,1480.75,2024-09-14,True
2024-09-01,7.56,377.4,2024-10-15,True
2024-10-01,18.72,1168.13,2024-11-14,True
2024-11-01,24.92,1555.01,2024-12-15,True
2024-12-01,11.8,868.86,2025-01-14,False
2025-01-01,11.72,847.85,2025-02-14,False
2025-02-01,17.61,1564.04,2025-03-17,False
2025-03-01,10.07,502.69,2025-04-14,True
2025-04-01,13.76,943.92,2025-05-15,False
2025-05-01,24.47,1526.93,2025-06-14,True
2025-06-01,13.57,896.44,2025-07-15,False
2025-07-01,152.29,9502.9,2025-08-14,True
2025-08-01,14.76,736.82,2025-09-14,True
2025-09-01,12.12,754.27,2025-10-15,False
2025-10-01,24.39,1521.94,2025-11-14,True
2025-11-01,25.16,1569.98,2025-12-15,True
2025-12-01,14.72,734.82,2026-01-14,True
2026-01-01,15.83,987.79,2026-02-14,True
2022-05-01,20.41,1273.58,2022-06-18,True
2022-06-01,12.8,638.98,2022-07-19,True
2022-07-01,15.7,979.68,2022-08-18,True
2022-08-01,23.71,1479.5,2022-09-18,True
2022-09-01,18.04,1125.7,2022-10-19,True
2022-10-01,48.66,3036.38,2022-11-18,True
2022-11-01,17.06,2241.74,2022-12-19,False
2022-12-01,6.34,316.49,2023-01-18,True
2023-01-01,11.61,579.58,2023-02-18,True
2023-02-01,19.67,1227.41,2023-03-20,True
2023-03-01,73.19,9160.76,2023-04-18,False
2023-04-01,16.41,2027.48,2023-05-19,False
2023-05-01,5.96,454.42,2023-06-18,False
2023-06-01,29.62,1848.29,2023-07-19,True
2023-07-01,34.05,2124.72,2023-08-18,True
2023-08-01,13.15,656.45,2023-09-18,True
2023-09-01,17.03,1062.67,2023-10-19,True
2023-10-01,13.68,682.91,2023-11-18,True
2023-11-01,10.92,545.12,2023-12-19,True
2023-12-01,15.18,947.23,2024-01-18,True
2024-01-01,21.75,1357.2,2024-02-18,True
2024-02-01,15.76,983.42,2024-03-20,True
2024-03-01,12.63,630.49,2024-04-18,True
2024-04-01,7.51,374.9,2024-05-19,True
2025-02-01,14.85,741.31,2025-03-12,True
2025-03-01,11.51,806.81,2025-04-09,False
2025-04-01,20.3,1266.72,2025-05-10,True
2025-05-01,18.93,1181.23,2025-06-09,True
2025-06-01,14.49,723.34,2025-07-10,True
2025-07-01,32.59,2033.62,2025-08-09,True
2025-08-01,12.87,642.47,2025-09-09,True
2025-09-01,24.82,1937.25,2025-10-10,False
2025-10-01,12.98,647.96,2025-11-09,True
2025-11-01,11.7,584.06,2025-12-10,True
2025-12-01,3.81,148.58,2026-01-09,True
2026-01-01,11.75,586.56,2026-02-09,True
2026-02-01,15.75,1104.01,2026-03-12,False
2026-03-01,16.78,1047.07,2026-04-09,True
2026-04-01,15.21,1019.49,2026-05-10,False
2026-05-01,19.35,1266.81,2026-06-09,False
2026-06-01,30.2,1884.48,2026-07-10,True
2026-07-01,17.85,1113.84,2026-08-09,False
2026-08-01,15.86,989.66,2026-09-09,True
2026-09-01,25.2,1572.48,2026-10-10,True
2026-10-01,20.0,1248.0,2026-11-09,True
2026-11-01,21.03,1312.27,2026-12-10,True
2026-12-01,18.26,1139.42,2027-01-09,True
2027-01-01,9.36,467.26,2027-02-09,True
2026-03-01,17.18,1072.03,2026-03-30,True
2026-04-01,19.98,1246.75,2026-04-30,True
2026-05-01,19.81,1236.14,2026-05-30,True
2026-06-01,29.02,1868.19,2026-06-30,False
2026-07-01,25.92,1617.41,2026-07-30,True
2026-08-01,24.78,1546.27,2026-08-30,True
2026-09-01,22.66,1413.98,2026-09-30,True
2026-10-01,17.09,1066.42,2026-10-30,False
2026-11-01,20.35,1269.84,2026-11-30,True
2026-12-01,13.26,661.94,2026-12-30,True
2027-01-01,6.84,341.45,2027-01-30,True
2027-02-01,20.2,1260.48,2027-03-02,False
2027-03-01,16.22,1012.13,2027-03-30,True
2027-04-01,13.04,650.95,2027-04-30,True
2027-05-01,79.06,4933.34,2027-05-30,True
2027-06-01,15.21,949.1,2027-06-30,True
2027-07-01,17.91,1117.58,2027-07-30,True
2027-08-01,7.62,380.39,2027-08-30,False
2027-09-01,53.97,3367.73,2027-09-30,True
2027-10-01,7.05,351.94,2027-10-30,True
2027-11-01,14.52,724.84,2027-11-30,True
2027-12-01,10.27,512.68,2027-12-30,True
2028-01-01,8.79,438.79,2028-01-30,True
2028-02-01,9.83,490.72,2028-03-01,True
2025-11-01,19.36,1208.06,2025-12-11,True
2025-12-01,13.89,693.38,2026-01-10,True
2026-01-01,8.58,428.32,2026-02-10,True
2026-02-01,19.02,1186.85,2026-03-13,True
2026-03-01,21.56,1345.34,2026-04-10,True
2026-04-01,17.12,1146.63,2026-05-11,False
2026-05-01,29.16,1819.58,2026-06-10,True
2026-06-01,26.58,1658.59,2026-07-11,True
2026-07-01,11.04,551.11,2026-08-10,True
2026-08-01,17.08,1065.79,2026-09-10,True
2026-09-01,8.69,433.8,2026-10-11,True
2026-10-01,5.54,216.07,2026-11-10,True
2026-11-01,13.44,670.92,2026-12-11,True
2026-12-01,17.24,1075.78,2027-01-10,True
2027-01-01,15.91,992.78,2027-02-10,False
2027-02-01,16.47,1027.73,2027-03-13,False
2027-03-01,25.37,1583.09,2027-04-10,False
2027-04-01,23.11,1442.06,2027-05-11,True
2027-05-01,6.48,323.48,2027-06-10,True
2027-06-01,11.28,563.1,2027-07-11,False
2027-07-01,29.16,1819.58,2027-08-10,True
2027-08-01,17.04,1063.3,2027-09-10,False
2027-09-01,21.48,1340.35,2027-10-11,True
2027-10-01,10.05,501.7,2027-11-10,True
2022-01-01,17.54,2603.09,2022-01-26,False
2022-02-01,13.33,665.44,2022-02-26,True
2022-03-01,10.88,543.13,2022-03-26,True
2022-04-01,18.33,2634.53,2022-04-26,False
2022-05-01,10.56,1201.05,2022-05-26,False
2022-06-01,11.81,1327.98,2022-06-26,False
2022-07-01,13.64,1516.7,2022-07-26,False
2022-08-01,22.04,1375.3,2022-08-26,True
2022-09-01,22.67,1414.61,2022-09-26,True
2022-10-01,8.6,429.31,2022-10-26,True
2022-11-01,19.14,2537.97,2022-11-26,False
2022-12-01,12.39,618.5,2022-12-26,True
2023-01-01,21.86,1364.06,2023-01-26,True
2023-02-01,13.29,663.43,2023-02-26,True
2023-03-01,6.04,301.51,2023-03-26,True
2023-04-01,11.76,587.06,2023-04-26,True
2023-05-01,23.58,1471.39,2023-05-26,True
2023-06-01,13.58,677.92,2023-06-26,True
2023-07-01,19.77,1233.65,2023-07-26,True
2023-08-01,10.48,523.16,2023-08-26,True
2023-09-01,20.87,1302.29,2023-09-26,True
2023-10-01,5.22,203.58,2023-10-26,True
2023-11-01,25.45,1588.08,2023-11-26,True
2023-12-01,19.69,2206.47,2023-12-26,False
2023-04-01,7.28,363.42,2023-05-03,True
2023-05-01,19.98,1246.75,2023-06-02,True
2023-06-01,26.68,1664.83,2023-07-03,True
2023-07-01,25.72,3077.45,2023-08-02,False
2023-08-01,25.61,1598.06,2023-09-02,True
2023-09-01,20.25,1263.6,2023-10-03,True
2023-10-01,17.31,1988.36,2023-11-02,False
2023-11-01,6.4,319.49,2023-12-03,True
2023-12-01,14.86,741.82,2024-01-02,True
2024-01-01,12.84,640.97,2024-02-02,True
2024-02-01,8.0,399.36,2024-03-04,True
2024-03-01,19.24,1200.58,2024-04-02,True
2024-04-01,16.81,1770.96,2024-05-03,False
2024-05-01,8.39,696.64,2024-06-02,False
2024-06-01,37.76,2356.22,2024-07-03,True
2024-07-01,26.27,1639.25,2024-08-02,True
2024-08-01,145.38,9071.71,2024-09-02,True
2024-09-01,27.2,1697.28,2024-10-03,True
2024-10-01,14.64,730.82,2024-11-02,True
2024-11-01,24.08,1502.59,2024-12-03,True
2024-12-01,11.24,561.1,2025-01-02,True
2025-01-01,9.21,459.77,2025-02-02,True
2025-02-01,16.21,1011.5,2025-03-05,True
2025-03-01,24.68,2171.44,2025-04-02,False
2024-05-01,24.41,2542.44,2024-05-26,False
2024-06-01,36.03,3694.66,2024-06-26,False
2024-07-01,25.56,1594.94,2024-07-26,True
2024-08-01,22.11,2197.11,2024-08-26,False
2024-09-01,11.7,915.03,2024-09-26,False
2024-10-01,5.06,197.35,2024-10-26,True
2024-11-01,13.07,652.45,2024-11-26,True
2024-12-01,10.48,523.16,2024-12-26,True
2025-01-01,12.64,630.98,2025-01-26,True
2025-02-01,8.52,425.32,2025-02-26,True
2025-03-01,14.01,699.38,2025-03-26,True
2025-04-01,11.4,569.09,2025-04-26,True
2025-05-01,14.85,1011.89,2025-05-26,False
2025-06-01,9.57,477.73,2025-06-26,True
2025-07-01,12.04,789.85,2025-07-26,False
2025-08-01,14.6,938.98,2025-08-26,False
2025-09-01,25.07,1564.37,2025-09-26,True
2025-10-01,19.35,1207.44,2025-10-26,True
2025-11-01,17.83,1112.59,2025-11-26,True
2025-12-01,11.3,669.4,2025-12-26,False
2026-01-01,9.45,547.61,2026-01-26,False
2026-02-01,8.53,425.82,2026-02-26,True
2026-03-01,10.26,512.18,2026-03-26,True
2026-04-01,12.15,606.53,2026-04-26,True
